Client_Num,Card_Category,Annual_Fees,Activation_30_Days,Customer_Acq_Cost,Week_Start_Date,Week_Num,Qtr,current_year,Credit_Limit,Total_Revolving_Bal,Total_Trans_Amt,Total_Trans_Vol,Avg_Utilization_Ratio,Use Chip,Exp Type,Interest_Earned,Delinquent_Acc
CUST_00001,Blue,200,0,87,01-01-2023,Week-1,Q1,2023,3544.0,1661,15149,111,0.469,Chip ,Travel,4393.21,0
CUST_00004,Blue,250,1,150,01-01-2023,Week-1,Q1,2023,1438.3,0,3940,82,0.0,Online ,Grocery,236.4,0
CUST_00009,Blue,200,1,64,01-01-2023,Week-1,Q1,2023,2679.0,2277,4943,85,0.85,Chip ,Food,988.6,0
CUST_00011,Blue,455,1,118,01-01-2023,Week-1,Q1,2023,1438.3,890,2928,48,0.619,Swipe ,Fuel,732.0,0
CUST_00013,Blue,440,1,86,01-01-2023,Week-1,Q1,2023,23510.0,1049,1661,35,0.045,Swipe ,Grocery,465.08,0
CUST_00015,Blue,360,0,70,01-01-2023,Week-1,Q1,2023,1880.0,0,2469,34,0.0,Chip ,Bills,419.73,1
CUST_00018,Silver,355,0,78,01-01-2023,Week-1,Q1,2023,11463.0,0,14511,105,0.0,Swipe ,Fuel,3047.31,0
CUST_00020,Blue,125,1,105,01-01-2023,Week-1,Q1,2023,1814.0,0,5014,99,0.0,Swipe ,Entertainment,1303.64,0
CUST_00021,Blue,350,1,77,01-01-2023,Week-1,Q1,2023,2072.0,1544,4210,64,0.745,Chip ,Entertainment,884.1,0
CUST_00024,Blue,110,1,73,01-01-2023,Week-1,Q1,2023,2616.0,801,4655,68,0.306,Swipe ,Entertainment,605.15,0
CUST_00030,Blue,335,1,101,01-01-2023,Week-1,Q1,2023,18512.0,1664,8019,57,0.09,Swipe ,Food,721.71,0
CUST_00031,Blue,375,0,150,01-01-2023,Week-1,Q1,2023,34516.0,1802,7936,101,0.052,Swipe ,Fuel,634.88,0
CUST_00032,Blue,250,0,82,01-01-2023,Week-1,Q1,2023,1438.3,811,2336,46,0.564,Chip ,Fuel,630.72,0
CUST_00034,Blue,110,1,131,01-01-2023,Week-1,Q1,2023,3031.0,2517,2188,50,0.83,Swipe ,Bills,350.08,1
CUST_00036,Blue,150,1,99,01-01-2023,Week-1,Q1,2023,6629.0,1389,3891,69,0.21,Swipe ,Fuel,466.92,0
CUST_00037,Blue,420,0,88,01-01-2023,Week-1,Q1,2023,3250.0,1992,1355,36,0.613,Swipe ,Entertainment,189.7,1
CUST_00038,Platinum,470,0,158,01-01-2023,Week-1,Q1,2023,34516.0,638,13085,139,0.018,Swipe ,Bills,2355.3,0
CUST_00040,Blue,100,1,104,01-01-2023,Week-1,Q1,2023,1864.0,1081,2607,44,0.58,Swipe ,Fuel,312.84,0
CUST_00042,Blue,175,1,69,01-01-2023,Week-1,Q1,2023,5535.0,1276,1764,38,0.231,Swipe ,Fuel,194.04,0
CUST_00046,Blue,110,1,74,01-01-2023,Week-1,Q1,2023,3178.0,1118,2010,31,0.352,Swipe ,Bills,180.9,0
CUST_00047,Blue,195,1,102,01-01-2023,Week-1,Q1,2023,1819.0,725,2254,45,0.399,Swipe ,Bills,270.48,0
CUST_00048,Blue,175,0,113,01-01-2023,Week-1,Q1,2023,2920.0,2426,2750,41,0.831,Swipe ,Food,632.5,0
CUST_00049,Blue,340,0,148,01-01-2023,Week-1,Q1,2023,14480.0,0,1616,43,0.0,Online ,Entertainment,387.84,0
CUST_00051,Blue,225,0,111,01-01-2023,Week-1,Q1,2023,30543.0,264,7784,63,0.009,Online ,Food,622.72,1
CUST_00058,Blue,300,1,93,01-01-2023,Week-1,Q1,2023,4088.0,1557,2250,39,0.381,Swipe ,Bills,157.5,1
CUST_00059,Blue,475,0,96,01-01-2023,Week-1,Q1,2023,14035.0,2061,1606,30,0.147,Swipe ,Bills,385.44,1
CUST_00060,Blue,300,1,95,01-01-2023,Week-1,Q1,2023,9959.0,1143,7300,77,0.115,Swipe ,Grocery,803.0,1
CUST_00062,Blue,125,1,109,01-01-2023,Week-1,Q1,2023,2310.0,1513,4191,77,0.655,Chip ,Food,712.47,0
CUST_00064,Blue,430,1,105,01-01-2023,Week-1,Q1,2023,2228.0,1480,4431,71,0.664,Swipe ,Grocery,841.89,0
CUST_00066,Gold,415,0,96,01-01-2023,Week-1,Q1,2023,34516.0,831,13247,107,0.024,Swipe ,Food,1192.23,0
CUST_00069,Blue,200,0,88,01-01-2023,Week-1,Q1,2023,2239.0,1340,4540,73,0.598,Chip ,Entertainment,635.6,0
CUST_00071,Blue,95,0,73,01-01-2023,Week-1,Q1,2023,2972.0,0,922,25,0.0,Swipe ,Bills,138.3,0
CUST_00074,Blue,405,1,91,01-01-2023,Week-1,Q1,2023,2793.0,1517,3485,72,0.543,Swipe ,Food,383.35,0
CUST_00077,Blue,300,1,92,01-01-2023,Week-1,Q1,2023,4844.0,1576,1489,48,0.325,Swipe ,Fuel,253.13,0
CUST_00080,Blue,325,1,73,01-01-2023,Week-1,Q1,2023,2968.0,1873,5171,85,0.631,Swipe ,Fuel,1241.04,0
CUST_00081,Blue,200,0,110,01-01-2023,Week-1,Q1,2023,3761.0,1710,3240,65,0.455,Swipe ,Fuel,550.8,0
CUST_00082,Blue,150,1,86,01-01-2023,Week-1,Q1,2023,2057.0,1279,4321,76,0.622,Chip ,Food,1123.46,0
CUST_00085,Blue,335,1,102,01-01-2023,Week-1,Q1,2023,2029.0,1377,4014,86,0.679,Chip ,Entertainment,1003.5,0
CUST_00088,Blue,355,1,112,01-01-2023,Week-1,Q1,2023,34516.0,0,3734,80,0.0,Swipe ,Fuel,522.76,0
CUST_00089,Blue,375,0,91,01-01-2023,Week-1,Q1,2023,1760.0,0,1554,35,0.0,Swipe ,Bills,279.72,0
CUST_00093,Blue,360,1,118,01-01-2023,Week-1,Q1,2023,5639.0,1547,647,15,0.274,Swipe ,Bills,135.87,1
CUST_00094,Silver,355,1,109,01-01-2023,Week-1,Q1,2023,13608.0,1190,3118,76,0.087,Chip ,Entertainment,841.86,1
CUST_00096,Blue,150,1,59,01-01-2023,Week-1,Q1,2023,27389.0,1250,2754,60,0.046,Online ,Bills,247.86,1
CUST_00097,Blue,250,0,106,01-01-2023,Week-1,Q1,2023,3549.0,1880,1215,22,0.53,Swipe ,Travel,230.85,1
CUST_00100,Blue,245,0,110,01-01-2023,Week-1,Q1,2023,7882.0,605,704,16,0.077,Swipe ,Travel,197.12,1
CUST_00102,Blue,175,0,88,01-01-2023,Week-1,Q1,2023,1770.0,1706,4940,94,0.964,Swipe ,Grocery,1037.4,0
CUST_00103,Blue,345,0,89,01-01-2023,Week-1,Q1,2023,3086.0,0,4129,81,0.0,Swipe ,Food,371.61,0
CUST_00104,Blue,245,1,61,01-01-2023,Week-1,Q1,2023,2464.0,2116,2110,43,0.859,Swipe ,Food,274.3,0
CUST_00105,Blue,100,1,111,01-01-2023,Week-1,Q1,2023,5659.0,1393,1570,40,0.246,Swipe ,Fuel,298.3,0
CUST_00107,Blue,300,0,92,01-01-2023,Week-1,Q1,2023,4116.0,1473,8667,70,0.358,Online ,Travel,1820.07,0
CUST_00108,Blue,290,1,118,01-01-2023,Week-1,Q1,2023,1522.0,0,2241,36,0.0,Swipe ,Food,403.38,0
CUST_00109,Blue,290,1,70,01-01-2023,Week-1,Q1,2023,1548.0,0,4420,71,0.0,Chip ,Bills,707.2,0
CUST_00112,Blue,470,1,111,01-01-2023,Week-1,Q1,2023,3471.0,0,14381,115,0.0,Swipe ,Fuel,3163.82,0
CUST_00119,Blue,465,1,42,01-01-2023,Week-1,Q1,2023,2509.0,1144,1804,38,0.456,Swipe ,Grocery,378.84,0
CUST_00120,Blue,200,0,58,01-01-2023,Week-1,Q1,2023,14938.0,0,8192,80,0.0,Swipe ,Bills,491.52,0
CUST_00132,Blue,245,0,97,01-01-2023,Week-1,Q1,2023,2147.0,771,4631,76,0.359,Chip ,Bills,787.27,0
CUST_00133,Blue,245,1,93,01-01-2023,Week-1,Q1,2023,2292.0,0,2584,60,0.0,Swipe ,Bills,335.92,0
CUST_00136,Blue,245,1,88,01-01-2023,Week-1,Q1,2023,1561.0,0,1947,28,0.0,Swipe ,Bills,175.23,0
CUST_00145,Blue,395,1,68,01-01-2023,Week-1,Q1,2023,4549.0,1313,4782,88,0.289,Chip ,Fuel,1243.32,0
CUST_00150,Blue,245,0,93,01-01-2023,Week-1,Q1,2023,2845.0,1153,3730,66,0.405,Swipe ,Fuel,634.1,0
CUST_00158,Blue,225,1,115,01-01-2023,Week-1,Q1,2023,11789.0,1420,1463,32,0.12,Swipe ,Bills,365.75,0
CUST_00165,Blue,385,0,92,01-01-2023,Week-1,Q1,2023,3850.0,0,15107,117,0.0,Chip ,Entertainment,2417.12,1
CUST_00169,Blue,175,1,44,01-01-2023,Week-1,Q1,2023,10244.0,861,1127,29,0.084,Swipe ,Bills,202.86,0
CUST_00170,Blue,380,1,92,01-01-2023,Week-1,Q1,2023,5815.0,1698,1604,42,0.292,Swipe ,Entertainment,352.88,0
CUST_00173,Blue,325,0,105,01-01-2023,Week-1,Q1,2023,6680.0,1839,7632,95,0.275,Swipe ,Bills,1984.32,0
CUST_00178,Blue,460,0,95,01-01-2023,Week-1,Q1,2023,2163.0,932,2229,57,0.431,Swipe ,Bills,534.96,0
CUST_00181,Blue,395,0,83,01-01-2023,Week-1,Q1,2023,16547.0,1521,1782,48,0.092,Swipe ,Entertainment,267.3,0
CUST_00182,Blue,125,0,161,01-01-2023,Week-1,Q1,2023,2515.0,1922,2231,58,0.764,Swipe ,Bills,267.72,0
CUST_00186,Blue,375,1,107,01-01-2023,Week-1,Q1,2023,1902.0,0,3731,53,0.0,Swipe ,Fuel,559.65,0
CUST_00197,Blue,300,1,81,08-01-2023,Week-2,Q1,2023,4905.0,2413,15478,109,0.492,Swipe ,Food,3714.72,0
CUST_00200,Blue,420,0,78,08-01-2023,Week-2,Q1,2023,3809.0,1172,4314,81,0.308,Swipe ,Food,301.98,0
CUST_00210,Blue,190,1,100,08-01-2023,Week-2,Q1,2023,2904.0,2517,2653,46,0.867,Swipe ,Entertainment,583.66,0
CUST_00211,Blue,125,1,51,08-01-2023,Week-2,Q1,2023,3862.0,0,4058,81,0.0,Chip ,Fuel,243.48,0
CUST_00212,Blue,395,1,92,08-01-2023,Week-2,Q1,2023,19897.0,2232,3979,63,0.112,Chip ,Entertainment,1034.54,0
CUST_00213,Blue,200,0,74,08-01-2023,Week-2,Q1,2023,2495.0,2061,4399,70,0.826,Swipe ,Entertainment,659.85,0
CUST_00215,Blue,150,1,105,08-01-2023,Week-2,Q1,2023,1438.3,986,5136,81,0.686,Swipe ,Entertainment,1027.2,0
CUST_00218,Blue,425,0,147,08-01-2023,Week-2,Q1,2023,2148.0,1103,4711,64,0.514,Swipe ,Food,1366.19,0
CUST_00222,Blue,460,0,52,08-01-2023,Week-2,Q1,2023,1770.0,584,4442,83,0.33,Chip ,Bills,310.94,0
CUST_00223,Blue,460,1,94,08-01-2023,Week-2,Q1,2023,3714.0,2517,4715,85,0.678,Chip ,Bills,1037.3,0
CUST_00230,Blue,455,1,110,08-01-2023,Week-2,Q1,2023,2637.0,1272,1569,39,0.482,Swipe ,Travel,156.9,0
CUST_00231,Gold,275,1,92,08-01-2023,Week-2,Q1,2023,23981.0,1788,1421,34,0.075,Swipe ,Bills,85.26,0
CUST_00234,Blue,395,0,82,08-01-2023,Week-2,Q1,2023,3111.0,2517,2367,41,0.809,Chip ,Fuel,639.09,0
CUST_00240,Blue,200,0,51,08-01-2023,Week-2,Q1,2023,2858.0,1251,2844,73,0.438,Swipe ,Grocery,170.64,0
CUST_00246,Blue,500,1,99,08-01-2023,Week-2,Q1,2023,1960.0,1690,3870,67,0.862,Chip ,Grocery,580.5,1
CUST_00248,Blue,100,1,113,08-01-2023,Week-2,Q1,2023,4369.0,2049,3259,80,0.469,Swipe ,Fuel,358.49,1
CUST_00249,Blue,125,1,59,08-01-2023,Week-2,Q1,2023,6053.0,2001,2208,59,0.331,Swipe ,Bills,441.6,1
CUST_00252,Blue,475,0,84,08-01-2023,Week-2,Q1,2023,5242.0,1465,4098,68,0.279,Swipe ,Fuel,1147.44,0
CUST_00253,Blue,245,0,78,08-01-2023,Week-2,Q1,2023,11336.0,0,1809,39,0.0,Swipe ,Bills,452.25,0
CUST_00258,Blue,450,1,120,08-01-2023,Week-2,Q1,2023,17116.0,1289,3632,50,0.075,Swipe ,Grocery,726.4,0
CUST_00260,Blue,350,0,117,08-01-2023,Week-2,Q1,2023,2043.0,1928,2311,57,0.944,Swipe ,Bills,462.2,0
CUST_00262,Blue,225,1,51,08-01-2023,Week-2,Q1,2023,6114.0,1461,2608,36,0.239,Swipe ,Entertainment,443.36,0
CUST_00264,Blue,125,1,120,08-01-2023,Week-2,Q1,2023,5267.0,0,1353,24,0.0,Swipe ,Entertainment,392.37,0
CUST_00266,Blue,480,1,95,08-01-2023,Week-2,Q1,2023,1737.0,1689,2459,43,0.972,Swipe ,Grocery,516.39,0
CUST_00268,Blue,455,1,48,08-01-2023,Week-2,Q1,2023,14270.0,0,1222,37,0.0,Swipe ,Fuel,73.32,0
CUST_00275,Blue,125,1,56,08-01-2023,Week-2,Q1,2023,34516.0,2517,3990,65,0.073,Swipe ,Food,598.5,0
CUST_00287,Blue,100,0,140,08-01-2023,Week-2,Q1,2023,34516.0,2156,8766,78,0.062,Online ,Bills,1753.2,0
CUST_00291,Blue,110,0,89,08-01-2023,Week-2,Q1,2023,2045.0,1707,2183,39,0.835,Swipe ,Entertainment,480.26,0
CUST_00292,Blue,200,1,147,08-01-2023,Week-2,Q1,2023,2804.0,2090,2812,77,0.745,Swipe ,Fuel,731.12,0
CUST_00293,Blue,270,1,124,08-01-2023,Week-2,Q1,2023,1584.0,1214,2628,41,0.766,Online ,Bills,341.64,0
CUST_00294,Blue,110,1,99,08-01-2023,Week-2,Q1,2023,2809.0,0,2466,40,0.0,Chip ,Grocery,320.58,0
CUST_00296,Blue,190,1,96,08-01-2023,Week-2,Q1,2023,2422.0,502,2548,46,0.207,Chip ,Bills,662.48,0
CUST_00304,Blue,245,0,103,08-01-2023,Week-2,Q1,2023,3413.0,1715,3843,67,0.502,Swipe ,Bills,807.03,0
CUST_00305,Blue,430,1,60,08-01-2023,Week-2,Q1,2023,2262.0,0,4113,83,0.0,Chip ,Entertainment,246.78,0
CUST_00312,Blue,280,0,105,08-01-2023,Week-2,Q1,2023,4112.0,0,2949,54,0.0,Swipe ,Bills,235.92,0
CUST_00316,Blue,250,1,80,08-01-2023,Week-2,Q1,2023,3498.0,0,2512,56,0.0,Swipe ,Bills,602.88,0
CUST_00317,Blue,200,0,163,08-01-2023,Week-2,Q1,2023,9875.0,1239,8920,105,0.125,Swipe ,Bills,2586.8,0
CUST_00319,Blue,250,0,117,08-01-2023,Week-2,Q1,2023,2827.0,1182,4583,72,0.418,Chip ,Bills,366.64,0
CUST_00320,Blue,150,1,115,08-01-2023,Week-2,Q1,2023,2485.0,1489,3697,77,0.599,Swipe ,Fuel,702.43,0
CUST_00322,Blue,280,1,102,08-01-2023,Week-2,Q1,2023,4207.0,0,15124,108,0.0,Chip ,Travel,1814.88,0
CUST_00324,Blue,200,0,78,08-01-2023,Week-2,Q1,2023,8279.0,1582,4419,63,0.191,Swipe ,Food,883.8,0
CUST_00331,Blue,450,1,83,08-01-2023,Week-2,Q1,2023,5774.0,1519,4444,70,0.263,Chip ,Bills,488.84,0
CUST_00333,Blue,285,0,73,08-01-2023,Week-2,Q1,2023,2723.0,1588,4307,83,0.583,Swipe ,Fuel,818.33,0
CUST_00334,Blue,360,1,112,08-01-2023,Week-2,Q1,2023,18064.0,2039,4435,88,0.113,Swipe ,Entertainment,975.7,0
CUST_00335,Blue,175,0,85,08-01-2023,Week-2,Q1,2023,6167.0,0,1648,43,0.0,Swipe ,Fuel,412.0,0
CUST_00336,Blue,245,1,64,08-01-2023,Week-2,Q1,2023,6748.0,1467,1201,42,0.217,Swipe ,Bills,216.18,0
CUST_00338,Blue,195,1,96,08-01-2023,Week-2,Q1,2023,2533.0,2136,3197,50,0.843,Chip ,Entertainment,287.73,0
CUST_00347,Blue,460,1,85,08-01-2023,Week-2,Q1,2023,10360.0,2517,2414,28,0.243,Chip ,Bills,386.24,0
CUST_00348,Blue,100,1,149,08-01-2023,Week-2,Q1,2023,12702.0,2008,1992,40,0.158,Swipe ,Fuel,577.68,0
CUST_00350,Silver,445,1,106,08-01-2023,Week-2,Q1,2023,6509.0,2033,1409,37,0.312,Swipe ,Bills,239.53,0
CUST_00351,Blue,415,1,57,08-01-2023,Week-2,Q1,2023,21756.0,0,3063,71,0.0,Swipe ,Bills,735.12,0
CUST_00354,Blue,175,0,40,08-01-2023,Week-2,Q1,2023,13399.0,2505,1326,31,0.187,Swipe ,Bills,371.28,0
CUST_00355,Silver,175,0,116,08-01-2023,Week-2,Q1,2023,19713.0,531,8301,70,0.027,Chip ,Travel,1328.16,0
CUST_00361,Blue,245,0,75,08-01-2023,Week-2,Q1,2023,6062.0,761,3877,66,0.126,Swipe ,Bills,542.78,0
CUST_00368,Blue,140,0,157,08-01-2023,Week-2,Q1,2023,3307.0,2234,4006,68,0.676,Chip ,Bills,1121.68,0
CUST_00373,Blue,485,1,77,08-01-2023,Week-2,Q1,2023,6361.0,694,1499,31,0.109,Swipe ,Bills,344.77,0
CUST_00374,Blue,150,1,112,08-01-2023,Week-2,Q1,2023,4068.0,0,5161,83,0.0,Chip ,Entertainment,1135.42,0
CUST_00377,Blue,335,1,86,08-01-2023,Week-2,Q1,2023,4196.0,1331,14545,116,0.317,Chip ,Bills,1890.85,0
CUST_00380,Blue,440,1,77,08-01-2023,Week-2,Q1,2023,23209.0,1308,3530,71,0.056,Swipe ,Grocery,776.6,0
CUST_00382,Silver,250,1,101,08-01-2023,Week-2,Q1,2023,28701.0,0,3516,57,0.0,Swipe ,Entertainment,597.72,0
CUST_00386,Blue,175,1,85,08-01-2023,Week-2,Q1,2023,11343.0,0,8027,94,0.0,Swipe ,Food,1123.78,0
CUST_00389,Blue,245,1,79,08-01-2023,Week-2,Q1,2023,3970.0,892,13697,102,0.225,Chip ,Travel,2602.43,0
CUST_00394,Blue,370,0,116,15-01-2023,Week-3,Q1,2023,2717.0,0,3150,59,0.0,Swipe ,Bills,630.0,0
CUST_00395,Blue,250,1,159,15-01-2023,Week-3,Q1,2023,3022.0,895,2724,38,0.296,Swipe ,Entertainment,572.04,0
CUST_00400,Blue,395,1,77,15-01-2023,Week-3,Q1,2023,2925.0,2365,1371,30,0.809,Swipe ,Entertainment,342.75,1
CUST_00401,Blue,175,0,92,15-01-2023,Week-3,Q1,2023,1621.0,787,4719,73,0.486,Swipe ,Entertainment,1038.18,1
CUST_00403,Blue,100,1,54,15-01-2023,Week-3,Q1,2023,13169.0,1499,4370,83,0.114,Swipe ,Fuel,874.0,1
CUST_00404,Blue,220,1,110,15-01-2023,Week-3,Q1,2023,12856.0,0,3364,61,0.0,Swipe ,Grocery,908.28,1
CUST_00409,Blue,195,0,93,15-01-2023,Week-3,Q1,2023,3601.0,1236,1802,34,0.343,Online ,Grocery,108.12,1
CUST_00411,Blue,345,1,51,15-01-2023,Week-3,Q1,2023,11851.0,0,4498,73,0.0,Swipe ,Entertainment,674.7,0
CUST_00412,Blue,290,0,157,15-01-2023,Week-3,Q1,2023,1959.0,662,3046,52,0.338,Swipe ,Bills,883.34,0
CUST_00417,Blue,490,0,86,15-01-2023,Week-3,Q1,2023,2533.0,0,5128,74,0.0,Swipe ,Entertainment,512.8,0
CUST_00419,Blue,200,1,111,15-01-2023,Week-3,Q1,2023,2001.0,1366,4590,66,0.683,Swipe ,Grocery,872.1,0
CUST_00428,Blue,455,0,80,15-01-2023,Week-3,Q1,2023,3212.0,0,757,20,0.0,Swipe ,Bills,196.82,0
CUST_00430,Blue,400,0,151,15-01-2023,Week-3,Q1,2023,9389.0,727,3415,84,0.077,Swipe ,Bills,512.25,0
CUST_00433,Blue,100,0,105,15-01-2023,Week-3,Q1,2023,3310.0,0,14542,89,0.0,Chip ,Food,1308.78,0
CUST_00434,Blue,285,0,119,15-01-2023,Week-3,Q1,2023,3471.0,1785,1052,24,0.514,Swipe ,Bills,241.96,0
CUST_00439,Silver,340,1,106,15-01-2023,Week-3,Q1,2023,18142.0,0,15427,95,0.0,Chip ,Travel,1851.24,0
CUST_00440,Blue,365,0,120,15-01-2023,Week-3,Q1,2023,8958.0,0,2131,43,0.0,Swipe ,Entertainment,554.06,0
CUST_00441,Blue,400,0,75,15-01-2023,Week-3,Q1,2023,4185.0,2517,2179,55,0.601,Swipe ,Bills,174.32,0
CUST_00446,Blue,245,1,105,15-01-2023,Week-3,Q1,2023,10417.0,2290,4871,75,0.22,Swipe ,Bills,1217.75,0
CUST_00448,Blue,125,0,98,15-01-2023,Week-3,Q1,2023,3255.0,603,4045,62,0.185,Chip ,Fuel,1132.6,0
CUST_00450,Blue,300,0,55,15-01-2023,Week-3,Q1,2023,10651.0,672,2073,54,0.063,Swipe ,Entertainment,228.03,0
CUST_00451,Blue,280,1,79,15-01-2023,Week-3,Q1,2023,18734.0,0,2112,52,0.0,Chip ,Bills,337.92,0
CUST_00454,Blue,150,1,137,15-01-2023,Week-3,Q1,2023,1655.0,0,4621,67,0.0,Swipe ,Fuel,877.99,0
CUST_00456,Gold,320,1,75,15-01-2023,Week-3,Q1,2023,15594.0,1690,16101,127,0.108,Chip ,Entertainment,2093.13,0
CUST_00457,Blue,455,0,89,15-01-2023,Week-3,Q1,2023,3783.0,0,4383,82,0.0,Chip ,Grocery,1051.92,0
CUST_00458,Silver,395,1,66,15-01-2023,Week-3,Q1,2023,34516.0,0,12920,132,0.0,Chip ,Fuel,3488.4,0
CUST_00462,Blue,295,1,98,15-01-2023,Week-3,Q1,2023,9355.0,715,1138,38,0.076,Swipe ,Fuel,68.28,0
CUST_00463,Blue,320,0,161,15-01-2023,Week-3,Q1,2023,24221.0,1274,3361,63,0.053,Swipe ,Bills,436.93,0
CUST_00466,Blue,270,1,93,15-01-2023,Week-3,Q1,2023,5544.0,1095,3829,55,0.198,Chip ,Fuel,689.22,0
CUST_00468,Blue,95,1,119,15-01-2023,Week-3,Q1,2023,1438.3,0,2207,68,0.0,Swipe ,Bills,154.49,0
CUST_00473,Blue,420,0,78,15-01-2023,Week-3,Q1,2023,1596.0,0,5678,81,0.0,Swipe ,Fuel,1533.06,0
CUST_00474,Blue,440,0,112,15-01-2023,Week-3,Q1,2023,2652.0,1911,4816,79,0.721,Swipe ,Food,385.28,0
CUST_00475,Blue,300,0,92,15-01-2023,Week-3,Q1,2023,2800.0,2517,1994,41,0.899,Swipe ,Bills,458.62,0
CUST_00481,Blue,330,0,77,15-01-2023,Week-3,Q1,2023,3096.0,0,4709,87,0.0,Swipe ,Food,282.54,0
CUST_00484,Blue,200,0,66,15-01-2023,Week-3,Q1,2023,12094.0,0,8607,90,0.0,Online ,Bills,2323.89,0
CUST_00486,Blue,340,0,76,15-01-2023,Week-3,Q1,2023,2648.0,1539,4926,89,0.581,Swipe ,Food,788.16,0
CUST_00488,Blue,385,1,88,15-01-2023,Week-3,Q1,2023,1737.0,0,4723,78,0.0,Online ,Fuel,613.99,0
CUST_00497,Blue,385,1,81,15-01-2023,Week-3,Q1,2023,5956.0,2517,2828,46,0.423,Swipe ,Grocery,565.6,0
CUST_00501,Silver,150,1,80,15-01-2023,Week-3,Q1,2023,34516.0,891,2687,64,0.026,Swipe ,Grocery,671.75,0
CUST_00504,Blue,270,1,91,15-01-2023,Week-3,Q1,2023,21684.0,1748,1329,24,0.081,Swipe ,Bills,172.77,0
CUST_00510,Blue,125,0,96,15-01-2023,Week-3,Q1,2023,4287.0,0,4874,82,0.0,Swipe ,Food,1169.76,0
CUST_00511,Blue,250,1,112,15-01-2023,Week-3,Q1,2023,2149.0,1796,5228,93,0.836,Chip ,Food,941.04,0
CUST_00512,Blue,150,0,105,15-01-2023,Week-3,Q1,2023,21670.0,2183,4121,81,0.101,Swipe ,Grocery,453.31,0
CUST_00514,Blue,175,0,82,15-01-2023,Week-3,Q1,2023,2025.0,1701,4056,71,0.84,Swipe ,Bills,486.72,0
CUST_00519,Blue,200,0,116,15-01-2023,Week-3,Q1,2023,1822.0,1605,2538,39,0.881,Chip ,Bills,228.42,0
CUST_00528,Gold,480,0,109,15-01-2023,Week-3,Q1,2023,34516.0,2517,1727,35,0.073,Swipe ,Entertainment,138.16,0
CUST_00529,Blue,500,0,71,15-01-2023,Week-3,Q1,2023,2218.0,1696,730,20,0.765,Swipe ,Bills,146.0,0
CUST_00533,Blue,140,1,86,15-01-2023,Week-3,Q1,2023,2425.0,0,1522,36,0.0,Chip ,Bills,350.06,0
CUST_00534,Blue,330,0,119,15-01-2023,Week-3,Q1,2023,15795.0,1742,13173,96,0.11,Swipe ,Grocery,2898.06,0
CUST_00539,Blue,250,1,81,15-01-2023,Week-3,Q1,2023,3099.0,0,3622,75,0.0,Online ,Grocery,543.3,0
CUST_00541,Blue,400,1,135,15-01-2023,Week-3,Q1,2023,5824.0,1542,1801,44,0.265,Swipe ,Bills,270.15,0
CUST_00543,Silver,250,1,98,15-01-2023,Week-3,Q1,2023,34516.0,1529,13940,105,0.044,Chip ,Travel,3485.0,0
CUST_00544,Blue,465,1,72,15-01-2023,Week-3,Q1,2023,1773.0,0,1764,30,0.0,Swipe ,Fuel,211.68,0
CUST_00545,Blue,250,0,99,15-01-2023,Week-3,Q1,2023,3125.0,1928,1631,46,0.617,Swipe ,Bills,391.44,0
CUST_00551,Blue,435,1,108,15-01-2023,Week-3,Q1,2023,2178.0,1731,4275,71,0.795,Swipe ,Fuel,427.5,0
CUST_00552,Blue,300,1,103,15-01-2023,Week-3,Q1,2023,9074.0,1648,14084,110,0.182,Online ,Fuel,1549.24,0
CUST_00555,Blue,340,0,91,15-01-2023,Week-3,Q1,2023,2420.0,1422,1362,24,0.588,Swipe ,Entertainment,136.2,0
CUST_00564,Blue,100,1,119,15-01-2023,Week-3,Q1,2023,7469.0,2474,8213,86,0.331,Swipe ,Fuel,903.43,0
CUST_00565,Blue,455,0,112,15-01-2023,Week-3,Q1,2023,9065.0,1548,4030,73,0.171,Online ,Fuel,523.9,0
CUST_00568,Blue,470,1,154,15-01-2023,Week-3,Q1,2023,2024.0,901,4861,84,0.445,Swipe ,Grocery,1215.25,0
CUST_00569,Blue,370,0,143,15-01-2023,Week-3,Q1,2023,1689.0,0,1588,37,0.0,Swipe ,Food,412.88,0
CUST_00577,Blue,290,0,88,15-01-2023,Week-3,Q1,2023,3629.0,2517,14205,102,0.694,Online ,Food,2130.75,0
CUST_00578,Blue,300,1,160,15-01-2023,Week-3,Q1,2023,4283.0,0,8672,64,0.0,Chip ,Travel,780.48,0
CUST_00580,Blue,250,1,77,15-01-2023,Week-3,Q1,2023,10946.0,1912,2448,58,0.175,Swipe ,Food,342.72,0
CUST_00583,Blue,435,1,119,15-01-2023,Week-3,Q1,2023,1872.0,661,4970,81,0.353,Swipe ,Entertainment,347.9,1
CUST_00587,Blue,460,0,93,22-01-2023,Week-4,Q1,2023,9899.0,2023,4579,73,0.204,Swipe ,Entertainment,1282.12,1
CUST_00591,Blue,445,0,144,22-01-2023,Week-4,Q1,2023,1438.3,0,3990,75,0.0,Chip ,Bills,1157.1,1
CUST_00592,Blue,125,1,117,22-01-2023,Week-4,Q1,2023,2902.0,2517,996,26,0.867,Swipe ,Bills,119.52,0
CUST_00593,Blue,415,1,126,22-01-2023,Week-4,Q1,2023,9852.0,2277,3813,71,0.231,Swipe ,Fuel,381.3,0
CUST_00595,Blue,450,1,104,22-01-2023,Week-4,Q1,2023,5260.0,1116,2546,62,0.212,Swipe ,Fuel,381.9,0
CUST_00602,Silver,420,0,107,22-01-2023,Week-4,Q1,2023,10580.0,1023,4721,81,0.097,Chip ,Food,944.2,0
CUST_00604,Blue,175,1,50,22-01-2023,Week-4,Q1,2023,27186.0,0,1704,34,0.0,Online ,Fuel,340.8,0
CUST_00605,Blue,380,1,85,22-01-2023,Week-4,Q1,2023,5441.0,812,4480,76,0.149,Chip ,Bills,1254.4,0
CUST_00606,Silver,150,0,103,22-01-2023,Week-4,Q1,2023,27000.0,0,1209,39,0.0,Swipe ,Bills,145.08,0
CUST_00612,Blue,450,1,100,22-01-2023,Week-4,Q1,2023,5180.0,1211,3447,74,0.234,Swipe ,Bills,344.7,0
CUST_00614,Blue,300,1,81,22-01-2023,Week-4,Q1,2023,9723.0,2459,1258,24,0.253,Swipe ,Bills,125.8,0
CUST_00618,Blue,295,0,110,22-01-2023,Week-4,Q1,2023,2395.0,1345,4983,84,0.562,Chip ,Grocery,747.45,0
CUST_00619,Blue,270,1,140,22-01-2023,Week-4,Q1,2023,5484.0,2517,2025,51,0.459,Swipe ,Bills,506.25,0
CUST_00621,Blue,125,0,48,22-01-2023,Week-4,Q1,2023,2339.0,0,1542,45,0.0,Chip ,Bills,138.78,0
CUST_00622,Blue,435,0,163,22-01-2023,Week-4,Q1,2023,11926.0,1766,3778,84,0.148,Chip ,Entertainment,680.04,0
CUST_00624,Blue,460,1,85,22-01-2023,Week-4,Q1,2023,1438.3,0,807,22,0.0,Swipe ,Bills,169.47,0
CUST_00625,Blue,420,0,94,22-01-2023,Week-4,Q1,2023,3025.0,2376,1277,23,0.785,Swipe ,Bills,89.39,0
CUST_00626,Blue,375,1,66,22-01-2023,Week-4,Q1,2023,4847.0,1856,4712,76,0.383,Swipe ,Food,282.72,0
CUST_00638,Blue,270,1,120,22-01-2023,Week-4,Q1,2023,3846.0,1285,1815,47,0.334,Swipe ,Fuel,326.7,0
CUST_00648,Gold,350,1,85,22-01-2023,Week-4,Q1,2023,16268.0,2517,15925,124,0.155,Chip ,Fuel,4618.25,0
CUST_00649,Blue,460,1,109,22-01-2023,Week-4,Q1,2023,7594.0,1442,15026,99,0.19,Chip ,Travel,1352.34,0
CUST_00654,Blue,270,0,94,22-01-2023,Week-4,Q1,2023,4731.0,831,14952,118,0.176,Swipe ,Food,1943.76,0
CUST_00656,Blue,285,1,145,22-01-2023,Week-4,Q1,2023,2381.0,651,1920,46,0.273,Swipe ,Grocery,345.6,0
CUST_00665,Blue,450,1,112,22-01-2023,Week-4,Q1,2023,5848.0,1481,8417,95,0.253,Swipe ,Bills,1010.04,0
CUST_00669,Blue,280,1,72,22-01-2023,Week-4,Q1,2023,2435.0,2432,1460,32,0.999,Chip ,Travel,292.0,0
CUST_00674,Blue,450,1,108,22-01-2023,Week-4,Q1,2023,8881.0,2145,2027,49,0.242,Swipe ,Bills,121.62,0
CUST_00676,Blue,270,0,111,22-01-2023,Week-4,Q1,2023,2393.0,1667,3768,79,0.697,Swipe ,Fuel,301.44,0
CUST_00677,Blue,125,1,146,22-01-2023,Week-4,Q1,2023,1811.0,0,5390,87,0.0,Swipe ,Food,916.3,0
CUST_00679,Blue,95,1,44,22-01-2023,Week-4,Q1,2023,1438.3,0,902,31,0.0,Swipe ,Bills,117.26,0
CUST_00683,Silver,475,0,53,22-01-2023,Week-4,Q1,2023,34516.0,1254,1366,25,0.036,Swipe ,Bills,300.52,0
CUST_00684,Blue,250,0,105,22-01-2023,Week-4,Q1,2023,30753.0,1661,1780,33,0.054,Swipe ,Bills,284.8,0
CUST_00694,Blue,275,0,91,22-01-2023,Week-4,Q1,2023,4111.0,1233,1289,36,0.3,Swipe ,Bills,180.46,0
CUST_00697,Blue,150,1,76,22-01-2023,Week-4,Q1,2023,6633.0,1322,8396,106,0.199,Swipe ,Entertainment,839.6,0
CUST_00701,Blue,250,0,87,22-01-2023,Week-4,Q1,2023,9551.0,1833,3213,52,0.192,Swipe ,Fuel,449.82,0
CUST_00705,Blue,415,0,119,22-01-2023,Week-4,Q1,2023,19138.0,0,2028,43,0.0,Swipe ,Bills,182.52,0
CUST_00706,Silver,245,1,68,22-01-2023,Week-4,Q1,2023,11097.0,0,4836,83,0.0,Chip ,Travel,870.48,0
CUST_00707,Blue,295,0,111,22-01-2023,Week-4,Q1,2023,15242.0,1170,1876,57,0.077,Swipe ,Bills,337.68,0
CUST_00709,Blue,125,0,69,22-01-2023,Week-4,Q1,2023,1438.3,0,2184,53,0.0,Swipe ,Bills,480.48,0
CUST_00711,Blue,250,1,123,22-01-2023,Week-4,Q1,2023,8701.0,215,1999,41,0.025,Swipe ,Bills,379.81,0
CUST_00712,Blue,200,1,98,22-01-2023,Week-4,Q1,2023,11638.0,926,563,15,0.08,Swipe ,Entertainment,67.56,0
CUST_00713,Blue,280,1,52,22-01-2023,Week-4,Q1,2023,2041.0,1687,1555,45,0.827,Swipe ,Bills,139.95,0
CUST_00714,Blue,410,0,110,22-01-2023,Week-4,Q1,2023,12716.0,1496,2412,64,0.118,Swipe ,Entertainment,458.28,0
CUST_00716,Blue,405,1,105,22-01-2023,Week-4,Q1,2023,13961.0,1299,783,20,0.093,Swipe ,Grocery,180.09,0
CUST_00719,Blue,390,1,83,22-01-2023,Week-4,Q1,2023,4840.0,2517,1637,22,0.52,Swipe ,Fuel,245.55,0
CUST_00723,Blue,390,0,46,22-01-2023,Week-4,Q1,2023,5353.0,1594,4456,79,0.298,Swipe ,Food,1069.44,0
CUST_00725,Blue,365,1,95,22-01-2023,Week-4,Q1,2023,4739.0,0,886,21,0.0,Swipe ,Fuel,256.94,0
CUST_00731,Blue,300,1,57,22-01-2023,Week-4,Q1,2023,3804.0,1917,14321,102,0.504,Chip ,Bills,2434.57,0
CUST_00734,Blue,295,0,96,22-01-2023,Week-4,Q1,2023,3326.0,1442,1627,54,0.434,Swipe ,Fuel,439.29,0
CUST_00736,Blue,390,1,109,22-01-2023,Week-4,Q1,2023,34516.0,0,4004,86,0.0,Online ,Grocery,400.4,0
CUST_00737,Silver,125,1,92,22-01-2023,Week-4,Q1,2023,25133.0,0,4033,73,0.0,Swipe ,Bills,322.64,0
CUST_00739,Blue,470,1,108,22-01-2023,Week-4,Q1,2023,1774.0,1115,3474,60,0.629,Swipe ,Grocery,799.02,0
CUST_00743,Blue,480,1,114,22-01-2023,Week-4,Q1,2023,2345.0,1643,4634,69,0.701,Chip ,Food,602.42,0
CUST_00744,Blue,95,1,84,22-01-2023,Week-4,Q1,2023,2585.0,1847,3480,64,0.715,Online ,Bills,1009.2,0
CUST_00745,Blue,125,0,113,22-01-2023,Week-4,Q1,2023,2984.0,0,4878,86,0.0,Online ,Fuel,439.02,0
CUST_00746,Blue,285,0,119,22-01-2023,Week-4,Q1,2023,9191.0,1666,4275,83,0.181,Chip ,Food,812.25,0
CUST_00748,Blue,195,1,101,22-01-2023,Week-4,Q1,2023,1853.0,0,4544,72,0.0,Chip ,Grocery,1226.88,0
CUST_00749,Blue,195,0,100,22-01-2023,Week-4,Q1,2023,3952.0,0,8241,82,0.0,Chip ,Entertainment,1648.2,0
CUST_00750,Blue,330,1,155,22-01-2023,Week-4,Q1,2023,2990.0,1828,2265,41,0.611,Chip ,Bills,407.7,0
CUST_00754,Silver,325,1,90,22-01-2023,Week-4,Q1,2023,16239.0,1487,3838,48,0.092,Swipe ,Food,345.42,0
CUST_00755,Blue,455,0,82,22-01-2023,Week-4,Q1,2023,34516.0,1382,8604,108,0.04,Swipe ,Bills,2064.96,0
CUST_00759,Blue,425,1,111,22-01-2023,Week-4,Q1,2023,9690.0,1115,4620,64,0.115,Swipe ,Travel,693.0,0
CUST_00762,Blue,420,1,108,22-01-2023,Week-4,Q1,2023,1438.3,906,4457,84,0.63,Chip ,Entertainment,445.7,0
CUST_00764,Blue,245,1,116,22-01-2023,Week-4,Q1,2023,2235.0,0,1229,27,0.0,Swipe ,Bills,73.74,0
CUST_00765,Blue,455,0,80,22-01-2023,Week-4,Q1,2023,2961.0,2048,4056,92,0.692,Chip ,Fuel,892.32,0
CUST_00766,Blue,280,1,100,22-01-2023,Week-4,Q1,2023,3433.0,1869,4504,84,0.544,Swipe ,Food,630.56,0
CUST_00767,Blue,395,1,100,22-01-2023,Week-4,Q1,2023,5043.0,743,10170,66,0.147,Chip ,Travel,2339.1,0
CUST_00775,Blue,330,1,81,22-01-2023,Week-4,Q1,2023,2782.0,1782,4669,93,0.641,Chip ,Entertainment,1167.25,0
CUST_00778,Blue,225,1,74,22-01-2023,Week-4,Q1,2023,19354.0,984,1207,32,0.051,Swipe ,Entertainment,325.89,0
CUST_00780,Blue,140,0,105,29-01-2023,Week-5,Q1,2023,24256.0,1076,4269,69,0.044,Swipe ,Bills,853.8,0
CUST_00783,Silver,125,1,85,29-01-2023,Week-5,Q1,2023,10332.0,948,2914,67,0.092,Swipe ,Bills,524.52,0
CUST_00790,Blue,275,1,41,29-01-2023,Week-5,Q1,2023,21304.0,1532,1770,25,0.072,Swipe ,Entertainment,336.3,1
CUST_00793,Blue,345,1,103,29-01-2023,Week-5,Q1,2023,3458.0,321,2256,40,0.093,Chip ,Food,631.68,1
CUST_00795,Blue,395,0,80,29-01-2023,Week-5,Q1,2023,1942.0,0,1853,31,0.0,Chip ,Bills,481.78,1
CUST_00796,Blue,195,0,96,29-01-2023,Week-5,Q1,2023,6846.0,0,1735,35,0.0,Swipe ,Bills,242.9,1
CUST_00800,Blue,300,1,119,29-01-2023,Week-5,Q1,2023,28422.0,1258,4841,80,0.044,Chip ,Food,726.15,0
CUST_00810,Blue,430,0,98,29-01-2023,Week-5,Q1,2023,21329.0,2119,4206,75,0.099,Online ,Grocery,462.66,0
CUST_00811,Blue,365,1,71,29-01-2023,Week-5,Q1,2023,4546.0,0,3739,53,0.0,Chip ,Grocery,785.19,0
CUST_00812,Blue,450,1,120,29-01-2023,Week-5,Q1,2023,15626.0,1148,3386,65,0.073,Chip ,Fuel,711.06,0
CUST_00813,Blue,375,0,74,29-01-2023,Week-5,Q1,2023,2295.0,0,2140,40,0.0,Swipe ,Grocery,428.0,0
CUST_00822,Blue,395,0,150,29-01-2023,Week-5,Q1,2023,5099.0,1178,3819,82,0.231,Chip ,Grocery,229.14,0
CUST_00829,Blue,250,0,110,29-01-2023,Week-5,Q1,2023,2280.0,1170,1924,50,0.513,Swipe ,Fuel,211.64,0
CUST_00832,Blue,225,1,117,29-01-2023,Week-5,Q1,2023,4907.0,773,5088,71,0.158,Chip ,Grocery,966.72,0
CUST_00834,Blue,270,0,78,29-01-2023,Week-5,Q1,2023,2040.0,1084,4751,80,0.531,Swipe ,Fuel,427.59,0
CUST_00835,Blue,150,0,65,29-01-2023,Week-5,Q1,2023,3186.0,2470,1531,37,0.775,Swipe ,Bills,214.34,0
CUST_00836,Blue,150,0,45,29-01-2023,Week-5,Q1,2023,2827.0,1430,1608,30,0.506,Swipe ,Fuel,305.52,0
CUST_00838,Blue,355,0,104,29-01-2023,Week-5,Q1,2023,3350.0,0,2849,61,0.0,Swipe ,Food,227.92,0
CUST_00842,Blue,480,0,109,29-01-2023,Week-5,Q1,2023,1579.0,768,4241,72,0.486,Swipe ,Food,551.33,0
CUST_00851,Blue,250,1,77,29-01-2023,Week-5,Q1,2023,12230.0,1196,3659,76,0.098,Chip ,Food,804.98,0
CUST_00853,Gold,125,1,117,29-01-2023,Week-5,Q1,2023,34516.0,1244,15176,126,0.036,Chip ,Fuel,3186.96,0
CUST_00857,Blue,270,0,75,29-01-2023,Week-5,Q1,2023,4608.0,1077,1535,31,0.234,Swipe ,Travel,383.75,0
CUST_00859,Blue,245,1,118,29-01-2023,Week-5,Q1,2023,3202.0,0,2917,37,0.0,Swipe ,Food,700.08,0
CUST_00863,Blue,225,0,67,29-01-2023,Week-5,Q1,2023,1438.3,0,4148,84,0.0,Chip ,Bills,414.8,0
CUST_00867,Silver,495,0,73,29-01-2023,Week-5,Q1,2023,26794.0,821,8788,58,0.031,Chip ,Fuel,1493.96,0
CUST_00869,Blue,445,1,120,29-01-2023,Week-5,Q1,2023,3062.0,2039,4037,71,0.666,Chip ,Travel,322.96,0
CUST_00872,Blue,335,0,115,29-01-2023,Week-5,Q1,2023,3414.0,1473,1803,49,0.431,Swipe ,Fuel,360.6,0
CUST_00873,Blue,345,0,106,29-01-2023,Week-5,Q1,2023,1900.0,1376,1881,45,0.724,Swipe ,Bills,206.91,0
CUST_00878,Blue,380,1,111,29-01-2023,Week-5,Q1,2023,9924.0,0,1949,43,0.0,Swipe ,Grocery,350.82,0
CUST_00880,Blue,470,1,93,29-01-2023,Week-5,Q1,2023,9422.0,2108,4633,58,0.224,Swipe ,Grocery,463.3,0
CUST_00881,Blue,200,0,98,29-01-2023,Week-5,Q1,2023,6153.0,974,7434,92,0.158,Swipe ,Grocery,892.08,0
CUST_00884,Blue,200,1,87,29-01-2023,Week-5,Q1,2023,8169.0,794,4927,70,0.097,Chip ,Food,541.97,0
CUST_00907,Blue,195,1,109,29-01-2023,Week-5,Q1,2023,2765.0,1211,4629,58,0.438,Swipe ,Bills,601.77,0
CUST_00909,Blue,270,0,90,29-01-2023,Week-5,Q1,2023,33755.0,2301,3458,71,0.068,Swipe ,Fuel,484.12,0
CUST_00915,Blue,125,1,94,29-01-2023,Week-5,Q1,2023,9880.0,1792,4609,80,0.181,Swipe ,Grocery,737.44,0
CUST_00922,Blue,290,0,99,29-01-2023,Week-5,Q1,2023,9959.0,199,8517,60,0.02,Chip ,Travel,1022.04,0
CUST_00928,Blue,250,0,82,29-01-2023,Week-5,Q1,2023,1438.3,0,2144,41,0.0,Swipe ,Entertainment,300.16,0
CUST_00933,Silver,450,1,135,29-01-2023,Week-5,Q1,2023,12359.0,0,7528,70,0.0,Chip ,Travel,1204.48,0
CUST_00935,Blue,425,1,96,29-01-2023,Week-5,Q1,2023,3150.0,0,3477,78,0.0,Swipe ,Grocery,973.56,0
CUST_00941,Blue,320,0,71,29-01-2023,Week-5,Q1,2023,1980.0,823,4467,69,0.416,Chip ,Bills,1206.09,0
CUST_00948,Blue,415,1,115,29-01-2023,Week-5,Q1,2023,3995.0,2475,12575,99,0.62,Chip ,Travel,2263.5,0
CUST_00953,Blue,335,0,71,29-01-2023,Week-5,Q1,2023,6038.0,0,1447,30,0.0,Swipe ,Grocery,318.34,0
CUST_00958,Silver,150,1,41,29-01-2023,Week-5,Q1,2023,18797.0,2158,1364,40,0.115,Swipe ,Bills,204.6,0
CUST_00959,Gold,335,0,88,29-01-2023,Week-5,Q1,2023,34516.0,2201,8614,63,0.064,Chip ,Travel,1981.22,0
CUST_00961,Blue,150,1,99,29-01-2023,Week-5,Q1,2023,10017.0,1850,15635,116,0.185,Chip ,Travel,3596.05,0
CUST_00965,Silver,125,1,50,29-01-2023,Week-5,Q1,2023,12833.0,0,9619,75,0.0,Chip ,Bills,2116.18,0
CUST_00966,Blue,125,0,159,29-01-2023,Week-5,Q1,2023,1950.0,0,2074,81,0.0,Swipe ,Entertainment,435.54,0
CUST_00968,Blue,200,0,109,29-01-2023,Week-5,Q1,2023,2137.0,996,4290,90,0.466,Swipe ,Grocery,386.1,0
CUST_00971,Blue,295,0,101,29-01-2023,Week-5,Q1,2023,2331.0,1709,4417,69,0.733,Chip ,Bills,1192.59,0
CUST_00972,Blue,425,0,150,29-01-2023,Week-5,Q1,2023,4935.0,0,7886,64,0.0,Chip ,Travel,473.16,0
CUST_00983,Blue,300,1,95,05-02-2023,Week-6,Q1,2023,3959.0,0,4935,92,0.0,Swipe ,Grocery,345.45,0
CUST_00994,Blue,300,0,163,05-02-2023,Week-6,Q1,2023,1665.0,0,2748,40,0.0,Chip ,Travel,494.64,0
CUST_00995,Blue,175,1,85,05-02-2023,Week-6,Q1,2023,11726.0,1925,4186,63,0.164,Swipe ,Grocery,795.34,0
CUST_00998,Blue,470,0,95,05-02-2023,Week-6,Q1,2023,2679.0,1558,4756,73,0.582,Chip ,Bills,1284.12,0
CUST_01003,Blue,150,1,100,05-02-2023,Week-6,Q1,2023,8109.0,0,1835,43,0.0,Chip ,Bills,348.65,0
CUST_01006,Silver,400,1,97,05-02-2023,Week-6,Q1,2023,16138.0,1249,1198,33,0.077,Swipe ,Fuel,167.72,0
CUST_01010,Blue,490,1,117,05-02-2023,Week-6,Q1,2023,31832.0,518,10201,59,0.016,Swipe ,Bills,816.08,0
CUST_01011,Blue,365,1,106,05-02-2023,Week-6,Q1,2023,4826.0,0,8585,62,0.0,Chip ,Food,772.65,0
CUST_01018,Blue,245,1,138,05-02-2023,Week-6,Q1,2023,8228.0,0,4277,80,0.0,Swipe ,Bills,342.16,0
CUST_01019,Blue,440,0,93,05-02-2023,Week-6,Q1,2023,4469.0,2331,8314,67,0.522,Chip ,Fuel,2327.92,0
CUST_01021,Gold,340,1,102,05-02-2023,Week-6,Q1,2023,34516.0,2517,9314,89,0.073,Chip ,Travel,1397.1,0
CUST_01023,Blue,100,1,100,05-02-2023,Week-6,Q1,2023,17846.0,1568,3626,77,0.088,Swipe ,Entertainment,688.94,1
CUST_01027,Blue,200,1,67,05-02-2023,Week-6,Q1,2023,9283.0,2288,13804,110,0.246,Chip ,Travel,1380.4,1
CUST_01028,Blue,420,0,111,05-02-2023,Week-6,Q1,2023,2219.0,1180,8686,91,0.532,Swipe ,Bills,2432.08,1
CUST_01035,Blue,400,0,73,05-02-2023,Week-6,Q1,2023,1438.3,0,2264,39,0.0,Swipe ,Bills,543.36,0
CUST_01039,Blue,460,1,110,05-02-2023,Week-6,Q1,2023,1438.3,680,4573,93,0.473,Chip ,Fuel,731.68,0
CUST_01043,Platinum,300,0,156,05-02-2023,Week-6,Q1,2023,19846.0,2162,16908,122,0.109,Chip ,Food,2028.96,0
CUST_01045,Blue,125,1,107,05-02-2023,Week-6,Q1,2023,9546.0,960,14211,111,0.101,Swipe ,Grocery,3836.97,0
CUST_01047,Blue,175,0,78,05-02-2023,Week-6,Q1,2023,1707.0,0,4846,80,0.0,Swipe ,Food,533.06,0
CUST_01053,Blue,430,1,128,05-02-2023,Week-6,Q1,2023,34516.0,1134,4520,73,0.033,Swipe ,Food,678.0,0
CUST_01054,Blue,270,0,93,05-02-2023,Week-6,Q1,2023,2984.0,2512,8296,91,0.842,Swipe ,Food,1161.44,0
CUST_01056,Blue,285,1,62,05-02-2023,Week-6,Q1,2023,11098.0,821,2156,46,0.074,Swipe ,Grocery,495.88,0
CUST_01057,Blue,440,1,86,05-02-2023,Week-6,Q1,2023,12587.0,815,3914,83,0.065,Chip ,Entertainment,743.66,0
CUST_01058,Blue,125,1,119,05-02-2023,Week-6,Q1,2023,2001.0,1217,3162,99,0.608,Swipe ,Grocery,758.88,0
CUST_01062,Blue,435,0,97,05-02-2023,Week-6,Q1,2023,21782.0,1006,1537,35,0.046,Swipe ,Bills,261.29,0
CUST_01069,Blue,125,0,146,05-02-2023,Week-6,Q1,2023,2188.0,1241,4509,67,0.567,Swipe ,Grocery,766.53,0
CUST_01072,Blue,280,0,83,05-02-2023,Week-6,Q1,2023,2859.0,2517,817,30,0.88,Swipe ,Travel,130.72,0
CUST_01076,Blue,300,1,117,05-02-2023,Week-6,Q1,2023,9664.0,1983,7995,56,0.205,Chip ,Travel,1519.05,0
CUST_01077,Blue,485,0,94,05-02-2023,Week-6,Q1,2023,2917.0,2517,2471,60,0.863,Swipe ,Entertainment,494.2,0
CUST_01079,Blue,190,0,76,05-02-2023,Week-6,Q1,2023,2406.0,1705,4665,89,0.709,Chip ,Bills,1026.3,0
CUST_01085,Silver,445,0,41,05-02-2023,Week-6,Q1,2023,34516.0,1847,3284,65,0.054,Swipe ,Grocery,525.44,0
CUST_01088,Blue,355,0,43,05-02-2023,Week-6,Q1,2023,3532.0,869,4297,64,0.246,Chip ,Entertainment,1203.16,0
CUST_01091,Blue,360,1,111,05-02-2023,Week-6,Q1,2023,30030.0,2028,1828,38,0.068,Swipe ,Fuel,164.52,0
CUST_01096,Blue,200,0,97,05-02-2023,Week-6,Q1,2023,8396.0,604,8329,101,0.072,Swipe ,Fuel,2415.41,0
CUST_01102,Blue,415,0,77,05-02-2023,Week-6,Q1,2023,3451.0,2006,4097,67,0.581,Swipe ,Fuel,491.64,0
CUST_01104,Blue,410,1,58,05-02-2023,Week-6,Q1,2023,2033.0,1471,2236,55,0.724,Swipe ,Bills,245.96,0
CUST_01108,Blue,200,0,59,05-02-2023,Week-6,Q1,2023,3864.0,1901,1018,32,0.492,Swipe ,Entertainment,101.8,0
CUST_01110,Silver,95,1,97,05-02-2023,Week-6,Q1,2023,34516.0,1066,8657,98,0.031,Swipe ,Fuel,605.99,0
CUST_01112,Blue,300,1,75,05-02-2023,Week-6,Q1,2023,4675.0,0,3487,69,0.0,Swipe ,Grocery,871.75,0
CUST_01113,Blue,225,0,73,05-02-2023,Week-6,Q1,2023,1438.3,862,1391,40,0.599,Swipe ,Bills,194.74,0
CUST_01114,Silver,400,0,74,05-02-2023,Week-6,Q1,2023,3442.0,1229,14618,100,0.357,Swipe ,Entertainment,3069.78,0
CUST_01116,Blue,175,1,110,05-02-2023,Week-6,Q1,2023,34516.0,0,1592,35,0.0,Swipe ,Grocery,334.32,0
CUST_01122,Blue,360,1,109,05-02-2023,Week-6,Q1,2023,2743.0,1815,1210,25,0.662,Swipe ,Bills,145.2,0
CUST_01124,Blue,370,1,99,05-02-2023,Week-6,Q1,2023,2544.0,1927,1346,30,0.757,Swipe ,Bills,201.9,0
CUST_01127,Blue,325,1,74,05-02-2023,Week-6,Q1,2023,3241.0,0,2152,43,0.0,Swipe ,Food,430.4,0
CUST_01128,Blue,150,1,90,05-02-2023,Week-6,Q1,2023,2581.0,1722,4431,79,0.667,Swipe ,Food,1284.99,0
CUST_01140,Blue,195,0,86,05-02-2023,Week-6,Q1,2023,2726.0,2127,5578,89,0.78,Swipe ,Food,1506.06,0
CUST_01143,Blue,300,0,119,05-02-2023,Week-6,Q1,2023,9371.0,1066,4754,78,0.114,Chip ,Food,1045.88,0
CUST_01145,Blue,125,0,86,05-02-2023,Week-6,Q1,2023,30928.0,2005,3863,72,0.065,Swipe ,Fuel,618.08,0
CUST_01146,Blue,480,1,112,05-02-2023,Week-6,Q1,2023,8700.0,1742,2306,50,0.2,Swipe ,Fuel,322.84,0
CUST_01148,Blue,225,1,44,05-02-2023,Week-6,Q1,2023,4941.0,1040,7631,91,0.21,Swipe ,Entertainment,1602.51,0
CUST_01150,Blue,300,0,77,05-02-2023,Week-6,Q1,2023,13632.0,1482,2168,42,0.109,Swipe ,Bills,433.6,0
CUST_01154,Blue,420,1,85,05-02-2023,Week-6,Q1,2023,4617.0,1035,1779,35,0.224,Swipe ,Entertainment,106.74,0
CUST_01156,Blue,350,0,77,05-02-2023,Week-6,Q1,2023,9554.0,2337,4049,71,0.245,Chip ,Bills,890.78,0
CUST_01157,Blue,200,0,106,05-02-2023,Week-6,Q1,2023,14817.0,1463,4014,70,0.099,Swipe ,Fuel,883.08,0
CUST_01163,Blue,450,0,98,05-02-2023,Week-6,Q1,2023,3832.0,1439,4741,88,0.376,Chip ,Fuel,284.46,0
CUST_01169,Blue,245,0,119,05-02-2023,Week-6,Q1,2023,9078.0,1194,4458,87,0.132,Chip ,Food,668.7,0
CUST_01176,Blue,495,0,113,12-02-2023,Week-7,Q1,2023,4982.0,0,8586,58,0.0,Chip ,Travel,944.46,0
CUST_01177,Blue,410,0,105,12-02-2023,Week-7,Q1,2023,1612.0,835,2148,40,0.518,Swipe ,Fuel,257.76,0
CUST_01181,Blue,150,1,85,12-02-2023,Week-7,Q1,2023,15894.0,1293,14256,118,0.081,Chip ,Bills,1853.28,0
CUST_01184,Blue,330,0,112,12-02-2023,Week-7,Q1,2023,6590.0,0,2449,67,0.0,Swipe ,Bills,514.29,0
CUST_01189,Blue,460,1,50,12-02-2023,Week-7,Q1,2023,4784.0,1629,4912,82,0.341,Swipe ,Food,785.92,0
CUST_01191,Blue,245,0,92,12-02-2023,Week-7,Q1,2023,2803.0,0,2216,40,0.0,Swipe ,Grocery,310.24,0
CUST_01194,Blue,245,0,162,12-02-2023,Week-7,Q1,2023,1896.0,1738,4588,75,0.917,Swipe ,Bills,275.28,0
CUST_01195,Blue,250,1,85,12-02-2023,Week-7,Q1,2023,19214.0,0,3407,47,0.0,Swipe ,Bills,783.61,0
CUST_01196,Blue,295,1,84,12-02-2023,Week-7,Q1,2023,9535.0,660,4210,81,0.069,Chip ,Food,631.5,0
CUST_01198,Blue,360,0,151,12-02-2023,Week-7,Q1,2023,2276.0,1372,4159,67,0.603,Swipe ,Food,499.08,0
CUST_01200,Blue,200,1,94,12-02-2023,Week-7,Q1,2023,6623.0,1823,2293,47,0.275,Chip ,Bills,481.53,0
CUST_01205,Blue,440,0,93,12-02-2023,Week-7,Q1,2023,26442.0,1642,1403,40,0.062,Swipe ,Bills,154.33,1
CUST_01209,Blue,245,1,67,12-02-2023,Week-7,Q1,2023,6152.0,0,968,23,0.0,Swipe ,Bills,280.72,0
CUST_01211,Blue,425,0,86,12-02-2023,Week-7,Q1,2023,16127.0,0,7729,82,0.0,Online ,Travel,463.74,0
CUST_01218,Blue,470,0,107,12-02-2023,Week-7,Q1,2023,3090.0,0,14198,101,0.0,Swipe ,Fuel,2555.64,0
CUST_01220,Blue,360,1,131,12-02-2023,Week-7,Q1,2023,18570.0,1524,3999,96,0.082,Swipe ,Bills,839.79,0
CUST_01221,Blue,250,0,92,12-02-2023,Week-7,Q1,2023,2837.0,1807,4279,83,0.637,Chip ,Grocery,299.53,0
CUST_01223,Blue,320,1,119,12-02-2023,Week-7,Q1,2023,19995.0,0,1879,34,0.0,Swipe ,Entertainment,300.64,0
CUST_01225,Blue,175,1,87,12-02-2023,Week-7,Q1,2023,10733.0,783,3910,66,0.073,Chip ,Travel,469.2,0
CUST_01227,Blue,405,1,113,12-02-2023,Week-7,Q1,2023,4066.0,1639,3040,56,0.403,Swipe ,Entertainment,699.2,0
CUST_01234,Blue,480,0,90,12-02-2023,Week-7,Q1,2023,34516.0,0,3847,74,0.0,Online ,Fuel,884.81,0
CUST_01246,Blue,480,1,81,12-02-2023,Week-7,Q1,2023,3788.0,1325,3975,65,0.35,Online ,Fuel,1033.5,0
CUST_01248,Blue,370,1,119,12-02-2023,Week-7,Q1,2023,10241.0,1545,2513,47,0.151,Chip ,Fuel,477.47,0
CUST_01251,Blue,300,1,118,12-02-2023,Week-7,Q1,2023,4736.0,945,3927,73,0.2,Swipe ,Fuel,549.78,0
CUST_01254,Platinum,420,0,110,12-02-2023,Week-7,Q1,2023,12510.0,1871,14018,128,0.15,Chip ,Entertainment,1541.98,0
CUST_01255,Blue,420,1,84,12-02-2023,Week-7,Q1,2023,3696.0,0,3405,76,0.0,Online ,Fuel,817.2,0
CUST_01262,Blue,245,1,95,12-02-2023,Week-7,Q1,2023,5589.0,0,4064,77,0.0,Swipe ,Food,975.36,0
CUST_01264,Blue,410,1,155,12-02-2023,Week-7,Q1,2023,4944.0,1151,3684,64,0.233,Swipe ,Entertainment,442.08,0
CUST_01273,Blue,380,1,87,12-02-2023,Week-7,Q1,2023,10021.0,1203,1463,40,0.12,Swipe ,Bills,117.04,0
CUST_01278,Blue,495,1,138,12-02-2023,Week-7,Q1,2023,2680.0,1753,1154,33,0.654,Swipe ,Entertainment,219.26,0
CUST_01279,Silver,300,0,107,12-02-2023,Week-7,Q1,2023,34516.0,0,15560,100,0.0,Chip ,Travel,1867.2,0
CUST_01281,Blue,250,1,94,12-02-2023,Week-7,Q1,2023,24528.0,2396,4070,67,0.098,Swipe ,Entertainment,895.4,0
CUST_01286,Blue,440,0,94,12-02-2023,Week-7,Q1,2023,1438.3,491,5016,86,0.341,Swipe ,Bills,1153.68,0
CUST_01288,Blue,95,0,95,12-02-2023,Week-7,Q1,2023,1763.0,0,2813,43,0.0,Swipe ,Fuel,337.56,0
CUST_01296,Blue,245,1,78,12-02-2023,Week-7,Q1,2023,5269.0,1475,2094,25,0.28,Swipe ,Travel,209.4,0
CUST_01298,Blue,200,0,89,12-02-2023,Week-7,Q1,2023,2578.0,2424,4077,78,0.94,Swipe ,Bills,407.7,0
CUST_01299,Blue,245,0,83,12-02-2023,Week-7,Q1,2023,19252.0,751,14074,112,0.039,Swipe ,Fuel,2955.54,0
CUST_01311,Blue,190,0,72,12-02-2023,Week-7,Q1,2023,1438.3,582,4915,92,0.405,Chip ,Entertainment,1228.75,0
CUST_01314,Blue,415,1,120,12-02-2023,Week-7,Q1,2023,9060.0,0,14305,102,0.0,Swipe ,Grocery,2145.75,0
CUST_01315,Blue,175,0,74,12-02-2023,Week-7,Q1,2023,1661.0,0,4338,77,0.0,Chip ,Bills,780.84,0
CUST_01316,Blue,455,1,129,12-02-2023,Week-7,Q1,2023,2446.0,1461,4610,78,0.597,Swipe ,Food,645.4,0
CUST_01319,Blue,140,1,112,12-02-2023,Week-7,Q1,2023,23700.0,1314,1644,28,0.055,Swipe ,Bills,460.32,0
CUST_01321,Blue,150,1,114,12-02-2023,Week-7,Q1,2023,5366.0,1271,1748,38,0.237,Swipe ,Entertainment,367.08,0
CUST_01323,Blue,200,0,108,12-02-2023,Week-7,Q1,2023,28904.0,1899,1334,35,0.066,Swipe ,Travel,293.48,0
CUST_01324,Blue,420,0,158,12-02-2023,Week-7,Q1,2023,2897.0,638,4491,75,0.22,Swipe ,Food,1302.39,0
CUST_01329,Blue,125,0,112,12-02-2023,Week-7,Q1,2023,3323.0,2310,1599,47,0.695,Swipe ,Entertainment,239.85,0
CUST_01331,Blue,395,0,88,12-02-2023,Week-7,Q1,2023,8581.0,2326,2513,63,0.271,Swipe ,Bills,301.56,0
CUST_01333,Blue,220,1,113,12-02-2023,Week-7,Q1,2023,3125.0,2041,4372,68,0.653,Chip ,Grocery,699.52,0
CUST_01335,Silver,125,0,88,12-02-2023,Week-7,Q1,2023,11888.0,2090,1137,30,0.176,Swipe ,Bills,181.92,0
CUST_01340,Silver,280,1,103,12-02-2023,Week-7,Q1,2023,34516.0,154,1987,46,0.004,Chip ,Travel,139.09,0
CUST_01346,Blue,245,1,75,12-02-2023,Week-7,Q1,2023,5989.0,0,4246,78,0.0,Chip ,Bills,509.52,0
CUST_01347,Blue,335,1,82,12-02-2023,Week-7,Q1,2023,9095.0,1587,1314,26,0.174,Online ,Bills,249.66,0
CUST_01348,Blue,275,1,96,12-02-2023,Week-7,Q1,2023,34516.0,1228,7854,89,0.036,Swipe ,Entertainment,1021.02,0
CUST_01350,Blue,480,1,91,12-02-2023,Week-7,Q1,2023,3356.0,985,999,28,0.294,Swipe ,Travel,69.93,0
CUST_01353,Blue,100,0,81,12-02-2023,Week-7,Q1,2023,25601.0,1384,12896,100,0.054,Swipe ,Fuel,2966.08,0
CUST_01355,Blue,220,0,118,12-02-2023,Week-7,Q1,2023,5015.0,1671,3161,77,0.333,Swipe ,Entertainment,568.98,0
CUST_01356,Blue,110,0,67,12-02-2023,Week-7,Q1,2023,7452.0,1656,3339,51,0.222,Swipe ,Bills,300.51,0
CUST_01361,Silver,495,1,66,12-02-2023,Week-7,Q1,2023,34516.0,1652,14738,113,0.048,Chip ,Travel,1473.8,0
CUST_01370,Blue,125,1,91,19-02-2023,Week-8,Q1,2023,6501.0,0,5074,81,0.0,Chip ,Entertainment,1420.72,0
CUST_01373,Blue,125,0,76,19-02-2023,Week-8,Q1,2023,8332.0,0,5108,78,0.0,Chip ,Fuel,561.88,0
CUST_01374,Silver,330,0,107,19-02-2023,Week-8,Q1,2023,31756.0,1459,4759,70,0.046,Swipe ,Entertainment,1142.16,0
CUST_01375,Blue,470,1,81,19-02-2023,Week-8,Q1,2023,4610.0,0,2280,49,0.0,Swipe ,Bills,547.2,0
CUST_01380,Blue,125,1,157,19-02-2023,Week-8,Q1,2023,1438.3,0,4312,81,0.0,Swipe ,Grocery,733.04,0
CUST_01384,Blue,280,0,98,19-02-2023,Week-8,Q1,2023,1438.3,636,4824,83,0.442,Online ,Food,916.56,0
CUST_01393,Blue,290,0,94,19-02-2023,Week-8,Q1,2023,1953.0,1762,4590,91,0.902,Chip ,Fuel,550.8,0
CUST_01394,Blue,200,1,106,19-02-2023,Week-8,Q1,2023,3349.0,2517,4405,55,0.752,Swipe ,Food,484.55,0
CUST_01397,Gold,450,1,133,19-02-2023,Week-8,Q1,2023,34516.0,0,15611,127,0.0,Online ,Travel,1561.1,0
CUST_01401,Blue,295,1,68,19-02-2023,Week-8,Q1,2023,2800.0,1559,4253,83,0.557,Chip ,Entertainment,637.95,0
CUST_01403,Blue,110,0,97,19-02-2023,Week-8,Q1,2023,6394.0,0,3470,69,0.0,Chip ,Entertainment,242.9,0
CUST_01407,Blue,245,1,103,19-02-2023,Week-8,Q1,2023,2185.0,0,715,20,0.0,Swipe ,Bills,178.75,0
CUST_01409,Blue,300,1,122,19-02-2023,Week-8,Q1,2023,8434.0,2222,1414,27,0.263,Swipe ,Bills,127.26,0
CUST_01414,Blue,200,1,77,19-02-2023,Week-8,Q1,2023,1993.0,0,4075,76,0.0,Swipe ,Entertainment,611.25,0
CUST_01415,Blue,245,1,62,19-02-2023,Week-8,Q1,2023,6080.0,787,4866,56,0.129,Swipe ,Food,681.24,0
CUST_01417,Blue,295,1,73,19-02-2023,Week-8,Q1,2023,2615.0,1404,3785,67,0.537,Swipe ,Bills,984.1,0
CUST_01418,Blue,340,1,89,19-02-2023,Week-8,Q1,2023,3423.0,647,14308,124,0.189,Swipe ,Bills,1573.88,0
CUST_01419,Blue,200,1,79,19-02-2023,Week-8,Q1,2023,2909.0,1201,4230,68,0.413,Swipe ,Bills,1099.8,1
CUST_01420,Blue,150,0,119,19-02-2023,Week-8,Q1,2023,3764.0,1780,4898,80,0.473,Online ,Bills,1028.58,1
CUST_01422,Blue,320,1,107,19-02-2023,Week-8,Q1,2023,2185.0,1761,1645,30,0.806,Swipe ,Bills,230.3,1
CUST_01426,Blue,100,0,106,19-02-2023,Week-8,Q1,2023,3891.0,1015,5131,86,0.261,Swipe ,Bills,307.86,0
CUST_01427,Blue,250,1,93,19-02-2023,Week-8,Q1,2023,8232.0,2259,2849,67,0.274,Swipe ,Bills,683.76,0
CUST_01430,Blue,125,1,85,19-02-2023,Week-8,Q1,2023,13100.0,1436,3201,78,0.11,Swipe ,Entertainment,192.06,0
CUST_01431,Blue,390,1,71,19-02-2023,Week-8,Q1,2023,3906.0,1851,1839,33,0.474,Swipe ,Entertainment,220.68,0
CUST_01433,Blue,200,1,97,19-02-2023,Week-8,Q1,2023,4846.0,2490,3724,61,0.514,Swipe ,Entertainment,819.28,0
CUST_01439,Blue,395,0,89,19-02-2023,Week-8,Q1,2023,11808.0,0,13751,113,0.0,Swipe ,Fuel,1375.1,0
CUST_01442,Blue,200,0,92,19-02-2023,Week-8,Q1,2023,1620.0,771,4387,91,0.476,Swipe ,Travel,921.27,0
CUST_01444,Blue,125,1,92,19-02-2023,Week-8,Q1,2023,2158.0,0,615,12,0.0,Swipe ,Travel,92.25,0
CUST_01445,Blue,415,0,140,19-02-2023,Week-8,Q1,2023,1438.3,0,4416,68,0.0,Chip ,Bills,485.76,0
CUST_01447,Blue,320,1,79,19-02-2023,Week-8,Q1,2023,2498.0,1650,4434,79,0.661,Swipe ,Entertainment,753.78,0
CUST_01453,Blue,100,1,81,19-02-2023,Week-8,Q1,2023,9355.0,1626,1230,28,0.174,Swipe ,Travel,123.0,0
CUST_01454,Blue,200,1,114,19-02-2023,Week-8,Q1,2023,1594.0,0,4653,65,0.0,Swipe ,Food,1116.72,0
CUST_01457,Blue,125,0,67,19-02-2023,Week-8,Q1,2023,34516.0,1259,3275,67,0.036,Swipe ,Entertainment,425.75,0
CUST_01459,Blue,150,1,94,19-02-2023,Week-8,Q1,2023,1781.0,1315,4775,83,0.738,Online ,Bills,525.25,0
CUST_01468,Blue,460,0,80,19-02-2023,Week-8,Q1,2023,1538.0,0,4884,79,0.0,Swipe ,Entertainment,1025.64,0
CUST_01469,Blue,150,0,79,19-02-2023,Week-8,Q1,2023,6725.0,493,13891,106,0.073,Online ,Travel,2639.29,0
CUST_01471,Blue,100,1,77,19-02-2023,Week-8,Q1,2023,15186.0,0,1884,33,0.0,Swipe ,Grocery,339.12,0
CUST_01473,Blue,300,0,98,19-02-2023,Week-8,Q1,2023,19719.0,1303,8385,97,0.066,Swipe ,Grocery,1760.85,0
CUST_01478,Silver,150,1,112,19-02-2023,Week-8,Q1,2023,12203.0,0,8600,94,0.0,Chip ,Fuel,946.0,0
CUST_01480,Blue,100,1,81,19-02-2023,Week-8,Q1,2023,1723.0,0,2574,43,0.0,Chip ,Bills,205.92,0
CUST_01483,Blue,100,0,98,19-02-2023,Week-8,Q1,2023,9684.0,2475,1400,31,0.256,Swipe ,Travel,168.0,0
CUST_01484,Silver,150,0,85,19-02-2023,Week-8,Q1,2023,16928.0,1519,3355,66,0.09,Chip ,Travel,771.65,0
CUST_01489,Silver,430,1,45,19-02-2023,Week-8,Q1,2023,32611.0,1718,3916,61,0.053,Swipe ,Food,1057.32,0
CUST_01490,Blue,200,0,99,19-02-2023,Week-8,Q1,2023,2506.0,1784,4504,80,0.712,Swipe ,Bills,1216.08,0
CUST_01492,Blue,250,1,84,19-02-2023,Week-8,Q1,2023,7411.0,1341,4278,80,0.181,Chip ,Grocery,556.14,0
CUST_01495,Blue,175,0,82,19-02-2023,Week-8,Q1,2023,1438.3,599,5136,76,0.416,Chip ,Bills,1335.36,0
CUST_01497,Blue,465,1,101,19-02-2023,Week-8,Q1,2023,14593.0,1504,3447,72,0.103,Swipe ,Grocery,379.17,0
CUST_01499,Blue,100,1,156,19-02-2023,Week-8,Q1,2023,31560.0,1298,7641,93,0.041,Swipe ,Entertainment,687.69,0
CUST_01502,Blue,385,1,119,19-02-2023,Week-8,Q1,2023,5015.0,2053,1325,29,0.409,Swipe ,Bills,304.75,0
CUST_01503,Blue,390,1,89,19-02-2023,Week-8,Q1,2023,3358.0,1758,1759,33,0.524,Swipe ,Entertainment,457.34,0
CUST_01507,Blue,350,1,96,19-02-2023,Week-8,Q1,2023,2391.0,0,2857,40,0.0,Swipe ,Food,314.27,1
CUST_01510,Blue,175,1,95,19-02-2023,Week-8,Q1,2023,1438.3,541,4173,70,0.376,Swipe ,Entertainment,250.38,0
CUST_01513,Blue,125,1,60,19-02-2023,Week-8,Q1,2023,5108.0,1656,1631,41,0.324,Swipe ,Fuel,326.2,0
CUST_01514,Blue,460,1,96,19-02-2023,Week-8,Q1,2023,7418.0,396,911,26,0.053,Swipe ,Bills,255.08,0
CUST_01517,Silver,320,1,98,19-02-2023,Week-8,Q1,2023,34516.0,1163,3941,71,0.034,Swipe ,Bills,512.33,0
CUST_01524,Blue,245,0,97,19-02-2023,Week-8,Q1,2023,1606.0,0,4129,68,0.0,Swipe ,Entertainment,990.96,0
CUST_01528,Gold,245,0,74,19-02-2023,Week-8,Q1,2023,34516.0,1793,4256,82,0.052,Swipe ,Grocery,851.2,0
CUST_01531,Blue,425,1,137,19-02-2023,Week-8,Q1,2023,2618.0,2026,4198,68,0.774,Chip ,Entertainment,587.72,0
CUST_01534,Blue,150,0,135,19-02-2023,Week-8,Q1,2023,1653.0,0,2284,35,0.0,Swipe ,Entertainment,205.56,1
CUST_01537,Silver,430,0,115,19-02-2023,Week-8,Q1,2023,34516.0,0,2534,43,0.0,Swipe ,Entertainment,532.14,1
CUST_01544,Blue,150,0,101,19-02-2023,Week-8,Q1,2023,11770.0,1813,3280,70,0.154,Online ,Entertainment,754.4,0
CUST_01545,Blue,445,1,85,19-02-2023,Week-8,Q1,2023,2867.0,0,2646,41,0.0,Swipe ,Entertainment,343.98,0
CUST_01551,Blue,250,0,50,19-02-2023,Week-8,Q1,2023,1636.0,0,2235,35,0.0,Online ,Bills,156.45,0
CUST_01555,Blue,345,0,113,19-02-2023,Week-8,Q1,2023,13116.0,1225,4800,61,0.093,Chip ,Food,768.0,0
CUST_01558,Blue,175,1,40,19-02-2023,Week-8,Q1,2023,2509.0,0,2281,41,0.0,Chip ,Grocery,250.91,0
CUST_01559,Blue,175,1,106,19-02-2023,Week-8,Q1,2023,29890.0,0,3315,47,0.0,Swipe ,Fuel,464.1,0
CUST_01560,Blue,420,0,85,26-02-2023,Week-9,Q1,2023,15326.0,0,2990,55,0.0,Swipe ,Grocery,538.2,0
CUST_01562,Blue,175,1,41,26-02-2023,Week-9,Q1,2023,4382.0,0,2446,34,0.0,Swipe ,Fuel,587.04,0
CUST_01563,Blue,150,0,99,26-02-2023,Week-9,Q1,2023,8777.0,1668,4141,83,0.19,Chip ,Bills,496.92,0
CUST_01564,Blue,450,0,161,26-02-2023,Week-9,Q1,2023,10331.0,957,3695,81,0.093,Swipe ,Grocery,849.85,0
CUST_01569,Blue,200,1,66,26-02-2023,Week-9,Q1,2023,1622.0,972,4216,71,0.599,Swipe ,Grocery,590.24,0
CUST_01570,Blue,410,1,96,26-02-2023,Week-9,Q1,2023,1438.3,0,2478,45,0.0,Swipe ,Bills,446.04,0
CUST_01571,Blue,175,0,83,26-02-2023,Week-9,Q1,2023,18873.0,0,2021,38,0.0,Swipe ,Entertainment,303.15,0
CUST_01576,Blue,95,1,144,26-02-2023,Week-9,Q1,2023,13448.0,0,5067,62,0.0,Chip ,Food,861.39,0
CUST_01577,Blue,190,0,104,26-02-2023,Week-9,Q1,2023,4721.0,1289,3856,74,0.273,Swipe ,Bills,269.92,0
CUST_01579,Blue,100,0,92,26-02-2023,Week-9,Q1,2023,26710.0,1681,14043,117,0.063,Chip ,Travel,2106.45,0
CUST_01583,Silver,345,1,95,26-02-2023,Week-9,Q1,2023,13878.0,2222,1658,38,0.16,Swipe ,Travel,149.22,0
CUST_01594,Blue,175,1,153,26-02-2023,Week-9,Q1,2023,3038.0,1410,1762,34,0.464,Swipe ,Entertainment,510.98,1
CUST_01596,Blue,470,1,88,26-02-2023,Week-9,Q1,2023,9959.0,0,4859,64,0.0,Swipe ,Fuel,971.8,0
CUST_01598,Blue,280,1,102,26-02-2023,Week-9,Q1,2023,2801.0,1980,1600,45,0.707,Swipe ,Fuel,272.0,0
CUST_01600,Blue,360,0,118,26-02-2023,Week-9,Q1,2023,9007.0,1965,1925,42,0.218,Swipe ,Grocery,288.75,0
CUST_01601,Blue,290,1,94,26-02-2023,Week-9,Q1,2023,2939.0,1865,2077,47,0.635,Swipe ,Food,456.94,0
CUST_01604,Blue,345,0,76,26-02-2023,Week-9,Q1,2023,26229.0,0,2077,46,0.0,Swipe ,Entertainment,166.16,0
CUST_01607,Blue,150,1,104,26-02-2023,Week-9,Q1,2023,1438.3,1201,4851,86,0.835,Swipe ,Entertainment,630.63,0
CUST_01609,Blue,320,0,119,26-02-2023,Week-9,Q1,2023,9216.0,2059,3630,78,0.223,Swipe ,Fuel,943.8,0
CUST_01613,Blue,200,1,102,26-02-2023,Week-9,Q1,2023,5731.0,0,4751,85,0.0,Chip ,Bills,997.71,0
CUST_01615,Blue,340,1,93,26-02-2023,Week-9,Q1,2023,5435.0,1243,16202,117,0.229,Chip ,Bills,2106.26,0
CUST_01616,Blue,150,0,117,26-02-2023,Week-9,Q1,2023,4012.0,0,2962,60,0.0,Swipe ,Entertainment,829.36,0
CUST_01617,Blue,250,0,135,26-02-2023,Week-9,Q1,2023,13587.0,2374,4995,88,0.175,Swipe ,Entertainment,1098.9,0
CUST_01618,Blue,245,0,118,26-02-2023,Week-9,Q1,2023,2608.0,1804,4671,61,0.692,Chip ,Grocery,280.26,0
CUST_01619,Silver,370,1,93,26-02-2023,Week-9,Q1,2023,34516.0,941,12042,117,0.027,Chip ,Grocery,2167.56,0
CUST_01624,Blue,250,0,92,26-02-2023,Week-9,Q1,2023,4821.0,0,4680,77,0.0,Online ,Fuel,748.8,0
CUST_01627,Blue,320,1,120,26-02-2023,Week-9,Q1,2023,2186.0,1185,2614,67,0.542,Swipe ,Bills,601.22,0
CUST_01632,Blue,385,1,54,26-02-2023,Week-9,Q1,2023,24480.0,1923,1416,32,0.079,Swipe ,Bills,184.08,0
CUST_01643,Blue,100,0,91,26-02-2023,Week-9,Q1,2023,2432.0,0,4340,76,0.0,Chip ,Fuel,824.6,0
CUST_01644,Blue,220,1,50,26-02-2023,Week-9,Q1,2023,6033.0,0,4505,74,0.0,Swipe ,Bills,1216.35,0
CUST_01650,Blue,395,0,44,26-02-2023,Week-9,Q1,2023,6849.0,2126,1651,43,0.31,Swipe ,Fuel,264.16,0
CUST_01651,Blue,410,0,171,26-02-2023,Week-9,Q1,2023,1667.0,0,4385,80,0.0,Chip ,Fuel,1008.55,0
CUST_01656,Blue,375,1,104,26-02-2023,Week-9,Q1,2023,3057.0,1077,4449,77,0.352,Swipe ,Food,978.78,0
CUST_01657,Blue,270,1,151,26-02-2023,Week-9,Q1,2023,1438.3,0,4432,71,0.0,Swipe ,Food,1285.28,0
CUST_01659,Silver,300,1,108,26-02-2023,Week-9,Q1,2023,10531.0,2330,14955,118,0.221,Swipe ,Food,1794.6,0
CUST_01660,Blue,300,0,111,26-02-2023,Week-9,Q1,2023,4606.0,0,4181,63,0.0,Chip ,Fuel,376.29,0
CUST_01661,Blue,350,0,59,26-02-2023,Week-9,Q1,2023,11332.0,946,3806,65,0.083,Swipe ,Fuel,1103.74,0
CUST_01663,Blue,175,1,67,26-02-2023,Week-9,Q1,2023,3028.0,1339,4144,64,0.442,Swipe ,Travel,455.84,0
CUST_01666,Blue,200,1,112,26-02-2023,Week-9,Q1,2023,9491.0,0,9061,51,0.0,Online ,Travel,2537.08,0
CUST_01670,Silver,460,1,42,26-02-2023,Week-9,Q1,2023,10514.0,1580,1229,27,0.15,Swipe ,Bills,184.35,0
CUST_01671,Blue,355,0,114,26-02-2023,Week-9,Q1,2023,2695.0,1657,4068,53,0.615,Swipe ,Bills,406.8,0
CUST_01672,Blue,150,0,78,26-02-2023,Week-9,Q1,2023,1438.3,0,4653,78,0.0,Swipe ,Bills,1302.84,0
CUST_01673,Blue,360,1,77,26-02-2023,Week-9,Q1,2023,2375.0,1353,5000,76,0.57,Swipe ,Fuel,500.0,0
CUST_01684,Blue,195,0,70,26-02-2023,Week-9,Q1,2023,3933.0,852,1489,45,0.217,Swipe ,Bills,416.92,0
CUST_01685,Blue,470,1,72,26-02-2023,Week-9,Q1,2023,1438.3,0,1986,52,0.0,Chip ,Bills,575.94,0
CUST_01689,Blue,410,1,88,26-02-2023,Week-9,Q1,2023,5335.0,2145,1888,43,0.402,Swipe ,Travel,358.72,0
CUST_01692,Blue,380,0,64,26-02-2023,Week-9,Q1,2023,1975.0,1264,2959,63,0.64,Chip ,Grocery,532.62,0
CUST_01693,Blue,200,1,115,26-02-2023,Week-9,Q1,2023,2021.0,1578,5298,71,0.781,Swipe ,Food,1536.42,0
CUST_01700,Blue,425,0,119,26-02-2023,Week-9,Q1,2023,2636.0,1619,4727,83,0.614,Chip ,Entertainment,661.78,0
CUST_01702,Blue,390,0,86,26-02-2023,Week-9,Q1,2023,3069.0,1482,4351,74,0.483,Chip ,Fuel,652.65,0
CUST_01703,Blue,200,0,113,26-02-2023,Week-9,Q1,2023,11374.0,2517,1088,26,0.221,Swipe ,Fuel,184.96,0
CUST_01714,Blue,360,1,75,26-02-2023,Week-9,Q1,2023,28830.0,0,3533,57,0.0,Swipe ,Bills,918.58,1
CUST_01719,Blue,490,1,96,26-02-2023,Week-9,Q1,2023,7958.0,1559,4962,72,0.196,Online ,Grocery,893.16,0
CUST_01721,Blue,175,0,110,26-02-2023,Week-9,Q1,2023,11343.0,1175,8313,107,0.104,Swipe ,Fuel,914.43,0
CUST_01722,Blue,420,1,103,26-02-2023,Week-9,Q1,2023,1438.3,0,844,24,0.0,Swipe ,Bills,236.32,0
CUST_01727,Blue,445,1,103,26-02-2023,Week-9,Q1,2023,11642.0,1501,9137,92,0.129,Swipe ,Grocery,2375.62,0
CUST_01729,Blue,125,0,56,26-02-2023,Week-9,Q1,2023,16335.0,892,2733,71,0.055,Swipe ,Fuel,464.61,0
CUST_01730,Blue,365,0,107,26-02-2023,Week-9,Q1,2023,2201.0,1420,4256,70,0.645,Chip ,Grocery,510.72,0
CUST_01731,Blue,125,1,81,26-02-2023,Week-9,Q1,2023,12634.0,0,717,18,0.0,Swipe ,Entertainment,57.36,0
CUST_01732,Blue,365,0,68,26-02-2023,Week-9,Q1,2023,5023.0,1857,14111,98,0.37,Chip ,Grocery,846.66,0
CUST_01733,Blue,300,0,117,26-02-2023,Week-9,Q1,2023,2834.0,1720,4581,70,0.607,Chip ,Entertainment,1145.25,0
CUST_01738,Blue,320,1,115,26-02-2023,Week-9,Q1,2023,3244.0,1855,8087,95,0.572,Swipe ,Bills,1051.31,0
CUST_01740,Blue,280,0,93,26-02-2023,Week-9,Q1,2023,3028.0,2258,4119,81,0.746,Swipe ,Entertainment,782.61,0
CUST_01741,Blue,490,0,80,26-02-2023,Week-9,Q1,2023,1438.3,0,4913,82,0.0,Swipe ,Entertainment,1031.73,0
CUST_01742,Blue,245,0,106,26-02-2023,Week-9,Q1,2023,10714.0,2407,4328,71,0.225,Swipe ,Grocery,1211.84,0
CUST_01746,Blue,245,1,79,26-02-2023,Week-9,Q1,2023,2936.0,1297,4509,70,0.442,Swipe ,Fuel,1037.07,0
CUST_01747,Blue,420,1,45,26-02-2023,Week-9,Q1,2023,9981.0,807,1456,30,0.081,Swipe ,Bills,291.2,0
CUST_01748,Blue,245,1,49,26-02-2023,Week-9,Q1,2023,1452.0,0,4571,72,0.0,Chip ,Entertainment,1325.59,0
CUST_01759,Blue,325,1,69,05-03-2023,Week-10,Q1,2023,7712.0,1387,1597,39,0.18,Swipe ,Bills,415.22,0
CUST_01761,Blue,125,0,70,05-03-2023,Week-10,Q1,2023,1930.0,0,1971,45,0.0,Chip ,Fuel,315.36,0
CUST_01766,Blue,250,1,103,05-03-2023,Week-10,Q1,2023,5821.0,0,4591,70,0.0,Chip ,Entertainment,459.1,0
CUST_01767,Blue,385,1,43,05-03-2023,Week-10,Q1,2023,7291.0,2517,2198,56,0.345,Swipe ,Entertainment,483.56,0
CUST_01769,Blue,400,1,122,05-03-2023,Week-10,Q1,2023,2228.0,0,2523,45,0.0,Swipe ,Entertainment,504.6,0
CUST_01771,Blue,225,1,101,05-03-2023,Week-10,Q1,2023,1438.3,0,1794,45,0.0,Swipe ,Grocery,287.04,0
CUST_01776,Blue,345,1,93,05-03-2023,Week-10,Q1,2023,2069.0,1028,4414,82,0.497,Swipe ,Bills,1280.06,0
CUST_01781,Blue,225,1,74,05-03-2023,Week-10,Q1,2023,1438.3,0,4617,67,0.0,Chip ,Bills,554.04,0
CUST_01784,Gold,190,1,89,05-03-2023,Week-10,Q1,2023,20030.0,1204,15862,127,0.06,Chip ,Travel,4124.12,0
CUST_01786,Blue,290,1,75,05-03-2023,Week-10,Q1,2023,30948.0,2404,1511,35,0.078,Swipe ,Fuel,226.65,0
CUST_01791,Blue,175,0,100,05-03-2023,Week-10,Q1,2023,4075.0,2189,3956,71,0.537,Chip ,Entertainment,830.76,0
CUST_01792,Blue,200,1,102,05-03-2023,Week-10,Q1,2023,2019.0,991,3603,59,0.491,Swipe ,Bills,900.75,0
CUST_01794,Blue,455,1,63,05-03-2023,Week-10,Q1,2023,5569.0,968,2600,60,0.174,Swipe ,Grocery,338.0,0
CUST_01795,Blue,490,0,87,05-03-2023,Week-10,Q1,2023,3313.0,0,2135,44,0.0,Swipe ,Bills,128.1,0
CUST_01796,Blue,290,1,127,05-03-2023,Week-10,Q1,2023,4935.0,1574,8527,84,0.319,Chip ,Entertainment,2131.75,0
CUST_01804,Blue,350,0,94,05-03-2023,Week-10,Q1,2023,1976.0,1311,1498,43,0.663,Swipe ,Bills,359.52,0
CUST_01806,Blue,100,0,79,05-03-2023,Week-10,Q1,2023,1580.0,620,4384,70,0.392,Chip ,Entertainment,394.56,0
CUST_01808,Blue,380,1,115,05-03-2023,Week-10,Q1,2023,11367.0,1999,4175,63,0.176,Swipe ,Fuel,584.5,0
CUST_01818,Blue,100,1,95,05-03-2023,Week-10,Q1,2023,1483.0,0,2520,40,0.0,Swipe ,Bills,327.6,0
CUST_01826,Blue,250,1,88,05-03-2023,Week-10,Q1,2023,2661.0,1575,4615,82,0.592,Chip ,Bills,323.05,0
CUST_01833,Gold,245,1,118,05-03-2023,Week-10,Q1,2023,15987.0,1345,3640,56,0.084,Swipe ,Entertainment,618.8,0
CUST_01834,Blue,465,1,88,05-03-2023,Week-10,Q1,2023,2447.0,1973,4784,75,0.806,Online ,Bills,287.04,0
CUST_01835,Blue,245,0,89,05-03-2023,Week-10,Q1,2023,2240.0,0,1905,39,0.0,Swipe ,Bills,533.4,0
CUST_01836,Blue,300,0,72,05-03-2023,Week-10,Q1,2023,2243.0,0,4023,63,0.0,Swipe ,Fuel,522.99,0
CUST_01841,Blue,245,0,119,05-03-2023,Week-10,Q1,2023,1890.0,666,1483,36,0.352,Swipe ,Entertainment,237.28,0
CUST_01852,Blue,125,0,120,05-03-2023,Week-10,Q1,2023,1960.0,1428,3782,64,0.729,Swipe ,Fuel,264.74,0
CUST_01861,Blue,150,1,91,05-03-2023,Week-10,Q1,2023,2145.0,0,2465,42,0.0,Swipe ,Food,566.95,0
CUST_01863,Blue,175,1,114,05-03-2023,Week-10,Q1,2023,6128.0,1895,1700,42,0.309,Swipe ,Grocery,391.0,0
CUST_01865,Blue,460,0,92,05-03-2023,Week-10,Q1,2023,6362.0,1709,4476,85,0.269,Swipe ,Entertainment,760.92,0
CUST_01878,Blue,330,1,88,05-03-2023,Week-10,Q1,2023,7184.0,1207,3244,58,0.168,Swipe ,Entertainment,940.76,0
CUST_01881,Gold,175,1,93,05-03-2023,Week-10,Q1,2023,4047.0,1482,16191,102,0.366,Chip ,Food,2752.47,0
CUST_01884,Blue,125,0,116,05-03-2023,Week-10,Q1,2023,6407.0,478,9322,77,0.075,Swipe ,Bills,2610.16,0
CUST_01887,Blue,200,1,86,05-03-2023,Week-10,Q1,2023,2125.0,0,2860,38,0.0,Swipe ,Fuel,657.8,0
CUST_01889,Blue,335,1,118,05-03-2023,Week-10,Q1,2023,2669.0,0,2271,31,0.0,Swipe ,Bills,613.17,0
CUST_01892,Blue,420,1,76,05-03-2023,Week-10,Q1,2023,3818.0,0,4272,71,0.0,Chip ,Bills,341.76,0
CUST_01898,Blue,300,1,81,05-03-2023,Week-10,Q1,2023,4182.0,0,4046,57,0.0,Swipe ,Entertainment,1132.88,0
CUST_01902,Blue,175,0,85,05-03-2023,Week-10,Q1,2023,10136.0,0,4429,78,0.0,Swipe ,Entertainment,265.74,0
CUST_01916,Blue,445,0,133,05-03-2023,Week-10,Q1,2023,5449.0,1628,836,18,0.299,Online ,Bills,183.92,0
CUST_01919,Blue,330,1,95,05-03-2023,Week-10,Q1,2023,2375.0,1196,4087,66,0.504,Chip ,Entertainment,940.01,0
CUST_01920,Blue,250,1,106,05-03-2023,Week-10,Q1,2023,4661.0,1734,5242,81,0.372,Swipe ,Grocery,733.88,0
CUST_01922,Blue,250,1,162,05-03-2023,Week-10,Q1,2023,5869.0,0,2203,41,0.0,Online ,Food,594.81,0
CUST_01923,Blue,150,1,90,05-03-2023,Week-10,Q1,2023,6182.0,1131,3546,63,0.183,Swipe ,Fuel,815.58,0
CUST_01924,Blue,420,1,86,05-03-2023,Week-10,Q1,2023,14111.0,1034,2950,64,0.073,Online ,Bills,708.0,0
CUST_01929,Blue,125,1,136,05-03-2023,Week-10,Q1,2023,2031.0,1720,2702,32,0.847,Swipe ,Fuel,324.24,0
CUST_01935,Blue,320,1,95,05-03-2023,Week-10,Q1,2023,1438.3,0,1427,36,0.0,Online ,Entertainment,356.75,1
CUST_01938,Blue,460,1,66,05-03-2023,Week-10,Q1,2023,2354.0,1909,4048,61,0.811,Online ,Grocery,809.6,0
CUST_01942,Blue,490,1,121,05-03-2023,Week-10,Q1,2023,4410.0,2517,1883,44,0.571,Online ,Bills,320.11,0
CUST_01946,Blue,335,1,122,05-03-2023,Week-10,Q1,2023,5128.0,0,7588,98,0.0,Swipe ,Grocery,607.04,0
CUST_01948,Blue,200,1,116,05-03-2023,Week-10,Q1,2023,2211.0,1370,4359,79,0.62,Chip ,Travel,348.72,0
CUST_01954,Blue,150,0,111,12-03-2023,Week-11,Q1,2023,2328.0,1953,4373,89,0.839,Swipe ,Food,262.38,0
CUST_01955,Blue,250,1,111,12-03-2023,Week-11,Q1,2023,2569.0,1605,1190,46,0.625,Swipe ,Bills,285.6,0
CUST_01958,Blue,125,1,84,12-03-2023,Week-11,Q1,2023,2596.0,868,4801,72,0.334,Swipe ,Bills,1008.21,0
CUST_01963,Blue,475,0,78,12-03-2023,Week-11,Q1,2023,34516.0,2102,1612,33,0.061,Swipe ,Travel,274.04,0
CUST_01964,Blue,250,0,78,12-03-2023,Week-11,Q1,2023,3422.0,0,1973,59,0.0,Swipe ,Bills,177.57,0
CUST_01965,Silver,450,1,48,12-03-2023,Week-11,Q1,2023,3156.0,2155,1376,44,0.683,Swipe ,Grocery,302.72,0
CUST_01966,Blue,100,1,108,12-03-2023,Week-11,Q1,2023,5923.0,1686,1236,35,0.285,Swipe ,Bills,333.72,0
CUST_01979,Blue,270,0,119,12-03-2023,Week-11,Q1,2023,5544.0,1184,1336,38,0.214,Swipe ,Bills,280.56,0
CUST_01982,Blue,490,1,80,12-03-2023,Week-11,Q1,2023,1874.0,1341,3899,70,0.716,Online ,Fuel,1130.71,0
CUST_01983,Blue,125,1,111,12-03-2023,Week-11,Q1,2023,18418.0,0,9980,68,0.0,Chip ,Travel,1696.6,0
CUST_01993,Blue,250,1,90,12-03-2023,Week-11,Q1,2023,9426.0,1574,4212,75,0.167,Swipe ,Entertainment,758.16,0
CUST_02003,Blue,430,0,71,12-03-2023,Week-11,Q1,2023,2852.0,736,1382,40,0.258,Swipe ,Bills,179.66,0
CUST_02005,Blue,470,1,101,12-03-2023,Week-11,Q1,2023,5155.0,868,3535,57,0.168,Swipe ,Grocery,777.7,0
CUST_02007,Blue,485,1,130,12-03-2023,Week-11,Q1,2023,7936.0,2081,4247,81,0.262,Swipe ,Grocery,1019.28,0
CUST_02009,Blue,110,0,40,12-03-2023,Week-11,Q1,2023,28390.0,1141,4631,76,0.04,Chip ,Bills,833.58,0
CUST_02013,Blue,125,0,97,12-03-2023,Week-11,Q1,2023,12621.0,912,4945,78,0.072,Swipe ,Bills,939.55,0
CUST_02014,Blue,280,0,86,12-03-2023,Week-11,Q1,2023,1438.3,0,3832,87,0.0,Chip ,Bills,1111.28,0
CUST_02019,Blue,425,0,99,12-03-2023,Week-11,Q1,2023,1438.3,0,4919,72,0.0,Swipe ,Grocery,541.09,0
CUST_02021,Blue,330,0,73,12-03-2023,Week-11,Q1,2023,24844.0,1273,6549,75,0.051,Swipe ,Entertainment,1702.74,0
CUST_02023,Blue,495,0,113,12-03-2023,Week-11,Q1,2023,2808.0,2264,3562,74,0.806,Online ,Grocery,748.02,0
CUST_02026,Blue,110,1,68,12-03-2023,Week-11,Q1,2023,1438.3,0,5200,89,0.0,Swipe ,Fuel,312.0,0
CUST_02030,Blue,110,0,85,12-03-2023,Week-11,Q1,2023,7997.0,1096,7747,104,0.137,Swipe ,Bills,542.29,1
CUST_02031,Blue,390,1,115,12-03-2023,Week-11,Q1,2023,8075.0,317,2415,41,0.039,Swipe ,Fuel,700.35,1
CUST_02035,Blue,300,0,70,12-03-2023,Week-11,Q1,2023,2737.0,1719,4725,63,0.628,Swipe ,Grocery,1370.25,1
CUST_02037,Blue,200,0,78,12-03-2023,Week-11,Q1,2023,2947.0,2216,1744,53,0.752,Swipe ,Bills,296.48,1
CUST_02040,Blue,270,0,82,12-03-2023,Week-11,Q1,2023,2370.0,1166,2164,45,0.492,Swipe ,Grocery,454.44,0
CUST_02046,Blue,175,1,101,12-03-2023,Week-11,Q1,2023,2536.0,0,901,35,0.0,Swipe ,Bills,117.13,0
CUST_02055,Blue,470,0,72,12-03-2023,Week-11,Q1,2023,3124.0,0,4986,79,0.0,Swipe ,Bills,1146.78,0
CUST_02056,Blue,385,1,71,12-03-2023,Week-11,Q1,2023,2447.0,1991,4228,82,0.814,Chip ,Food,591.92,0
CUST_02058,Blue,425,0,94,12-03-2023,Week-11,Q1,2023,2446.0,1763,4310,75,0.721,Online ,Bills,948.2,0
CUST_02068,Blue,125,1,45,12-03-2023,Week-11,Q1,2023,29543.0,1164,1015,27,0.039,Swipe ,Entertainment,81.2,0
CUST_02070,Blue,450,0,90,12-03-2023,Week-11,Q1,2023,3024.0,0,4983,78,0.0,Swipe ,Bills,1395.24,0
CUST_02073,Blue,420,1,63,12-03-2023,Week-11,Q1,2023,10023.0,504,2878,65,0.05,Swipe ,Fuel,777.06,0
CUST_02076,Blue,300,1,85,12-03-2023,Week-11,Q1,2023,5155.0,684,1555,37,0.133,Swipe ,Bills,342.1,0
CUST_02084,Blue,370,1,110,12-03-2023,Week-11,Q1,2023,2654.0,1489,4767,82,0.561,Swipe ,Bills,1287.09,0
CUST_02085,Blue,245,1,105,12-03-2023,Week-11,Q1,2023,2300.0,0,2500,47,0.0,Swipe ,Food,325.0,0
CUST_02088,Blue,375,0,111,12-03-2023,Week-11,Q1,2023,1438.3,0,2306,46,0.0,Chip ,Entertainment,161.42,0
CUST_02089,Blue,300,0,88,12-03-2023,Week-11,Q1,2023,6953.0,1445,3700,80,0.208,Chip ,Fuel,666.0,0
CUST_02090,Silver,295,1,114,12-03-2023,Week-11,Q1,2023,14002.0,1413,13849,128,0.101,Chip ,Grocery,4016.21,0
CUST_02095,Blue,495,0,103,12-03-2023,Week-11,Q1,2023,11629.0,802,3752,78,0.069,Chip ,Food,675.36,0
CUST_02099,Blue,200,0,147,12-03-2023,Week-11,Q1,2023,2677.0,2517,3911,76,0.94,Chip ,Grocery,547.54,0
CUST_02103,Blue,380,1,128,12-03-2023,Week-11,Q1,2023,8418.0,2051,2879,63,0.244,Swipe ,Grocery,489.43,0
CUST_02108,Blue,470,0,120,12-03-2023,Week-11,Q1,2023,2468.0,0,3371,62,0.0,Swipe ,Entertainment,202.26,0
CUST_02109,Blue,340,0,138,12-03-2023,Week-11,Q1,2023,4015.0,0,8363,65,0.0,Swipe ,Food,1170.82,0
CUST_02110,Blue,195,1,94,12-03-2023,Week-11,Q1,2023,14800.0,1020,8796,94,0.069,Swipe ,Entertainment,1055.52,0
CUST_02111,Blue,300,0,76,12-03-2023,Week-11,Q1,2023,3023.0,2517,2477,42,0.833,Chip ,Bills,445.86,0
CUST_02112,Silver,375,0,67,12-03-2023,Week-11,Q1,2023,34516.0,2443,8765,105,0.071,Swipe ,Bills,1577.7,0
CUST_02115,Blue,375,0,82,12-03-2023,Week-11,Q1,2023,5146.0,1618,1955,44,0.314,Swipe ,Bills,175.95,0
CUST_02116,Blue,100,1,108,12-03-2023,Week-11,Q1,2023,1963.0,1112,4821,67,0.566,Swipe ,Grocery,530.31,0
CUST_02120,Blue,395,1,100,12-03-2023,Week-11,Q1,2023,2481.0,1925,5228,73,0.776,Swipe ,Fuel,313.68,0
CUST_02123,Blue,445,1,87,12-03-2023,Week-11,Q1,2023,2636.0,1840,4056,67,0.698,Chip ,Fuel,730.08,0
CUST_02125,Blue,495,1,91,12-03-2023,Week-11,Q1,2023,2330.0,2294,2107,40,0.985,Chip ,Entertainment,189.63,0
CUST_02128,Gold,395,0,109,12-03-2023,Week-11,Q1,2023,12958.0,2273,15681,96,0.175,Chip ,Travel,2352.15,0
CUST_02129,Blue,300,0,115,12-03-2023,Week-11,Q1,2023,1781.0,0,2196,35,0.0,Swipe ,Grocery,549.0,0
CUST_02130,Blue,370,1,81,12-03-2023,Week-11,Q1,2023,1438.3,663,2987,73,0.461,Swipe ,Bills,746.75,0
CUST_02133,Blue,365,1,106,12-03-2023,Week-11,Q1,2023,2468.0,872,4426,76,0.353,Swipe ,Fuel,1283.54,0
CUST_02134,Blue,250,0,81,12-03-2023,Week-11,Q1,2023,2633.0,1924,3407,66,0.731,Chip ,Grocery,851.75,0
CUST_02139,Blue,325,0,79,12-03-2023,Week-11,Q1,2023,2424.0,0,3890,66,0.0,Swipe ,Fuel,778.0,0
CUST_02143,Blue,175,0,103,12-03-2023,Week-11,Q1,2023,2046.0,1694,3432,49,0.828,Swipe ,Bills,274.56,0
CUST_02146,Blue,455,0,110,19-03-2023,Week-12,Q1,2023,2552.0,2220,4437,61,0.87,Swipe ,Fuel,843.03,0
CUST_02148,Blue,410,1,47,19-03-2023,Week-12,Q1,2023,3654.0,0,1998,44,0.0,Online ,Bills,239.76,0
CUST_02150,Blue,300,0,66,19-03-2023,Week-12,Q1,2023,2620.0,2081,4867,67,0.794,Swipe ,Entertainment,438.03,0
CUST_02151,Blue,200,1,83,19-03-2023,Week-12,Q1,2023,23731.0,1890,13647,93,0.08,Chip ,Travel,3548.22,0
CUST_02153,Blue,405,0,153,19-03-2023,Week-12,Q1,2023,19373.0,1142,1792,48,0.059,Swipe ,Bills,430.08,1
CUST_02158,Blue,270,0,81,19-03-2023,Week-12,Q1,2023,9366.0,1104,1303,39,0.118,Swipe ,Bills,156.36,0
CUST_02165,Blue,300,1,91,19-03-2023,Week-12,Q1,2023,3646.0,1047,1969,38,0.287,Chip ,Grocery,571.01,0
CUST_02166,Blue,420,1,100,19-03-2023,Week-12,Q1,2023,17131.0,1213,1371,37,0.071,Swipe ,Bills,109.68,0
CUST_02168,Blue,350,0,82,19-03-2023,Week-12,Q1,2023,3312.0,0,647,19,0.0,Swipe ,Bills,129.4,0
CUST_02169,Blue,245,0,88,19-03-2023,Week-12,Q1,2023,23103.0,897,14049,120,0.039,Chip ,Travel,1966.86,0
CUST_02176,Blue,395,1,94,19-03-2023,Week-12,Q1,2023,1791.0,1314,5109,79,0.734,Online ,Bills,1277.25,0
CUST_02179,Blue,365,0,115,19-03-2023,Week-12,Q1,2023,2989.0,2387,2143,67,0.799,Swipe ,Food,471.46,0
CUST_02184,Silver,415,1,110,19-03-2023,Week-12,Q1,2023,34516.0,2403,4174,59,0.07,Swipe ,Grocery,500.88,0
CUST_02185,Blue,390,1,99,19-03-2023,Week-12,Q1,2023,1809.0,1181,4452,83,0.653,Swipe ,Food,489.72,0
CUST_02190,Blue,270,0,115,19-03-2023,Week-12,Q1,2023,4930.0,2259,2194,53,0.458,Swipe ,Bills,482.68,0
CUST_02192,Blue,355,1,112,19-03-2023,Week-12,Q1,2023,22919.0,1368,3752,71,0.06,Online ,Grocery,300.16,0
CUST_02200,Platinum,440,0,78,19-03-2023,Week-12,Q1,2023,7469.0,0,16730,122,0.0,Chip ,Bills,4517.1,0
CUST_02211,Blue,395,1,74,19-03-2023,Week-12,Q1,2023,2479.0,828,2225,44,0.334,Swipe ,Fuel,356.0,0
CUST_02214,Blue,300,1,84,19-03-2023,Week-12,Q1,2023,2742.0,1416,1539,38,0.516,Swipe ,Bills,277.02,0
CUST_02215,Blue,150,0,114,19-03-2023,Week-12,Q1,2023,22718.0,0,8100,77,0.0,Chip ,Travel,648.0,0
CUST_02216,Blue,300,0,88,19-03-2023,Week-12,Q1,2023,1944.0,1346,1960,57,0.692,Swipe ,Bills,450.8,0
CUST_02222,Blue,245,0,110,19-03-2023,Week-12,Q1,2023,1695.0,0,2428,43,0.0,Chip ,Grocery,267.08,0
CUST_02226,Blue,245,1,110,19-03-2023,Week-12,Q1,2023,3667.0,948,2781,59,0.259,Swipe ,Bills,723.06,0
CUST_02228,Blue,460,1,85,19-03-2023,Week-12,Q1,2023,13046.0,1177,2601,52,0.09,Swipe ,Entertainment,364.14,0
CUST_02229,Blue,245,1,124,19-03-2023,Week-12,Q1,2023,4972.0,0,4524,72,0.0,Swipe ,Bills,904.8,0
CUST_02232,Blue,455,0,120,19-03-2023,Week-12,Q1,2023,9092.0,1363,14779,94,0.15,Swipe ,Food,4285.91,0
CUST_02233,Blue,445,1,62,19-03-2023,Week-12,Q1,2023,11692.0,648,2997,56,0.055,Swipe ,Travel,209.79,0
CUST_02234,Platinum,100,1,114,19-03-2023,Week-12,Q1,2023,17925.0,1909,17498,111,0.106,Chip ,Travel,2274.74,0
CUST_02237,Blue,295,1,116,19-03-2023,Week-12,Q1,2023,3448.0,1903,5471,87,0.552,Swipe ,Food,547.1,0
CUST_02240,Blue,245,1,120,19-03-2023,Week-12,Q1,2023,7469.0,1899,3150,70,0.254,Swipe ,Bills,693.0,0
CUST_02246,Blue,295,1,83,19-03-2023,Week-12,Q1,2023,14938.0,0,1134,31,0.0,Swipe ,Fuel,249.48,0
CUST_02247,Blue,245,0,108,19-03-2023,Week-12,Q1,2023,2669.0,1649,4314,74,0.618,Swipe ,Bills,1251.06,0
CUST_02249,Blue,455,1,161,19-03-2023,Week-12,Q1,2023,12552.0,1405,15508,95,0.112,Swipe ,Food,1240.64,0
CUST_02250,Blue,150,0,103,19-03-2023,Week-12,Q1,2023,11247.0,0,4894,85,0.0,Swipe ,Entertainment,831.98,0
CUST_02252,Gold,360,0,105,19-03-2023,Week-12,Q1,2023,34516.0,1823,15552,108,0.053,Swipe ,Bills,4199.04,0
CUST_02253,Blue,340,0,72,19-03-2023,Week-12,Q1,2023,1765.0,1487,3333,66,0.842,Chip ,Grocery,433.29,0
CUST_02255,Blue,175,0,143,19-03-2023,Week-12,Q1,2023,25060.0,0,3749,61,0.0,Chip ,Grocery,562.35,0
CUST_02261,Blue,175,1,110,19-03-2023,Week-12,Q1,2023,6391.0,2317,2274,61,0.363,Swipe ,Fuel,591.24,0
CUST_02265,Blue,175,0,94,19-03-2023,Week-12,Q1,2023,5600.0,2517,2296,46,0.449,Swipe ,Entertainment,367.36,0
CUST_02269,Blue,485,0,83,19-03-2023,Week-12,Q1,2023,3455.0,1385,4925,82,0.401,Swipe ,Fuel,1182.0,1
CUST_02271,Silver,325,1,120,19-03-2023,Week-12,Q1,2023,11409.0,1658,4677,58,0.145,Swipe ,Grocery,654.78,1
CUST_02273,Blue,225,0,96,19-03-2023,Week-12,Q1,2023,6376.0,1322,5192,70,0.207,Chip ,Fuel,674.96,1
CUST_02274,Blue,495,0,106,19-03-2023,Week-12,Q1,2023,1994.0,1175,4455,82,0.589,Chip ,Food,846.45,1
CUST_02276,Blue,460,1,105,19-03-2023,Week-12,Q1,2023,1438.3,0,2500,44,0.0,Chip ,Entertainment,275.0,0
CUST_02287,Blue,280,0,79,19-03-2023,Week-12,Q1,2023,1815.0,0,2039,34,0.0,Swipe ,Bills,509.75,0
CUST_02288,Blue,300,1,106,19-03-2023,Week-12,Q1,2023,25882.0,1699,1736,48,0.066,Swipe ,Grocery,451.36,0
CUST_02289,Blue,440,1,160,19-03-2023,Week-12,Q1,2023,5715.0,1214,3685,63,0.212,Swipe ,Grocery,368.5,0
CUST_02292,Blue,175,1,66,19-03-2023,Week-12,Q1,2023,3371.0,1530,13432,118,0.454,Swipe ,Bills,1208.88,0
CUST_02300,Blue,385,0,96,19-03-2023,Week-12,Q1,2023,5505.0,2517,2272,42,0.457,Swipe ,Grocery,295.36,0
CUST_02302,Blue,360,1,66,19-03-2023,Week-12,Q1,2023,5768.0,0,9867,78,0.0,Chip ,Travel,690.69,0
CUST_02303,Blue,495,0,87,19-03-2023,Week-12,Q1,2023,6109.0,1549,4430,69,0.254,Chip ,Fuel,886.0,0
CUST_02304,Blue,395,1,70,19-03-2023,Week-12,Q1,2023,2683.0,1671,1406,37,0.623,Swipe ,Travel,267.14,0
CUST_02305,Blue,300,0,78,19-03-2023,Week-12,Q1,2023,2658.0,1514,1627,26,0.57,Swipe ,Entertainment,162.7,0
CUST_02311,Blue,365,1,120,19-03-2023,Week-12,Q1,2023,2600.0,2047,8804,111,0.787,Swipe ,Grocery,880.4,0
CUST_02317,Blue,455,1,85,19-03-2023,Week-12,Q1,2023,6425.0,915,2036,44,0.142,Swipe ,Entertainment,203.6,0
CUST_02320,Blue,200,0,109,19-03-2023,Week-12,Q1,2023,2721.0,2159,4578,81,0.793,Chip ,Bills,549.36,0
CUST_02329,Blue,410,1,88,19-03-2023,Week-12,Q1,2023,10009.0,1604,4347,75,0.16,Swipe ,Food,956.34,0
CUST_02336,Blue,175,1,167,19-03-2023,Week-12,Q1,2023,4542.0,1355,4011,70,0.298,Chip ,Bills,802.2,1
CUST_02338,Blue,250,1,49,19-03-2023,Week-12,Q1,2023,1438.3,0,2464,37,0.0,Swipe ,Entertainment,344.96,1
CUST_02341,Blue,400,0,61,26-03-2023,Week-13,Q1,2023,3404.0,1568,2406,65,0.461,Swipe ,Entertainment,144.36,0
CUST_02345,Blue,300,1,80,26-03-2023,Week-13,Q1,2023,13883.0,783,1871,32,0.056,Chip ,Bills,112.26,0
CUST_02349,Blue,440,0,120,26-03-2023,Week-13,Q1,2023,1491.0,0,1970,46,0.0,Chip ,Bills,433.4,0
CUST_02359,Blue,220,1,114,26-03-2023,Week-13,Q1,2023,4073.0,2517,2059,43,0.618,Chip ,Grocery,535.34,0
CUST_02361,Blue,450,0,82,26-03-2023,Week-13,Q1,2023,2766.0,1731,3959,71,0.626,Chip ,Bills,989.75,0
CUST_02363,Blue,290,0,114,26-03-2023,Week-13,Q1,2023,8592.0,1201,1842,50,0.14,Swipe ,Grocery,386.82,0
CUST_02374,Blue,390,1,119,26-03-2023,Week-13,Q1,2023,1544.0,0,1731,40,0.0,Swipe ,Bills,155.79,1
CUST_02376,Blue,100,1,92,26-03-2023,Week-13,Q1,2023,9451.0,1280,3179,79,0.135,Swipe ,Bills,190.74,0
CUST_02378,Blue,100,1,85,26-03-2023,Week-13,Q1,2023,2539.0,2162,2386,47,0.852,Swipe ,Bills,668.08,0
CUST_02389,Blue,195,1,106,26-03-2023,Week-13,Q1,2023,3607.0,0,2013,35,0.0,Chip ,Food,523.38,0
CUST_02390,Blue,420,1,64,26-03-2023,Week-13,Q1,2023,17156.0,2517,1142,33,0.147,Swipe ,Fuel,159.88,0
CUST_02392,Blue,470,1,44,26-03-2023,Week-13,Q1,2023,9274.0,2097,2048,59,0.226,Swipe ,Bills,245.76,0
CUST_02393,Blue,470,1,145,26-03-2023,Week-13,Q1,2023,3023.0,1348,2219,44,0.446,Swipe ,Entertainment,288.47,0
CUST_02406,Blue,435,0,103,26-03-2023,Week-13,Q1,2023,4203.0,1965,1425,32,0.468,Swipe ,Fuel,99.75,0
CUST_02407,Blue,290,1,90,26-03-2023,Week-13,Q1,2023,4761.0,1561,2045,53,0.328,Chip ,Fuel,286.3,0
CUST_02408,Blue,405,0,47,26-03-2023,Week-13,Q1,2023,2699.0,1609,2141,56,0.596,Swipe ,Bills,256.92,0
CUST_02413,Blue,300,1,46,26-03-2023,Week-13,Q1,2023,2796.0,0,4820,74,0.0,Swipe ,Fuel,1108.6,0
CUST_02418,Blue,495,0,68,26-03-2023,Week-13,Q1,2023,1438.3,0,4869,73,0.0,Swipe ,Fuel,389.52,0
CUST_02421,Blue,140,0,69,26-03-2023,Week-13,Q1,2023,34516.0,1595,8871,97,0.046,Swipe ,Food,1153.23,0
CUST_02424,Blue,325,1,82,26-03-2023,Week-13,Q1,2023,1569.0,257,2288,45,0.164,Swipe ,Grocery,457.6,0
CUST_02426,Gold,250,0,93,26-03-2023,Week-13,Q1,2023,14290.0,1432,14709,125,0.1,Chip ,Travel,882.54,0
CUST_02437,Blue,150,0,72,26-03-2023,Week-13,Q1,2023,3301.0,2517,3939,69,0.762,Online ,Bills,630.24,0
CUST_02440,Blue,125,0,48,26-03-2023,Week-13,Q1,2023,2595.0,2189,1562,27,0.844,Swipe ,Entertainment,406.12,0
CUST_02442,Blue,450,1,82,26-03-2023,Week-13,Q1,2023,3271.0,1367,2464,92,0.418,Swipe ,Bills,369.6,0
CUST_02447,Blue,200,0,80,26-03-2023,Week-13,Q1,2023,4048.0,1113,1757,45,0.275,Swipe ,Bills,281.12,0
CUST_02448,Blue,250,0,92,26-03-2023,Week-13,Q1,2023,9959.0,1890,2041,45,0.19,Swipe ,Entertainment,530.66,0
CUST_02454,Blue,195,1,65,26-03-2023,Week-13,Q1,2023,2723.0,1902,3875,84,0.698,Swipe ,Fuel,1123.75,0
CUST_02456,Blue,490,1,77,26-03-2023,Week-13,Q1,2023,34516.0,572,8659,81,0.017,Swipe ,Entertainment,692.72,0
CUST_02457,Silver,245,1,93,26-03-2023,Week-13,Q1,2023,4256.0,1084,1100,29,0.255,Swipe ,Travel,154.0,0
CUST_02458,Blue,300,1,94,26-03-2023,Week-13,Q1,2023,1751.0,0,2078,37,0.0,Online ,Entertainment,249.36,0
CUST_02459,Blue,140,1,104,26-03-2023,Week-13,Q1,2023,2121.0,0,1464,32,0.0,Chip ,Bills,380.64,0
CUST_02465,Blue,140,1,105,26-03-2023,Week-13,Q1,2023,2211.0,768,7527,88,0.347,Swipe ,Food,1204.32,0
CUST_02466,Blue,225,0,160,26-03-2023,Week-13,Q1,2023,1438.3,0,4348,79,0.0,Chip ,Bills,478.28,0
CUST_02471,Blue,245,0,125,26-03-2023,Week-13,Q1,2023,3127.0,2378,2292,49,0.76,Swipe ,Bills,641.76,0
CUST_02472,Silver,95,1,104,26-03-2023,Week-13,Q1,2023,11879.0,0,3490,62,0.0,Chip ,Entertainment,977.2,0
CUST_02474,Silver,150,1,66,26-03-2023,Week-13,Q1,2023,12695.0,1613,8328,94,0.127,Swipe ,Grocery,582.96,0
CUST_02475,Blue,175,0,51,26-03-2023,Week-13,Q1,2023,21585.0,986,3789,70,0.046,Chip ,Grocery,568.35,0
CUST_02479,Blue,250,0,101,26-03-2023,Week-13,Q1,2023,6921.0,1023,4608,79,0.148,Swipe ,Fuel,1336.32,0
CUST_02484,Blue,150,1,99,26-03-2023,Week-13,Q1,2023,34516.0,1638,14474,121,0.047,Swipe ,Grocery,1592.14,0
CUST_02485,Blue,150,1,86,26-03-2023,Week-13,Q1,2023,1682.0,0,1811,39,0.0,Swipe ,Food,398.42,0
CUST_02486,Blue,480,1,77,26-03-2023,Week-13,Q1,2023,4370.0,1222,7223,90,0.28,Swipe ,Bills,1950.21,0
CUST_02487,Blue,370,0,50,26-03-2023,Week-13,Q1,2023,8070.0,2350,2117,61,0.291,Swipe ,Bills,402.23,0
CUST_02488,Blue,455,1,78,26-03-2023,Week-13,Q1,2023,3335.0,2238,5321,78,0.671,Swipe ,Bills,319.26,0
CUST_02493,Blue,200,1,167,26-03-2023,Week-13,Q1,2023,3139.0,1089,4648,80,0.347,Chip ,Bills,278.88,0
CUST_02499,Silver,100,1,107,26-03-2023,Week-13,Q1,2023,10790.0,1930,1052,16,0.179,Swipe ,Bills,263.0,0
CUST_02508,Blue,250,1,79,26-03-2023,Week-13,Q1,2023,2392.0,1129,4309,86,0.472,Chip ,Fuel,301.63,0
CUST_02511,Silver,300,0,151,26-03-2023,Week-13,Q1,2023,16406.0,0,4075,75,0.0,Online ,Bills,448.25,0
CUST_02514,Blue,200,0,120,26-03-2023,Week-13,Q1,2023,2255.0,1733,4772,83,0.769,Swipe ,Grocery,1383.88,0
CUST_02516,Blue,250,1,81,26-03-2023,Week-13,Q1,2023,2077.0,1634,4292,66,0.787,Chip ,Grocery,1201.76,0
CUST_02517,Blue,440,1,61,26-03-2023,Week-13,Q1,2023,2936.0,2379,1572,57,0.81,Swipe ,Bills,377.28,0
CUST_02518,Blue,480,1,101,26-03-2023,Week-13,Q1,2023,11239.0,0,2055,43,0.0,Swipe ,Fuel,390.45,0
CUST_02520,Blue,285,0,110,26-03-2023,Week-13,Q1,2023,5632.0,1596,3557,64,0.283,Chip ,Fuel,924.82,0
CUST_02523,Blue,225,0,47,26-03-2023,Week-13,Q1,2023,1636.0,1135,5056,85,0.694,Online ,Travel,1112.32,0
CUST_02524,Blue,125,1,53,26-03-2023,Week-13,Q1,2023,2644.0,1794,4081,72,0.679,Online ,Food,897.82,0
CUST_02527,Blue,470,1,76,26-03-2023,Week-13,Q1,2023,1438.3,0,1935,47,0.0,Chip ,Food,425.7,0
CUST_02532,Blue,365,1,97,26-03-2023,Week-13,Q1,2023,6903.0,2091,15751,107,0.303,Chip ,Grocery,4567.79,0
CUST_02534,Blue,275,1,103,26-03-2023,Week-13,Q1,2023,6637.0,0,1801,48,0.0,Swipe ,Bills,432.24,0
CUST_02535,Blue,450,0,108,02-04-2023,Week-14,Q2,2023,4697.0,0,1867,34,0.0,Swipe ,Bills,186.7,0
CUST_02541,Blue,450,1,92,02-04-2023,Week-14,Q2,2023,34516.0,0,4037,87,0.0,Chip ,Bills,1170.73,0
CUST_02543,Blue,95,0,79,02-04-2023,Week-14,Q2,2023,1695.0,913,2130,48,0.539,Swipe ,Entertainment,553.8,0
CUST_02546,Blue,355,0,74,02-04-2023,Week-14,Q2,2023,7562.0,1080,5010,85,0.143,Swipe ,Entertainment,851.7,0
CUST_02555,Blue,245,0,98,02-04-2023,Week-14,Q2,2023,2350.0,1272,4647,86,0.541,Swipe ,Entertainment,371.76,0
CUST_02565,Blue,245,1,118,02-04-2023,Week-14,Q2,2023,1438.3,544,2294,40,0.378,Chip ,Grocery,206.46,0
CUST_02572,Blue,350,0,120,02-04-2023,Week-14,Q2,2023,25837.0,1812,3783,70,0.07,Swipe ,Grocery,491.79,0
CUST_02575,Blue,430,1,96,02-04-2023,Week-14,Q2,2023,13427.0,1562,13117,108,0.116,Chip ,Travel,3803.93,0
CUST_02587,Blue,125,1,98,02-04-2023,Week-14,Q2,2023,4315.0,717,1723,51,0.166,Swipe ,Bills,103.38,0
CUST_02589,Blue,290,1,95,02-04-2023,Week-14,Q2,2023,14782.0,1020,3206,54,0.069,Chip ,Fuel,192.36,0
CUST_02590,Blue,250,1,41,02-04-2023,Week-14,Q2,2023,9989.0,568,2053,49,0.057,Swipe ,Fuel,472.19,0
CUST_02593,Blue,400,0,118,02-04-2023,Week-14,Q2,2023,3065.0,0,3524,69,0.0,Online ,Grocery,458.12,0
CUST_02603,Blue,340,0,76,02-04-2023,Week-14,Q2,2023,2802.0,2403,3887,61,0.858,Chip ,Bills,544.18,0
CUST_02610,Blue,345,1,113,02-04-2023,Week-14,Q2,2023,5794.0,0,4201,73,0.0,Swipe ,Entertainment,1218.29,0
CUST_02612,Blue,275,0,103,02-04-2023,Week-14,Q2,2023,2751.0,1158,4861,82,0.421,Swipe ,Food,1215.25,0
CUST_02615,Blue,400,1,51,02-04-2023,Week-14,Q2,2023,20459.0,2071,1767,38,0.101,Swipe ,Bills,353.4,0
CUST_02616,Blue,485,1,65,02-04-2023,Week-14,Q2,2023,3084.0,2517,1446,22,0.816,Swipe ,Bills,115.68,0
CUST_02620,Silver,300,1,79,02-04-2023,Week-14,Q2,2023,6224.0,0,7612,82,0.0,Swipe ,Entertainment,1370.16,0
CUST_02621,Blue,100,1,80,02-04-2023,Week-14,Q2,2023,1737.0,813,3669,58,0.468,Online ,Grocery,953.94,0
CUST_02626,Blue,275,0,67,02-04-2023,Week-14,Q2,2023,17218.0,1829,7971,97,0.106,Swipe ,Fuel,2231.88,0
CUST_02628,Blue,110,0,118,02-04-2023,Week-14,Q2,2023,2628.0,2195,3608,68,0.835,Swipe ,Bills,793.76,0
CUST_02639,Blue,200,0,98,02-04-2023,Week-14,Q2,2023,9351.0,1482,5099,60,0.158,Chip ,Food,611.88,0
CUST_02649,Blue,190,0,76,02-04-2023,Week-14,Q2,2023,1925.0,1202,4343,66,0.624,Swipe ,Bills,434.3,0
CUST_02651,Blue,200,0,92,02-04-2023,Week-14,Q2,2023,8632.0,0,2221,40,0.0,Swipe ,Bills,444.2,0
CUST_02652,Blue,355,1,103,02-04-2023,Week-14,Q2,2023,2312.0,1997,5085,78,0.864,Chip ,Fuel,1067.85,0
CUST_02665,Blue,355,0,103,02-04-2023,Week-14,Q2,2023,2258.0,1600,4275,76,0.709,Swipe ,Entertainment,384.75,0
CUST_02674,Blue,200,0,40,02-04-2023,Week-14,Q2,2023,1612.0,744,1564,33,0.462,Swipe ,Bills,422.28,0
CUST_02677,Blue,340,1,105,02-04-2023,Week-14,Q2,2023,2733.0,1306,1139,39,0.478,Swipe ,Bills,296.14,0
CUST_02679,Blue,345,0,148,02-04-2023,Week-14,Q2,2023,2035.0,1620,4130,74,0.796,Swipe ,Bills,991.2,0
CUST_02681,Blue,375,1,105,02-04-2023,Week-14,Q2,2023,12283.0,0,1993,41,0.0,Chip ,Fuel,378.67,0
CUST_02685,Blue,200,1,96,02-04-2023,Week-14,Q2,2023,3034.0,468,4172,66,0.154,Swipe ,Bills,1043.0,0
CUST_02686,Blue,175,0,60,02-04-2023,Week-14,Q2,2023,1965.0,1175,4579,87,0.598,Chip ,Grocery,641.06,0
CUST_02689,Blue,140,0,105,02-04-2023,Week-14,Q2,2023,1671.0,1047,5189,79,0.627,Swipe ,Food,363.23,0
CUST_02690,Blue,220,0,113,02-04-2023,Week-14,Q2,2023,5843.0,1346,13299,95,0.23,Swipe ,Food,1728.87,0
CUST_02692,Blue,200,1,82,02-04-2023,Week-14,Q2,2023,18075.0,0,1477,30,0.0,Chip ,Entertainment,324.94,0
CUST_02693,Blue,150,1,87,02-04-2023,Week-14,Q2,2023,8766.0,0,2263,35,0.0,Chip ,Fuel,135.78,0
CUST_02698,Blue,475,1,58,02-04-2023,Week-14,Q2,2023,6784.0,891,1900,28,0.131,Swipe ,Travel,114.0,0
CUST_02699,Blue,175,0,114,02-04-2023,Week-14,Q2,2023,4917.0,0,9442,69,0.0,Chip ,Travel,944.2,0
CUST_02702,Blue,125,1,105,02-04-2023,Week-14,Q2,2023,7173.0,1227,1793,33,0.171,Swipe ,Entertainment,215.16,0
CUST_02708,Blue,175,1,87,02-04-2023,Week-14,Q2,2023,3453.0,1010,8108,85,0.292,Online ,Food,1621.6,0
CUST_02710,Blue,245,0,87,02-04-2023,Week-14,Q2,2023,2479.0,1748,8042,85,0.705,Swipe ,Food,2332.18,0
CUST_02716,Blue,110,0,100,02-04-2023,Week-14,Q2,2023,1981.0,1082,3913,90,0.546,Chip ,Bills,1134.77,0
CUST_02719,Blue,190,0,80,02-04-2023,Week-14,Q2,2023,4097.0,1293,15925,100,0.316,Chip ,Fuel,2548.0,0
CUST_02725,Silver,325,1,88,02-04-2023,Week-14,Q2,2023,31631.0,0,3418,58,0.0,Chip ,Bills,273.44,0
CUST_02730,Blue,100,1,95,09-04-2023,Week-15,Q2,2023,29865.0,2097,8636,74,0.07,Online ,Travel,1640.84,0
CUST_02733,Blue,295,1,80,09-04-2023,Week-15,Q2,2023,2870.0,2284,3946,74,0.796,Swipe ,Entertainment,276.22,0
CUST_02738,Blue,220,0,99,09-04-2023,Week-15,Q2,2023,9013.0,0,3819,71,0.0,Swipe ,Entertainment,305.52,1
CUST_02743,Blue,395,1,111,09-04-2023,Week-15,Q2,2023,5685.0,0,2395,62,0.0,Swipe ,Bills,383.2,1
CUST_02749,Blue,150,1,165,09-04-2023,Week-15,Q2,2023,6888.0,1878,9038,64,0.273,Chip ,Travel,1355.7,0
CUST_02751,Blue,245,1,169,09-04-2023,Week-15,Q2,2023,2207.0,2020,4348,84,0.915,Swipe ,Fuel,608.72,0
CUST_02752,Blue,245,1,91,09-04-2023,Week-15,Q2,2023,19727.0,1785,1245,25,0.09,Swipe ,Travel,99.6,0
CUST_02754,Silver,270,1,113,09-04-2023,Week-15,Q2,2023,17437.0,2225,3381,51,0.128,Chip ,Food,236.67,0
CUST_02755,Blue,200,0,77,09-04-2023,Week-15,Q2,2023,4008.0,1841,2794,58,0.459,Swipe ,Bills,810.26,0
CUST_02756,Blue,250,0,46,09-04-2023,Week-15,Q2,2023,11545.0,1732,3996,65,0.15,Swipe ,Bills,799.2,0
CUST_02759,Blue,400,1,150,09-04-2023,Week-15,Q2,2023,1438.3,0,3427,64,0.0,Chip ,Entertainment,342.7,0
CUST_02761,Blue,125,1,100,09-04-2023,Week-15,Q2,2023,34516.0,1416,4026,65,0.041,Swipe ,Entertainment,1046.76,0
CUST_02767,Blue,140,1,104,09-04-2023,Week-15,Q2,2023,4947.0,1053,3479,76,0.213,Swipe ,Fuel,661.01,0
CUST_02770,Blue,250,0,73,09-04-2023,Week-15,Q2,2023,1438.3,327,1783,40,0.227,Swipe ,Entertainment,142.64,0
CUST_02771,Silver,125,1,78,09-04-2023,Week-15,Q2,2023,34516.0,2203,14204,96,0.064,Online ,Fuel,1846.52,0
CUST_02772,Blue,345,1,97,09-04-2023,Week-15,Q2,2023,10007.0,1586,4309,77,0.158,Chip ,Food,689.44,0
CUST_02778,Blue,125,0,119,09-04-2023,Week-15,Q2,2023,3698.0,0,3763,82,0.0,Swipe ,Grocery,1016.01,0
CUST_02795,Blue,295,1,107,09-04-2023,Week-15,Q2,2023,4085.0,2238,596,15,0.548,Swipe ,Fuel,125.16,0
CUST_02803,Blue,405,0,82,09-04-2023,Week-15,Q2,2023,2144.0,1557,4571,85,0.726,Online ,Fuel,822.78,0
CUST_02808,Blue,410,1,118,09-04-2023,Week-15,Q2,2023,8670.0,1930,13767,96,0.223,Swipe ,Grocery,3441.75,0
CUST_02817,Blue,465,0,74,09-04-2023,Week-15,Q2,2023,1654.0,1474,2086,47,0.891,Chip ,Food,146.02,0
CUST_02819,Blue,100,1,117,09-04-2023,Week-15,Q2,2023,1862.0,0,1226,34,0.0,Swipe ,Bills,110.34,0
CUST_02821,Blue,245,1,123,09-04-2023,Week-15,Q2,2023,1640.0,1177,3124,66,0.718,Swipe ,Bills,718.52,0
CUST_02824,Blue,150,1,101,09-04-2023,Week-15,Q2,2023,4511.0,754,2597,71,0.167,Swipe ,Entertainment,545.37,0
CUST_02827,Blue,95,1,97,09-04-2023,Week-15,Q2,2023,5997.0,0,1457,42,0.0,Online ,Fuel,349.68,0
CUST_02834,Blue,400,0,100,09-04-2023,Week-15,Q2,2023,1486.0,849,2380,43,0.571,Swipe ,Fuel,618.8,0
CUST_02836,Blue,285,0,87,09-04-2023,Week-15,Q2,2023,34516.0,2076,3647,65,0.06,Chip ,Fuel,437.64,1
CUST_02841,Blue,110,0,115,09-04-2023,Week-15,Q2,2023,2708.0,0,4277,90,0.0,Chip ,Entertainment,855.4,1
CUST_02847,Blue,200,0,47,09-04-2023,Week-15,Q2,2023,5712.0,1955,2617,54,0.342,Swipe ,Bills,680.42,0
CUST_02849,Blue,465,0,91,09-04-2023,Week-15,Q2,2023,4348.0,1830,4293,66,0.421,Swipe ,Bills,643.95,0
CUST_02856,Blue,460,0,91,09-04-2023,Week-15,Q2,2023,8514.0,2013,4098,74,0.236,Swipe ,Entertainment,1147.44,0
CUST_02860,Blue,350,1,62,09-04-2023,Week-15,Q2,2023,3094.0,2266,1591,37,0.732,Swipe ,Bills,143.19,0
CUST_02863,Blue,425,1,44,09-04-2023,Week-15,Q2,2023,9752.0,1423,14220,108,0.146,Swipe ,Food,1990.8,0
CUST_02865,Blue,175,1,72,09-04-2023,Week-15,Q2,2023,9132.0,800,3809,71,0.088,Swipe ,Bills,647.53,0
CUST_02868,Blue,355,0,73,09-04-2023,Week-15,Q2,2023,14344.0,2014,7359,85,0.14,Swipe ,Grocery,2060.52,0
CUST_02869,Blue,125,1,108,09-04-2023,Week-15,Q2,2023,3276.0,1915,4264,76,0.585,Chip ,Grocery,810.16,0
CUST_02871,Blue,125,1,53,09-04-2023,Week-15,Q2,2023,2486.0,1464,1378,27,0.589,Swipe ,Bills,192.92,0
CUST_02875,Blue,250,1,96,09-04-2023,Week-15,Q2,2023,1623.0,0,2126,45,0.0,Swipe ,Grocery,382.68,0
CUST_02877,Blue,125,1,75,09-04-2023,Week-15,Q2,2023,9716.0,874,5007,91,0.09,Chip ,Entertainment,600.84,0
CUST_02883,Gold,370,0,94,09-04-2023,Week-15,Q2,2023,3076.0,0,15514,123,0.0,Online ,Food,2792.52,0
CUST_02885,Blue,100,0,73,09-04-2023,Week-15,Q2,2023,8638.0,0,1295,29,0.0,Swipe ,Bills,155.4,0
CUST_02886,Blue,470,0,144,09-04-2023,Week-15,Q2,2023,1562.0,1057,5019,78,0.677,Swipe ,Grocery,451.71,0
CUST_02887,Blue,320,1,69,09-04-2023,Week-15,Q2,2023,1801.0,316,2252,42,0.175,Swipe ,Bills,360.32,0
CUST_02890,Blue,485,1,46,09-04-2023,Week-15,Q2,2023,9773.0,1998,3578,71,0.204,Swipe ,Fuel,536.7,0
CUST_02895,Blue,200,1,107,09-04-2023,Week-15,Q2,2023,18008.0,2517,2659,55,0.14,Swipe ,Grocery,345.67,0
CUST_02904,Blue,490,1,101,09-04-2023,Week-15,Q2,2023,1438.3,0,1739,44,0.0,Online ,Bills,330.41,0
CUST_02907,Blue,450,1,55,09-04-2023,Week-15,Q2,2023,6729.0,2375,2080,50,0.353,Swipe ,Entertainment,249.6,0
CUST_02908,Blue,410,0,123,09-04-2023,Week-15,Q2,2023,11927.0,675,1986,36,0.057,Swipe ,Bills,198.6,0
CUST_02909,Blue,150,1,88,09-04-2023,Week-15,Q2,2023,3606.0,0,1829,41,0.0,Swipe ,Grocery,493.83,0
CUST_02911,Blue,350,1,94,09-04-2023,Week-15,Q2,2023,2415.0,2050,4479,71,0.849,Swipe ,Entertainment,940.59,0
CUST_02914,Blue,250,1,112,09-04-2023,Week-15,Q2,2023,19063.0,1714,1270,21,0.09,Swipe ,Bills,241.3,0
CUST_02920,Blue,470,1,77,09-04-2023,Week-15,Q2,2023,1928.0,1125,2190,30,0.584,Swipe ,Bills,284.7,0
CUST_02923,Blue,490,1,89,09-04-2023,Week-15,Q2,2023,7427.0,1303,1596,42,0.175,Swipe ,Entertainment,351.12,0
CUST_02927,Blue,320,1,111,16-04-2023,Week-16,Q2,2023,3014.0,794,1488,30,0.263,Swipe ,Grocery,312.48,0
CUST_02928,Blue,295,1,158,16-04-2023,Week-16,Q2,2023,10620.0,2090,3453,68,0.197,Swipe ,Bills,932.31,0
CUST_02931,Blue,245,0,114,16-04-2023,Week-16,Q2,2023,7935.0,888,15380,122,0.112,Chip ,Travel,3383.6,0
CUST_02933,Blue,295,1,78,16-04-2023,Week-16,Q2,2023,2926.0,0,2775,74,0.0,Swipe ,Entertainment,721.5,0
CUST_02936,Blue,300,0,98,16-04-2023,Week-16,Q2,2023,6853.0,1679,3543,52,0.245,Swipe ,Entertainment,850.32,0
CUST_02944,Blue,250,0,117,16-04-2023,Week-16,Q2,2023,1479.0,1004,5116,75,0.679,Chip ,Travel,767.4,0
CUST_02949,Blue,355,0,117,16-04-2023,Week-16,Q2,2023,2994.0,2351,1540,32,0.785,Swipe ,Entertainment,184.8,0
CUST_02955,Blue,395,1,118,16-04-2023,Week-16,Q2,2023,3384.0,799,13152,100,0.236,Swipe ,Grocery,1578.24,1
CUST_02956,Blue,285,0,97,16-04-2023,Week-16,Q2,2023,7901.0,1184,3667,66,0.15,Online ,Entertainment,550.05,1
CUST_02957,Blue,385,1,79,16-04-2023,Week-16,Q2,2023,11778.0,0,2147,44,0.0,Chip ,Entertainment,579.69,1
CUST_02958,Blue,250,0,120,16-04-2023,Week-16,Q2,2023,5068.0,991,5173,64,0.196,Swipe ,Bills,1344.98,1
CUST_02961,Blue,250,0,99,16-04-2023,Week-16,Q2,2023,8149.0,0,808,30,0.0,Swipe ,Entertainment,161.6,1
CUST_02964,Blue,200,0,67,16-04-2023,Week-16,Q2,2023,3198.0,2493,1936,44,0.78,Swipe ,Bills,503.36,0
CUST_02969,Blue,140,0,55,16-04-2023,Week-16,Q2,2023,3088.0,2083,1561,40,0.675,Swipe ,Fuel,171.71,0
CUST_02971,Silver,125,1,52,16-04-2023,Week-16,Q2,2023,34516.0,2053,1487,26,0.059,Swipe ,Bills,252.79,0
CUST_02974,Blue,405,0,136,16-04-2023,Week-16,Q2,2023,4263.0,0,4876,70,0.0,Swipe ,Grocery,1316.52,0
CUST_02983,Blue,370,0,157,16-04-2023,Week-16,Q2,2023,15100.0,2004,4135,76,0.133,Swipe ,Food,620.25,0
CUST_02985,Blue,150,0,109,16-04-2023,Week-16,Q2,2023,29394.0,1002,14901,92,0.034,Swipe ,Bills,1341.09,0
CUST_02987,Blue,350,1,90,16-04-2023,Week-16,Q2,2023,2215.0,1347,4656,72,0.608,Swipe ,Bills,1070.88,0
CUST_02992,Blue,150,1,99,16-04-2023,Week-16,Q2,2023,5905.0,0,8883,83,0.0,Chip ,Travel,1776.6,0
CUST_02996,Blue,190,1,91,16-04-2023,Week-16,Q2,2023,1438.3,834,1890,43,0.58,Swipe ,Grocery,340.2,0
CUST_02997,Blue,370,0,116,16-04-2023,Week-16,Q2,2023,3291.0,1607,1984,38,0.488,Swipe ,Entertainment,396.8,0
CUST_02998,Gold,300,0,89,16-04-2023,Week-16,Q2,2023,34516.0,814,7889,98,0.024,Swipe ,Bills,552.23,0
CUST_03001,Blue,140,1,115,16-04-2023,Week-16,Q2,2023,3688.0,606,14596,120,0.164,Chip ,Travel,2919.2,0
CUST_03003,Blue,390,1,87,16-04-2023,Week-16,Q2,2023,1676.0,1372,4381,77,0.819,Swipe ,Bills,832.39,0
CUST_03007,Blue,250,0,99,16-04-2023,Week-16,Q2,2023,5397.0,1265,7791,84,0.234,Swipe ,Entertainment,857.01,0
CUST_03008,Blue,355,0,104,16-04-2023,Week-16,Q2,2023,18749.0,1314,1381,33,0.07,Swipe ,Entertainment,151.91,0
CUST_03012,Gold,370,1,112,16-04-2023,Week-16,Q2,2023,34516.0,2435,7758,98,0.071,Swipe ,Fuel,543.06,0
CUST_03013,Blue,375,1,66,16-04-2023,Week-16,Q2,2023,5190.0,1682,4900,81,0.324,Swipe ,Travel,735.0,0
CUST_03015,Blue,245,1,111,16-04-2023,Week-16,Q2,2023,13733.0,0,1591,30,0.0,Swipe ,Bills,127.28,0
CUST_03016,Blue,225,1,41,16-04-2023,Week-16,Q2,2023,2897.0,1601,1337,25,0.553,Swipe ,Bills,106.96,0
CUST_03017,Blue,450,1,116,16-04-2023,Week-16,Q2,2023,2507.0,1259,4461,73,0.502,Swipe ,Bills,267.66,0
CUST_03018,Blue,300,0,60,16-04-2023,Week-16,Q2,2023,2790.0,2185,3392,86,0.783,Swipe ,Fuel,814.08,0
CUST_03022,Blue,125,0,82,16-04-2023,Week-16,Q2,2023,1707.0,0,2060,52,0.0,Swipe ,Fuel,391.4,0
CUST_03025,Blue,270,0,89,16-04-2023,Week-16,Q2,2023,2463.0,1621,4118,70,0.658,Chip ,Fuel,823.6,0
CUST_03027,Silver,275,0,98,16-04-2023,Week-16,Q2,2023,19360.0,870,3966,78,0.045,Online ,Bills,674.22,0
CUST_03028,Blue,100,1,78,16-04-2023,Week-16,Q2,2023,6224.0,1892,2187,58,0.304,Swipe ,Fuel,262.44,0
CUST_03033,Blue,250,1,79,16-04-2023,Week-16,Q2,2023,24512.0,766,4561,78,0.031,Chip ,Entertainment,866.59,0
CUST_03035,Blue,290,0,84,16-04-2023,Week-16,Q2,2023,1630.0,0,4426,91,0.0,Chip ,Bills,619.64,0
CUST_03038,Blue,175,1,80,16-04-2023,Week-16,Q2,2023,1790.0,1474,2128,40,0.823,Chip ,Entertainment,340.48,0
CUST_03039,Blue,150,0,112,16-04-2023,Week-16,Q2,2023,2317.0,0,2214,41,0.0,Swipe ,Bills,265.68,0
CUST_03040,Blue,275,0,49,16-04-2023,Week-16,Q2,2023,3297.0,2297,1894,56,0.697,Swipe ,Bills,492.44,0
CUST_03044,Platinum,460,1,83,16-04-2023,Week-16,Q2,2023,4380.0,0,17258,121,0.0,Chip ,Bills,3796.76,0
CUST_03045,Blue,285,1,68,16-04-2023,Week-16,Q2,2023,2683.0,1707,1582,33,0.636,Swipe ,Entertainment,442.96,0
CUST_03046,Blue,150,1,78,16-04-2023,Week-16,Q2,2023,7232.0,1830,4337,71,0.253,Swipe ,Fuel,1170.99,0
CUST_03048,Blue,200,1,84,16-04-2023,Week-16,Q2,2023,2555.0,1701,3127,45,0.666,Swipe ,Grocery,875.56,0
CUST_03051,Blue,195,0,73,16-04-2023,Week-16,Q2,2023,34516.0,2061,3820,76,0.06,Chip ,Entertainment,611.2,0
CUST_03056,Blue,400,0,156,16-04-2023,Week-16,Q2,2023,5776.0,874,4029,72,0.151,Swipe ,Bills,765.51,0
CUST_03058,Gold,200,1,77,16-04-2023,Week-16,Q2,2023,10748.0,1084,16541,126,0.101,Chip ,Fuel,1819.51,1
CUST_03059,Blue,370,1,76,16-04-2023,Week-16,Q2,2023,5702.0,2165,14970,120,0.38,Chip ,Travel,3293.4,1
CUST_03060,Blue,250,1,53,16-04-2023,Week-16,Q2,2023,14434.0,1927,1731,32,0.134,Swipe ,Fuel,450.06,1
CUST_03061,Blue,475,0,97,16-04-2023,Week-16,Q2,2023,2159.0,1004,1353,30,0.465,Swipe ,Entertainment,230.01,1
CUST_03062,Blue,195,0,85,16-04-2023,Week-16,Q2,2023,1438.3,0,4314,82,0.0,Swipe ,Bills,992.22,1
CUST_03064,Blue,465,1,74,16-04-2023,Week-16,Q2,2023,1438.3,0,4707,88,0.0,Swipe ,Bills,470.7,1
CUST_03065,Blue,415,0,67,16-04-2023,Week-16,Q2,2023,2352.0,2176,5209,93,0.925,Swipe ,Grocery,937.62,0
CUST_03066,Blue,270,0,71,16-04-2023,Week-16,Q2,2023,2791.0,2160,2214,56,0.774,Swipe ,Fuel,509.22,0
CUST_03071,Platinum,415,1,69,16-04-2023,Week-16,Q2,2023,7539.0,0,15293,129,0.0,Swipe ,Fuel,3211.53,0
CUST_03072,Blue,95,0,72,16-04-2023,Week-16,Q2,2023,4146.0,2027,4323,64,0.489,Swipe ,Fuel,1037.52,0
CUST_03078,Blue,320,0,155,16-04-2023,Week-16,Q2,2023,1586.0,0,2109,41,0.0,Swipe ,Fuel,274.17,0
CUST_03079,Blue,280,1,112,16-04-2023,Week-16,Q2,2023,9642.0,1431,2172,33,0.148,Swipe ,Food,499.56,0
CUST_03080,Blue,125,0,96,16-04-2023,Week-16,Q2,2023,2019.0,803,8426,102,0.398,Swipe ,Food,1263.9,0
CUST_03081,Blue,355,1,59,16-04-2023,Week-16,Q2,2023,30666.0,1046,3709,66,0.034,Chip ,Fuel,1001.43,0
CUST_03083,Blue,480,1,119,16-04-2023,Week-16,Q2,2023,13770.0,2517,1582,36,0.183,Online ,Bills,205.66,0
CUST_03095,Blue,250,0,88,16-04-2023,Week-16,Q2,2023,6610.0,1663,4735,83,0.252,Swipe ,Bills,804.95,0
CUST_03096,Blue,200,0,101,16-04-2023,Week-16,Q2,2023,11000.0,1013,7302,86,0.092,Swipe ,Food,1752.48,0
CUST_03101,Blue,345,1,95,16-04-2023,Week-16,Q2,2023,4942.0,2119,7460,85,0.429,Swipe ,Food,2088.8,0
CUST_03102,Blue,480,0,114,16-04-2023,Week-16,Q2,2023,8026.0,2202,4072,72,0.274,Swipe ,Entertainment,529.36,0
CUST_03106,Blue,400,1,100,16-04-2023,Week-16,Q2,2023,12889.0,1822,8272,79,0.141,Swipe ,Bills,744.48,0
CUST_03108,Blue,475,0,118,16-04-2023,Week-16,Q2,2023,3052.0,1603,4210,82,0.525,Swipe ,Fuel,547.3,0
CUST_03111,Blue,390,0,117,16-04-2023,Week-16,Q2,2023,3539.0,2517,1677,45,0.711,Swipe ,Grocery,402.48,0
CUST_03112,Blue,420,0,118,16-04-2023,Week-16,Q2,2023,31302.0,1953,1564,35,0.062,Swipe ,Travel,156.4,0
CUST_03119,Blue,175,1,157,16-04-2023,Week-16,Q2,2023,3144.0,1787,4758,67,0.568,Swipe ,Fuel,1332.24,0
CUST_03124,Blue,395,1,116,23-04-2023,Week-17,Q2,2023,2577.0,1450,4576,83,0.563,Swipe ,Travel,594.88,0
CUST_03127,Blue,300,1,81,23-04-2023,Week-17,Q2,2023,3336.0,1753,1168,27,0.525,Swipe ,Travel,163.52,0
CUST_03128,Blue,125,1,101,23-04-2023,Week-17,Q2,2023,7372.0,1210,1707,56,0.164,Swipe ,Grocery,119.49,0
CUST_03129,Blue,370,1,94,23-04-2023,Week-17,Q2,2023,1809.0,0,2123,44,0.0,Swipe ,Grocery,148.61,0
CUST_03131,Blue,250,1,164,23-04-2023,Week-17,Q2,2023,5667.0,2517,2176,38,0.444,Chip ,Fuel,435.2,0
CUST_03132,Blue,380,1,112,23-04-2023,Week-17,Q2,2023,7970.0,2282,1872,41,0.286,Chip ,Entertainment,224.64,0
CUST_03133,Silver,190,1,119,23-04-2023,Week-17,Q2,2023,3263.0,1525,14649,110,0.467,Chip ,Travel,878.94,0
CUST_03134,Blue,100,1,122,23-04-2023,Week-17,Q2,2023,2778.0,743,4515,74,0.267,Swipe ,Bills,1038.45,0
CUST_03140,Blue,440,0,109,23-04-2023,Week-17,Q2,2023,2757.0,1425,3992,76,0.517,Chip ,Fuel,479.04,0
CUST_03144,Blue,250,0,56,23-04-2023,Week-17,Q2,2023,2281.0,1677,2735,58,0.735,Swipe ,Grocery,656.4,0
CUST_03146,Blue,415,1,159,23-04-2023,Week-17,Q2,2023,4349.0,1400,4694,84,0.322,Swipe ,Food,469.4,0
CUST_03147,Blue,290,1,87,23-04-2023,Week-17,Q2,2023,13457.0,1044,3303,66,0.078,Online ,Entertainment,429.39,0
CUST_03149,Blue,445,0,117,23-04-2023,Week-17,Q2,2023,4431.0,2517,2185,48,0.568,Swipe ,Food,284.05,0
CUST_03150,Silver,380,1,77,23-04-2023,Week-17,Q2,2023,13411.0,1736,12493,113,0.129,Swipe ,Entertainment,2123.81,0
CUST_03152,Blue,280,1,62,23-04-2023,Week-17,Q2,2023,18513.0,2517,1567,33,0.136,Swipe ,Entertainment,438.76,0
CUST_03155,Blue,370,1,89,23-04-2023,Week-17,Q2,2023,9264.0,629,4107,79,0.068,Swipe ,Fuel,533.91,1
CUST_03161,Silver,200,1,90,23-04-2023,Week-17,Q2,2023,34516.0,400,5112,49,0.012,Chip ,Travel,1073.52,0
CUST_03173,Silver,220,0,144,23-04-2023,Week-17,Q2,2023,13609.0,1432,7796,77,0.105,Swipe ,Grocery,467.76,0
CUST_03182,Blue,440,0,107,23-04-2023,Week-17,Q2,2023,34516.0,0,1996,48,0.0,Swipe ,Fuel,219.56,0
CUST_03185,Blue,285,1,89,23-04-2023,Week-17,Q2,2023,3540.0,849,1321,28,0.24,Swipe ,Bills,145.31,0
CUST_03188,Blue,250,1,68,23-04-2023,Week-17,Q2,2023,10305.0,1870,4018,63,0.181,Swipe ,Bills,1044.68,0
CUST_03195,Blue,125,1,152,23-04-2023,Week-17,Q2,2023,3918.0,2517,2115,42,0.642,Swipe ,Bills,232.65,0
CUST_03205,Blue,270,0,106,23-04-2023,Week-17,Q2,2023,2406.0,1560,1173,32,0.648,Swipe ,Travel,129.03,0
CUST_03207,Blue,200,1,88,23-04-2023,Week-17,Q2,2023,2930.0,773,1545,21,0.264,Swipe ,Entertainment,355.35,0
CUST_03208,Blue,200,1,120,23-04-2023,Week-17,Q2,2023,3624.0,0,4749,82,0.0,Chip ,Grocery,1044.78,0
CUST_03209,Blue,225,0,75,23-04-2023,Week-17,Q2,2023,2466.0,1750,5005,76,0.71,Swipe ,Food,1251.25,0
CUST_03210,Blue,245,0,89,23-04-2023,Week-17,Q2,2023,3666.0,1739,4735,84,0.474,Online ,Bills,473.5,0
CUST_03211,Blue,250,0,120,23-04-2023,Week-17,Q2,2023,5557.0,2246,2299,39,0.404,Swipe ,Food,528.77,0
CUST_03232,Blue,275,0,48,23-04-2023,Week-17,Q2,2023,11557.0,1050,4064,75,0.091,Chip ,Entertainment,1056.64,0
CUST_03236,Blue,285,1,146,23-04-2023,Week-17,Q2,2023,2177.0,1329,7037,82,0.61,Swipe ,Bills,985.18,0
CUST_03239,Blue,380,0,42,23-04-2023,Week-17,Q2,2023,3117.0,1400,4391,85,0.449,Swipe ,Bills,1229.48,0
CUST_03245,Blue,150,1,97,23-04-2023,Week-17,Q2,2023,3605.0,0,6800,78,0.0,Swipe ,Entertainment,748.0,0
CUST_03246,Blue,340,0,76,23-04-2023,Week-17,Q2,2023,13387.0,0,3706,81,0.0,Swipe ,Fuel,407.66,0
CUST_03252,Blue,100,1,81,23-04-2023,Week-17,Q2,2023,4008.0,1650,5429,71,0.412,Swipe ,Food,1085.8,0
CUST_03258,Blue,300,1,68,23-04-2023,Week-17,Q2,2023,1825.0,1389,2878,54,0.761,Swipe ,Bills,575.6,0
CUST_03266,Blue,435,1,100,23-04-2023,Week-17,Q2,2023,1495.0,0,2220,50,0.0,Chip ,Fuel,488.4,0
CUST_03273,Blue,480,0,76,23-04-2023,Week-17,Q2,2023,5989.0,0,5843,60,0.0,Swipe ,Grocery,1519.18,0
CUST_03275,Blue,250,1,77,23-04-2023,Week-17,Q2,2023,7093.0,918,3877,75,0.129,Chip ,Grocery,542.78,0
CUST_03280,Blue,100,1,134,23-04-2023,Week-17,Q2,2023,15769.0,0,602,15,0.0,Swipe ,Travel,42.14,0
CUST_03282,Blue,385,1,84,23-04-2023,Week-17,Q2,2023,2572.0,1161,4315,85,0.451,Online ,Bills,345.2,0
CUST_03288,Blue,330,1,119,23-04-2023,Week-17,Q2,2023,5576.0,0,4322,85,0.0,Chip ,Entertainment,994.06,0
CUST_03289,Blue,300,1,99,23-04-2023,Week-17,Q2,2023,8063.0,1485,4275,77,0.184,Chip ,Grocery,384.75,0
CUST_03291,Gold,340,0,111,23-04-2023,Week-17,Q2,2023,34516.0,2517,8248,66,0.073,Swipe ,Bills,1072.24,0
CUST_03296,Silver,475,1,86,23-04-2023,Week-17,Q2,2023,11060.0,1647,4545,83,0.149,Chip ,Entertainment,863.55,0
CUST_03298,Blue,110,1,88,23-04-2023,Week-17,Q2,2023,1776.0,1519,4295,60,0.855,Swipe ,Grocery,773.1,0
CUST_03299,Blue,460,1,139,23-04-2023,Week-17,Q2,2023,7939.0,0,2269,42,0.0,Chip ,Bills,204.21,0
CUST_03300,Blue,275,1,76,23-04-2023,Week-17,Q2,2023,30997.0,2330,3821,81,0.075,Swipe ,Grocery,229.26,0
CUST_03306,Blue,490,1,99,23-04-2023,Week-17,Q2,2023,9511.0,2220,7041,95,0.233,Swipe ,Food,704.1,1
CUST_03308,Blue,475,1,107,23-04-2023,Week-17,Q2,2023,1438.3,0,4509,80,0.0,Swipe ,Bills,586.17,0
CUST_03310,Blue,300,0,76,23-04-2023,Week-17,Q2,2023,31639.0,2446,7119,86,0.077,Swipe ,Grocery,2064.51,0
CUST_03313,Blue,445,1,123,23-04-2023,Week-17,Q2,2023,14041.0,2154,1467,29,0.153,Swipe ,Travel,278.73,0
CUST_03315,Blue,360,0,117,30-04-2023,Week-18,Q2,2023,11464.0,0,3660,55,0.0,Swipe ,Bills,402.6,0
CUST_03317,Blue,405,1,98,30-04-2023,Week-18,Q2,2023,2402.0,1892,4610,76,0.788,Swipe ,Bills,599.3,0
CUST_03318,Blue,245,0,100,30-04-2023,Week-18,Q2,2023,12663.0,1028,3297,54,0.081,Swipe ,Bills,197.82,0
CUST_03320,Blue,195,1,104,30-04-2023,Week-18,Q2,2023,1484.0,0,1664,39,0.0,Swipe ,Bills,349.44,0
CUST_03321,Blue,320,1,111,30-04-2023,Week-18,Q2,2023,1781.0,0,4593,81,0.0,Swipe ,Food,918.6,0
CUST_03326,Blue,495,1,105,30-04-2023,Week-18,Q2,2023,3838.0,1736,1467,29,0.452,Swipe ,Entertainment,176.04,0
CUST_03329,Blue,250,0,97,30-04-2023,Week-18,Q2,2023,2532.0,2124,3400,76,0.839,Swipe ,Bills,884.0,0
CUST_03330,Silver,450,0,94,30-04-2023,Week-18,Q2,2023,30428.0,1721,4178,69,0.057,Swipe ,Entertainment,459.58,0
CUST_03334,Blue,460,0,107,30-04-2023,Week-18,Q2,2023,8960.0,1054,1488,26,0.118,Swipe ,Bills,193.44,0
CUST_03335,Blue,200,1,76,30-04-2023,Week-18,Q2,2023,2523.0,1877,2005,50,0.744,Online ,Travel,401.0,0
CUST_03351,Blue,290,0,102,30-04-2023,Week-18,Q2,2023,17811.0,643,3748,79,0.036,Chip ,Bills,524.72,0
CUST_03352,Blue,330,0,87,30-04-2023,Week-18,Q2,2023,1615.0,950,2212,43,0.588,Chip ,Food,221.2,0
CUST_03353,Blue,445,1,70,30-04-2023,Week-18,Q2,2023,34516.0,0,3250,63,0.0,Online ,Entertainment,812.5,0
CUST_03354,Blue,300,0,69,30-04-2023,Week-18,Q2,2023,1438.3,0,4601,78,0.0,Swipe ,Food,1012.22,0
CUST_03356,Blue,300,0,67,30-04-2023,Week-18,Q2,2023,6363.0,1029,1542,16,0.162,Swipe ,Bills,169.62,0
CUST_03371,Blue,200,1,98,30-04-2023,Week-18,Q2,2023,4260.0,1775,2109,52,0.417,Swipe ,Bills,442.89,0
CUST_03376,Blue,245,1,61,30-04-2023,Week-18,Q2,2023,8876.0,1132,3779,78,0.128,Chip ,Fuel,491.27,0
CUST_03379,Blue,245,1,94,30-04-2023,Week-18,Q2,2023,6224.0,0,8979,68,0.0,Chip ,Entertainment,897.9,0
CUST_03380,Blue,250,0,100,30-04-2023,Week-18,Q2,2023,2297.0,0,1941,51,0.0,Swipe ,Entertainment,427.02,0
CUST_03383,Blue,250,1,112,30-04-2023,Week-18,Q2,2023,4129.0,0,1678,40,0.0,Swipe ,Entertainment,436.28,0
CUST_03384,Blue,330,0,96,30-04-2023,Week-18,Q2,2023,2774.0,1362,4802,91,0.491,Chip ,Fuel,1104.46,0
CUST_03388,Blue,250,1,130,30-04-2023,Week-18,Q2,2023,3239.0,2356,4621,91,0.727,Swipe ,Bills,739.36,0
CUST_03393,Blue,200,0,90,30-04-2023,Week-18,Q2,2023,1438.3,788,4297,65,0.548,Swipe ,Grocery,386.73,0
CUST_03394,Blue,345,0,95,30-04-2023,Week-18,Q2,2023,1606.0,798,2229,45,0.497,Swipe ,Bills,289.77,0
CUST_03397,Blue,490,1,97,30-04-2023,Week-18,Q2,2023,21637.0,2030,1222,23,0.094,Swipe ,Travel,354.38,0
CUST_03398,Silver,150,1,80,30-04-2023,Week-18,Q2,2023,4755.0,0,15999,109,0.0,Swipe ,Entertainment,959.94,0
CUST_03400,Blue,290,0,65,30-04-2023,Week-18,Q2,2023,2773.0,2080,3567,73,0.75,Swipe ,Grocery,463.71,0
CUST_03401,Blue,320,1,82,30-04-2023,Week-18,Q2,2023,1502.0,0,2204,36,0.0,Chip ,Grocery,176.32,0
CUST_03405,Silver,435,0,106,30-04-2023,Week-18,Q2,2023,12100.0,1350,13138,115,0.112,Swipe ,Entertainment,1707.94,0
CUST_03406,Blue,200,1,94,30-04-2023,Week-18,Q2,2023,7065.0,990,3758,65,0.14,Online ,Fuel,939.5,0
CUST_03411,Blue,360,0,105,30-04-2023,Week-18,Q2,2023,1913.0,1272,1448,22,0.665,Swipe ,Bills,173.76,0
CUST_03413,Blue,435,0,90,30-04-2023,Week-18,Q2,2023,2819.0,0,2128,39,0.0,Chip ,Bills,425.6,0
CUST_03423,Blue,125,1,50,30-04-2023,Week-18,Q2,2023,5779.0,2517,2102,32,0.436,Swipe ,Bills,378.36,0
CUST_03425,Blue,300,0,81,30-04-2023,Week-18,Q2,2023,3594.0,1996,14881,109,0.555,Chip ,Fuel,1190.48,0
CUST_03429,Blue,325,1,102,30-04-2023,Week-18,Q2,2023,2758.0,2017,4119,73,0.731,Chip ,Entertainment,576.66,0
CUST_03430,Blue,245,1,96,30-04-2023,Week-18,Q2,2023,2434.0,0,4628,73,0.0,Chip ,Fuel,971.88,0
CUST_03434,Blue,480,1,73,30-04-2023,Week-18,Q2,2023,6660.0,1362,2660,51,0.205,Swipe ,Bills,212.8,0
CUST_03435,Blue,245,0,77,30-04-2023,Week-18,Q2,2023,1438.3,725,3916,79,0.504,Swipe ,Fuel,234.96,0
CUST_03439,Blue,200,0,41,30-04-2023,Week-18,Q2,2023,2727.0,834,1294,26,0.306,Swipe ,Fuel,181.16,0
CUST_03442,Blue,270,1,149,30-04-2023,Week-18,Q2,2023,24580.0,2517,3069,62,0.102,Swipe ,Bills,398.97,0
CUST_03444,Blue,250,0,91,30-04-2023,Week-18,Q2,2023,3143.0,2268,4417,84,0.722,Swipe ,Food,530.04,0
CUST_03456,Blue,175,1,107,30-04-2023,Week-18,Q2,2023,2216.0,1992,4103,77,0.899,Swipe ,Bills,451.33,1
CUST_03458,Blue,395,1,59,30-04-2023,Week-18,Q2,2023,4327.0,0,2344,48,0.0,Swipe ,Entertainment,586.0,1
CUST_03460,Blue,495,1,131,30-04-2023,Week-18,Q2,2023,1971.0,979,5446,75,0.497,Online ,Entertainment,980.28,0
CUST_03461,Blue,250,0,71,30-04-2023,Week-18,Q2,2023,1578.0,760,2017,43,0.482,Swipe ,Bills,141.19,0
CUST_03464,Silver,220,1,75,30-04-2023,Week-18,Q2,2023,30186.0,0,4070,74,0.0,Chip ,Entertainment,1180.3,0
CUST_03465,Blue,270,1,112,30-04-2023,Week-18,Q2,2023,6979.0,898,1665,44,0.129,Swipe ,Travel,249.75,0
CUST_03466,Silver,335,0,77,30-04-2023,Week-18,Q2,2023,5611.0,0,16557,120,0.0,Chip ,Travel,4470.39,0
CUST_03468,Blue,425,1,41,30-04-2023,Week-18,Q2,2023,3050.0,2517,4698,75,0.825,Swipe ,Fuel,563.76,0
CUST_03470,Blue,360,1,157,30-04-2023,Week-18,Q2,2023,9703.0,941,4190,81,0.097,Chip ,Grocery,251.4,0
CUST_03471,Blue,380,0,113,30-04-2023,Week-18,Q2,2023,17158.0,1211,4153,91,0.071,Swipe ,Entertainment,539.89,0
CUST_03474,Blue,110,0,89,30-04-2023,Week-18,Q2,2023,4871.0,0,2773,34,0.0,Chip ,Bills,554.6,0
CUST_03482,Blue,125,1,87,30-04-2023,Week-18,Q2,2023,2873.0,1714,4620,81,0.597,Online ,Bills,1155.0,0
CUST_03483,Blue,460,1,86,30-04-2023,Week-18,Q2,2023,9906.0,1759,4033,76,0.178,Swipe ,Grocery,282.31,0
CUST_03486,Blue,225,1,111,30-04-2023,Week-18,Q2,2023,3068.0,2071,5524,71,0.675,Online ,Bills,386.68,0
CUST_03488,Blue,300,1,53,30-04-2023,Week-18,Q2,2023,34516.0,2517,1789,48,0.073,Chip ,Grocery,214.68,0
CUST_03496,Blue,360,1,140,30-04-2023,Week-18,Q2,2023,2171.0,1415,4992,77,0.652,Chip ,Fuel,1148.16,0
CUST_03498,Blue,365,0,91,30-04-2023,Week-18,Q2,2023,4328.0,670,1580,54,0.155,Swipe ,Bills,395.0,0
CUST_03502,Blue,245,1,102,30-04-2023,Week-18,Q2,2023,2343.0,2066,4858,69,0.882,Swipe ,Food,485.8,0
CUST_03509,Blue,220,1,171,30-04-2023,Week-18,Q2,2023,3173.0,2517,2763,51,0.793,Swipe ,Bills,248.67,0
CUST_03510,Blue,365,0,100,07-05-2023,Week-19,Q2,2023,3764.0,0,1572,57,0.0,Swipe ,Bills,157.2,0
CUST_03519,Blue,430,1,118,07-05-2023,Week-19,Q2,2023,1438.3,0,4591,74,0.0,Swipe ,Grocery,734.56,0
CUST_03521,Blue,300,1,125,07-05-2023,Week-19,Q2,2023,5988.0,660,10211,68,0.11,Chip ,Travel,1123.21,0
CUST_03523,Gold,100,1,89,07-05-2023,Week-19,Q2,2023,15987.0,1973,7345,98,0.123,Swipe ,Bills,1175.2,0
CUST_03525,Blue,300,0,118,07-05-2023,Week-19,Q2,2023,7038.0,1801,2339,57,0.256,Swipe ,Travel,257.29,0
CUST_03527,Blue,220,0,42,07-05-2023,Week-19,Q2,2023,10851.0,1101,3688,65,0.101,Swipe ,Entertainment,221.28,0
CUST_03528,Blue,250,1,119,07-05-2023,Week-19,Q2,2023,6065.0,1728,1114,27,0.285,Swipe ,Entertainment,66.84,0
CUST_03533,Blue,125,0,43,07-05-2023,Week-19,Q2,2023,2222.0,1551,3302,65,0.698,Swipe ,Bills,528.32,0
CUST_03534,Blue,295,0,92,07-05-2023,Week-19,Q2,2023,2804.0,1782,4357,69,0.636,Swipe ,Grocery,435.7,0
CUST_03539,Blue,125,1,53,07-05-2023,Week-19,Q2,2023,2158.0,1729,1718,42,0.801,Swipe ,Entertainment,309.24,0
CUST_03542,Gold,325,1,76,07-05-2023,Week-19,Q2,2023,4404.0,2272,15709,93,0.516,Chip ,Travel,2827.62,0
CUST_03543,Blue,285,0,87,07-05-2023,Week-19,Q2,2023,5802.0,2490,3386,53,0.429,Swipe ,Entertainment,643.34,0
CUST_03544,Blue,395,1,81,07-05-2023,Week-19,Q2,2023,34516.0,0,1370,38,0.0,Chip ,Travel,178.1,0
CUST_03551,Blue,125,0,73,07-05-2023,Week-19,Q2,2023,2849.0,1741,8669,99,0.611,Swipe ,Bills,2080.56,0
CUST_03556,Blue,455,1,65,07-05-2023,Week-19,Q2,2023,4051.0,1183,1837,57,0.292,Swipe ,Bills,293.92,0
CUST_03567,Blue,270,0,51,07-05-2023,Week-19,Q2,2023,4838.0,1338,2641,67,0.277,Swipe ,Grocery,184.87,0
CUST_03575,Blue,420,0,78,07-05-2023,Week-19,Q2,2023,3003.0,1810,3148,68,0.603,Swipe ,Bills,503.68,0
CUST_03579,Blue,175,1,75,07-05-2023,Week-19,Q2,2023,9050.0,1538,1542,43,0.17,Swipe ,Bills,246.72,0
CUST_03583,Blue,250,1,93,07-05-2023,Week-19,Q2,2023,1438.3,0,4102,78,0.0,Chip ,Food,738.36,1
CUST_03596,Platinum,225,1,81,07-05-2023,Week-19,Q2,2023,34516.0,1913,16712,123,0.055,Chip ,Travel,3843.76,0
CUST_03598,Blue,325,0,111,07-05-2023,Week-19,Q2,2023,5076.0,1223,2675,57,0.241,Swipe ,Entertainment,508.25,0
CUST_03602,Blue,475,0,72,07-05-2023,Week-19,Q2,2023,1438.3,965,4182,81,0.671,Swipe ,Grocery,1087.32,0
CUST_03603,Blue,125,1,109,07-05-2023,Week-19,Q2,2023,1931.0,0,2482,40,0.0,Swipe ,Travel,273.02,0
CUST_03609,Blue,125,1,116,07-05-2023,Week-19,Q2,2023,3123.0,1639,4117,76,0.525,Swipe ,Grocery,699.89,0
CUST_03615,Blue,175,0,65,07-05-2023,Week-19,Q2,2023,2319.0,1347,7558,85,0.581,Swipe ,Bills,680.22,0
CUST_03616,Blue,125,1,113,07-05-2023,Week-19,Q2,2023,1891.0,1134,5255,77,0.6,Swipe ,Food,472.95,0
CUST_03617,Blue,300,0,69,07-05-2023,Week-19,Q2,2023,2808.0,1720,5137,81,0.613,Swipe ,Food,873.29,0
CUST_03618,Blue,480,1,102,07-05-2023,Week-19,Q2,2023,7231.0,2381,1421,23,0.329,Swipe ,Bills,241.57,0
CUST_03621,Blue,375,0,99,07-05-2023,Week-19,Q2,2023,4978.0,923,5025,62,0.185,Swipe ,Food,753.75,0
CUST_03622,Blue,100,0,86,07-05-2023,Week-19,Q2,2023,4953.0,2039,4026,53,0.412,Swipe ,Food,764.94,0
CUST_03626,Blue,405,0,163,07-05-2023,Week-19,Q2,2023,3210.0,2081,3962,62,0.648,Swipe ,Bills,871.64,0
CUST_03636,Blue,420,0,81,07-05-2023,Week-19,Q2,2023,3073.0,2517,4858,77,0.819,Swipe ,Fuel,680.12,0
CUST_03644,Blue,245,0,114,07-05-2023,Week-19,Q2,2023,15944.0,0,9360,67,0.0,Chip ,Bills,1965.6,0
CUST_03647,Blue,300,0,62,07-05-2023,Week-19,Q2,2023,3312.0,1844,1740,32,0.557,Swipe ,Bills,504.6,0
CUST_03650,Blue,270,1,60,07-05-2023,Week-19,Q2,2023,15554.0,2497,2836,61,0.161,Swipe ,Fuel,255.24,0
CUST_03652,Blue,175,0,83,07-05-2023,Week-19,Q2,2023,1503.0,929,4680,67,0.618,Swipe ,Food,1170.0,0
CUST_03657,Blue,100,1,92,07-05-2023,Week-19,Q2,2023,7169.0,629,8216,80,0.088,Swipe ,Bills,657.28,0
CUST_03662,Blue,125,0,93,07-05-2023,Week-19,Q2,2023,1734.0,980,4313,92,0.565,Online ,Bills,1164.51,1
CUST_03667,Blue,245,1,79,07-05-2023,Week-19,Q2,2023,1645.0,0,3838,60,0.0,Online ,Entertainment,690.84,0
CUST_03669,Blue,125,1,76,07-05-2023,Week-19,Q2,2023,17126.0,1201,3891,79,0.07,Online ,Entertainment,505.83,0
CUST_03678,Blue,250,1,86,07-05-2023,Week-19,Q2,2023,23714.0,0,8463,62,0.0,Chip ,Grocery,2031.12,0
CUST_03680,Blue,425,1,108,07-05-2023,Week-19,Q2,2023,7646.0,1010,1667,47,0.132,Swipe ,Entertainment,316.73,0
CUST_03681,Blue,430,1,146,07-05-2023,Week-19,Q2,2023,9642.0,2517,1401,35,0.261,Swipe ,Bills,308.22,0
CUST_03685,Blue,110,1,88,07-05-2023,Week-19,Q2,2023,2939.0,1999,2434,33,0.68,Swipe ,Bills,559.82,0
CUST_03687,Blue,390,1,112,07-05-2023,Week-19,Q2,2023,18177.0,841,8512,94,0.046,Swipe ,Grocery,4042.88,0
CUST_03689,Blue,250,0,81,07-05-2023,Week-19,Q2,2023,34516.0,761,4313,82,0.022,Swipe ,Bills,991.99,0
CUST_03690,Blue,125,0,99,07-05-2023,Week-19,Q2,2023,2295.0,1277,2245,47,0.556,Chip ,Bills,336.75,0
CUST_03694,Blue,95,0,99,07-05-2023,Week-19,Q2,2023,11077.0,573,8165,87,0.052,Chip ,Entertainment,2122.9,0
CUST_03704,Blue,220,1,107,07-05-2023,Week-19,Q2,2023,3515.0,0,15079,116,0.0,Swipe ,Bills,3769.75,0
CUST_03705,Silver,150,1,152,14-05-2023,Week-20,Q2,2023,34516.0,1664,4912,80,0.048,Swipe ,Bills,982.4,0
CUST_03707,Blue,150,1,119,14-05-2023,Week-20,Q2,2023,5000.0,942,4077,81,0.188,Swipe ,Bills,937.71,0
CUST_03708,Silver,325,1,73,14-05-2023,Week-20,Q2,2023,21425.0,1459,3704,60,0.068,Swipe ,Fuel,1037.12,0
CUST_03718,Blue,360,1,73,14-05-2023,Week-20,Q2,2023,3117.0,1603,1437,37,0.514,Swipe ,Bills,114.96,0
CUST_03721,Blue,375,0,102,14-05-2023,Week-20,Q2,2023,27391.0,587,2862,56,0.021,Chip ,Grocery,772.74,0
CUST_03722,Blue,175,1,78,14-05-2023,Week-20,Q2,2023,8995.0,1547,2398,61,0.172,Swipe ,Bills,335.72,0
CUST_03724,Blue,390,1,88,14-05-2023,Week-20,Q2,2023,3735.0,2113,7059,82,0.566,Swipe ,Entertainment,1341.21,0
CUST_03729,Blue,285,1,120,14-05-2023,Week-20,Q2,2023,3025.0,1912,4626,78,0.632,Chip ,Entertainment,1017.72,1
CUST_03740,Blue,250,0,76,14-05-2023,Week-20,Q2,2023,9449.0,1914,4658,93,0.203,Swipe ,Food,791.86,0
CUST_03750,Blue,425,1,91,14-05-2023,Week-20,Q2,2023,1438.3,0,4565,84,0.0,Swipe ,Bills,1323.85,0
CUST_03754,Blue,200,1,152,14-05-2023,Week-20,Q2,2023,3273.0,2517,2726,57,0.769,Swipe ,Food,354.38,0
CUST_03756,Blue,345,1,95,14-05-2023,Week-20,Q2,2023,5991.0,1993,1867,53,0.333,Swipe ,Bills,448.08,0
CUST_03762,Blue,250,1,75,14-05-2023,Week-20,Q2,2023,3734.0,2517,4792,87,0.674,Swipe ,Bills,1006.32,0
CUST_03768,Blue,440,0,67,14-05-2023,Week-20,Q2,2023,3375.0,0,13992,103,0.0,Chip ,Bills,1259.28,0
CUST_03769,Blue,395,1,85,14-05-2023,Week-20,Q2,2023,8082.0,1138,4277,59,0.141,Chip ,Entertainment,684.32,0
CUST_03773,Blue,345,1,107,14-05-2023,Week-20,Q2,2023,3657.0,1687,2758,55,0.461,Swipe ,Fuel,799.82,0
CUST_03774,Blue,125,1,43,14-05-2023,Week-20,Q2,2023,5362.0,1901,1553,38,0.355,Swipe ,Entertainment,310.6,0
CUST_03777,Blue,400,1,118,14-05-2023,Week-20,Q2,2023,1438.3,812,3868,80,0.565,Swipe ,Food,464.16,0
CUST_03778,Gold,140,1,89,14-05-2023,Week-20,Q2,2023,23981.0,1399,14840,125,0.058,Chip ,Bills,2374.4,0
CUST_03781,Blue,480,1,119,14-05-2023,Week-20,Q2,2023,24287.0,1676,5495,69,0.069,Chip ,Travel,1099.0,0
CUST_03785,Blue,375,1,103,14-05-2023,Week-20,Q2,2023,1438.3,0,4401,73,0.0,Swipe ,Fuel,264.06,0
CUST_03786,Blue,460,0,89,14-05-2023,Week-20,Q2,2023,6230.0,1173,3769,77,0.188,Chip ,Bills,791.49,0
CUST_03788,Blue,365,1,53,14-05-2023,Week-20,Q2,2023,10309.0,0,1760,40,0.0,Swipe ,Bills,334.4,0
CUST_03791,Blue,245,1,113,14-05-2023,Week-20,Q2,2023,34458.0,846,8271,94,0.025,Swipe ,Grocery,1406.07,0
CUST_03795,Blue,100,1,113,14-05-2023,Week-20,Q2,2023,1912.0,0,4851,87,0.0,Swipe ,Entertainment,1164.24,0
CUST_03796,Blue,415,1,55,14-05-2023,Week-20,Q2,2023,11450.0,2129,2197,45,0.186,Online ,Entertainment,351.52,0
CUST_03800,Blue,335,1,98,14-05-2023,Week-20,Q2,2023,11106.0,2107,1243,24,0.19,Online ,Travel,186.45,0
CUST_03814,Blue,250,1,89,14-05-2023,Week-20,Q2,2023,6116.0,2517,2369,56,0.412,Online ,Entertainment,687.01,1
CUST_03816,Blue,250,1,108,14-05-2023,Week-20,Q2,2023,9761.0,1470,14334,97,0.151,Swipe ,Food,860.04,1
CUST_03818,Blue,450,0,132,14-05-2023,Week-20,Q2,2023,25937.0,0,3785,68,0.0,Chip ,Grocery,832.7,0
CUST_03827,Blue,225,1,68,14-05-2023,Week-20,Q2,2023,2431.0,0,3323,65,0.0,Swipe ,Fuel,564.91,0
CUST_03828,Blue,335,0,107,14-05-2023,Week-20,Q2,2023,1438.3,978,947,33,0.68,Swipe ,Entertainment,179.93,0
CUST_03834,Blue,330,1,118,14-05-2023,Week-20,Q2,2023,2838.0,2517,3493,65,0.887,Swipe ,Fuel,558.88,0
CUST_03835,Silver,475,0,41,14-05-2023,Week-20,Q2,2023,34516.0,1893,3639,76,0.055,Swipe ,Bills,1055.31,0
CUST_03843,Blue,435,0,88,14-05-2023,Week-20,Q2,2023,34516.0,0,2848,56,0.0,Swipe ,Bills,227.84,0
CUST_03845,Blue,445,1,101,14-05-2023,Week-20,Q2,2023,4319.0,1151,1852,47,0.266,Swipe ,Travel,500.04,0
CUST_03847,Blue,275,0,57,14-05-2023,Week-20,Q2,2023,17698.0,1769,8056,95,0.1,Swipe ,Food,1611.2,0
CUST_03849,Blue,365,0,81,14-05-2023,Week-20,Q2,2023,2525.0,1203,4360,78,0.476,Chip ,Grocery,915.6,0
CUST_03853,Blue,245,0,113,14-05-2023,Week-20,Q2,2023,6448.0,1464,7546,88,0.227,Online ,Food,1433.74,0
CUST_03854,Blue,355,1,75,14-05-2023,Week-20,Q2,2023,10057.0,0,2383,42,0.0,Chip ,Grocery,285.96,0
CUST_03856,Blue,365,1,64,14-05-2023,Week-20,Q2,2023,2263.0,0,2385,33,0.0,Chip ,Entertainment,381.6,0
CUST_03858,Blue,335,1,62,14-05-2023,Week-20,Q2,2023,1663.0,1112,2978,61,0.669,Chip ,Grocery,446.7,0
CUST_03860,Blue,370,0,107,14-05-2023,Week-20,Q2,2023,4066.0,1028,3888,77,0.253,Swipe ,Fuel,1127.52,0
CUST_03861,Blue,425,0,116,14-05-2023,Week-20,Q2,2023,9396.0,1870,4301,71,0.199,Online ,Bills,473.11,0
CUST_03870,Blue,420,0,125,14-05-2023,Week-20,Q2,2023,2490.0,1582,7719,86,0.635,Swipe ,Food,1466.61,0
CUST_03871,Blue,330,0,91,14-05-2023,Week-20,Q2,2023,4143.0,1888,3940,74,0.456,Chip ,Fuel,433.4,0
CUST_03873,Blue,455,0,117,14-05-2023,Week-20,Q2,2023,9343.0,1286,1385,31,0.138,Swipe ,Bills,138.5,0
CUST_03874,Blue,220,1,166,14-05-2023,Week-20,Q2,2023,3547.0,2517,2715,45,0.71,Chip ,Bills,217.2,0
CUST_03880,Blue,245,0,140,14-05-2023,Week-20,Q2,2023,5116.0,1468,2361,49,0.287,Swipe ,Bills,637.47,0
CUST_03881,Blue,195,0,82,14-05-2023,Week-20,Q2,2023,1709.0,1465,1757,48,0.857,Swipe ,Entertainment,140.56,0
CUST_03882,Blue,320,0,115,14-05-2023,Week-20,Q2,2023,16950.0,0,7821,97,0.0,Swipe ,Grocery,625.68,0
CUST_03885,Blue,420,1,159,14-05-2023,Week-20,Q2,2023,2492.0,1410,4374,75,0.566,Swipe ,Bills,349.92,0
CUST_03886,Silver,295,0,118,14-05-2023,Week-20,Q2,2023,34516.0,1686,3146,66,0.049,Swipe ,Bills,188.76,0
CUST_03887,Blue,345,1,111,14-05-2023,Week-20,Q2,2023,2136.0,1250,7782,88,0.585,Swipe ,Bills,1400.76,0
CUST_03888,Blue,300,1,67,14-05-2023,Week-20,Q2,2023,28253.0,0,4525,67,0.0,Chip ,Grocery,1131.25,0
CUST_03890,Blue,290,0,85,14-05-2023,Week-20,Q2,2023,12944.0,1399,4389,84,0.108,Chip ,Entertainment,790.02,0
CUST_03895,Blue,385,1,86,14-05-2023,Week-20,Q2,2023,3184.0,1421,2253,59,0.446,Swipe ,Entertainment,405.54,0
CUST_03903,Blue,465,1,110,21-05-2023,Week-21,Q2,2023,8919.0,2231,3923,73,0.25,Swipe ,Fuel,1098.44,0
CUST_03904,Gold,450,0,81,21-05-2023,Week-21,Q2,2023,15987.0,0,7832,73,0.0,Swipe ,Entertainment,2192.96,0
CUST_03906,Blue,290,1,107,21-05-2023,Week-21,Q2,2023,3052.0,0,2598,47,0.0,Swipe ,Fuel,649.5,0
CUST_03910,Blue,245,1,89,21-05-2023,Week-21,Q2,2023,1637.0,774,4120,78,0.473,Chip ,Fuel,700.4,0
CUST_03911,Blue,475,1,102,21-05-2023,Week-21,Q2,2023,25944.0,1987,4442,76,0.077,Swipe ,Fuel,666.3,0
CUST_03913,Blue,270,1,110,21-05-2023,Week-21,Q2,2023,16388.0,2001,4477,83,0.122,Chip ,Grocery,402.93,0
CUST_03915,Blue,125,1,77,21-05-2023,Week-21,Q2,2023,4568.0,0,1431,27,0.0,Swipe ,Entertainment,300.51,0
CUST_03919,Silver,175,1,116,21-05-2023,Week-21,Q2,2023,13092.0,1962,936,25,0.15,Swipe ,Entertainment,159.12,0
CUST_03920,Gold,275,1,92,21-05-2023,Week-21,Q2,2023,3882.0,2029,13980,128,0.523,Swipe ,Fuel,3634.8,0
CUST_03922,Blue,245,0,90,21-05-2023,Week-21,Q2,2023,2917.0,1523,4878,92,0.522,Swipe ,Bills,1317.06,0
CUST_03929,Blue,380,1,162,21-05-2023,Week-21,Q2,2023,27378.0,1893,3934,78,0.069,Chip ,Fuel,668.78,1
CUST_03934,Blue,150,1,92,21-05-2023,Week-21,Q2,2023,22355.0,2179,14268,99,0.097,Chip ,Travel,1854.84,0
CUST_03935,Blue,365,0,84,21-05-2023,Week-21,Q2,2023,2089.0,0,2707,51,0.0,Chip ,Fuel,541.4,0
CUST_03937,Blue,140,1,93,21-05-2023,Week-21,Q2,2023,1438.3,0,4769,84,0.0,Swipe ,Travel,1144.56,0
CUST_03938,Blue,320,1,70,21-05-2023,Week-21,Q2,2023,2535.0,2440,1312,20,0.963,Swipe ,Travel,341.12,0
CUST_03942,Blue,405,1,148,21-05-2023,Week-21,Q2,2023,7522.0,1057,2533,62,0.141,Swipe ,Grocery,607.92,0
CUST_03943,Blue,125,0,83,21-05-2023,Week-21,Q2,2023,1438.3,0,4479,70,0.0,Swipe ,Grocery,761.43,0
CUST_03945,Blue,125,0,146,21-05-2023,Week-21,Q2,2023,4406.0,1247,3964,76,0.283,Chip ,Grocery,1149.56,0
CUST_03946,Blue,200,0,119,21-05-2023,Week-21,Q2,2023,34516.0,0,1632,44,0.0,Swipe ,Grocery,179.52,0
CUST_03947,Blue,480,1,43,21-05-2023,Week-21,Q2,2023,2504.0,1915,4847,86,0.765,Swipe ,Travel,969.4,0
CUST_03949,Silver,425,1,106,21-05-2023,Week-21,Q2,2023,34516.0,1816,15226,113,0.053,Chip ,Travel,1370.34,0
CUST_03950,Blue,245,0,85,21-05-2023,Week-21,Q2,2023,5791.0,1957,7823,93,0.338,Swipe ,Food,2033.98,0
CUST_03953,Blue,175,0,81,21-05-2023,Week-21,Q2,2023,7942.0,2087,4068,66,0.263,Chip ,Travel,894.96,0
CUST_03961,Gold,300,0,75,21-05-2023,Week-21,Q2,2023,34516.0,1357,13722,124,0.039,Chip ,Food,823.32,0
CUST_03964,Blue,365,1,71,21-05-2023,Week-21,Q2,2023,4202.0,2201,4385,78,0.524,Chip ,Grocery,920.85,0
CUST_03965,Blue,225,1,96,21-05-2023,Week-21,Q2,2023,5398.0,0,1887,36,0.0,Swipe ,Grocery,320.79,0
CUST_03972,Blue,425,0,82,21-05-2023,Week-21,Q2,2023,7904.0,0,2094,32,0.0,Chip ,Food,188.46,0
CUST_03974,Blue,285,0,100,21-05-2023,Week-21,Q2,2023,5357.0,1272,7730,97,0.237,Swipe ,Fuel,1159.5,0
CUST_03980,Blue,480,1,98,21-05-2023,Week-21,Q2,2023,3716.0,0,4833,73,0.0,Chip ,Grocery,1159.92,0
CUST_03985,Blue,190,1,77,21-05-2023,Week-21,Q2,2023,4499.0,0,4906,75,0.0,Swipe ,Fuel,1226.5,0
CUST_03990,Blue,270,1,153,21-05-2023,Week-21,Q2,2023,2921.0,2412,2612,33,0.826,Swipe ,Fuel,313.44,0
CUST_03992,Blue,450,0,92,21-05-2023,Week-21,Q2,2023,2268.0,651,5016,88,0.287,Swipe ,Food,1103.52,0
CUST_03995,Blue,250,1,70,21-05-2023,Week-21,Q2,2023,6824.0,2517,9045,67,0.369,Chip ,Travel,542.7,0
CUST_03996,Blue,300,1,99,21-05-2023,Week-21,Q2,2023,2721.0,1264,4557,71,0.465,Swipe ,Bills,1139.25,0
CUST_03998,Blue,355,1,102,21-05-2023,Week-21,Q2,2023,6346.0,578,3837,85,0.091,Chip ,Grocery,805.77,0
CUST_04000,Blue,375,1,62,21-05-2023,Week-21,Q2,2023,17742.0,1463,3369,55,0.082,Swipe ,Bills,977.01,0
CUST_04002,Blue,245,1,78,21-05-2023,Week-21,Q2,2023,4008.0,1636,1395,43,0.408,Swipe ,Bills,153.45,0
CUST_04003,Blue,200,0,137,21-05-2023,Week-21,Q2,2023,2711.0,0,4795,65,0.0,Chip ,Entertainment,623.35,0
CUST_04004,Blue,450,1,87,21-05-2023,Week-21,Q2,2023,2736.0,2043,4550,84,0.747,Swipe ,Grocery,1001.0,0
CUST_04008,Blue,250,0,121,21-05-2023,Week-21,Q2,2023,5093.0,2376,2341,57,0.467,Swipe ,Grocery,491.61,0
CUST_04011,Blue,460,1,93,21-05-2023,Week-21,Q2,2023,1860.0,0,1731,29,0.0,Swipe ,Bills,173.1,0
CUST_04012,Blue,250,1,92,21-05-2023,Week-21,Q2,2023,1936.0,1101,4578,70,0.569,Chip ,Entertainment,1052.94,0
CUST_04013,Blue,340,1,77,21-05-2023,Week-21,Q2,2023,2112.0,1594,1338,29,0.755,Swipe ,Bills,173.94,0
CUST_04023,Platinum,245,1,114,21-05-2023,Week-21,Q2,2023,4548.0,1450,14330,131,0.319,Swipe ,Bills,1862.9,0
CUST_04029,Blue,415,1,118,21-05-2023,Week-21,Q2,2023,2225.0,0,4917,84,0.0,Chip ,Entertainment,344.19,0
CUST_04030,Blue,300,0,124,21-05-2023,Week-21,Q2,2023,1793.0,1141,5293,88,0.636,Chip ,Food,846.88,1
CUST_04032,Blue,125,1,117,21-05-2023,Week-21,Q2,2023,11221.0,1279,1564,45,0.114,Swipe ,Bills,281.52,1
CUST_04033,Blue,465,1,75,21-05-2023,Week-21,Q2,2023,5577.0,689,4256,70,0.124,Swipe ,Bills,425.6,1
CUST_04036,Blue,300,1,80,21-05-2023,Week-21,Q2,2023,9031.0,1535,1602,35,0.17,Swipe ,Bills,320.4,1
CUST_04044,Blue,405,1,70,21-05-2023,Week-21,Q2,2023,1438.3,0,4919,83,0.0,Chip ,Bills,1328.13,0
CUST_04047,Blue,440,0,133,21-05-2023,Week-21,Q2,2023,4196.0,561,2558,38,0.134,Swipe ,Bills,486.02,0
CUST_04048,Blue,335,1,40,21-05-2023,Week-21,Q2,2023,1801.0,940,3797,74,0.522,Chip ,Entertainment,835.34,0
CUST_04049,Blue,455,1,88,21-05-2023,Week-21,Q2,2023,3135.0,0,4116,68,0.0,Chip ,Bills,1029.0,0
CUST_04050,Blue,420,1,157,21-05-2023,Week-21,Q2,2023,34516.0,797,3643,59,0.023,Swipe ,Grocery,1056.47,0
CUST_04054,Blue,195,0,74,21-05-2023,Week-21,Q2,2023,3380.0,1655,1636,58,0.49,Swipe ,Entertainment,196.32,0
CUST_04056,Blue,200,1,84,21-05-2023,Week-21,Q2,2023,4244.0,1066,4016,89,0.251,Swipe ,Fuel,240.96,0
CUST_04059,Blue,455,1,107,21-05-2023,Week-21,Q2,2023,9090.0,1371,4422,65,0.151,Swipe ,Bills,530.64,0
CUST_04066,Blue,245,1,118,21-05-2023,Week-21,Q2,2023,7102.0,0,4083,68,0.0,Chip ,Entertainment,326.64,0
CUST_04068,Blue,175,0,101,21-05-2023,Week-21,Q2,2023,3773.0,1291,4697,75,0.342,Swipe ,Bills,1174.25,0
CUST_04072,Blue,405,1,79,21-05-2023,Week-21,Q2,2023,34516.0,397,7454,81,0.012,Swipe ,Grocery,745.4,0
CUST_04075,Blue,465,1,59,21-05-2023,Week-21,Q2,2023,1514.0,745,4004,69,0.492,Swipe ,Travel,320.32,0
CUST_04076,Blue,435,0,97,21-05-2023,Week-21,Q2,2023,2703.0,1256,2111,29,0.465,Swipe ,Entertainment,443.31,0
CUST_04081,Blue,395,0,129,21-05-2023,Week-21,Q2,2023,13804.0,1903,7376,97,0.138,Swipe ,Food,1032.64,0
CUST_04082,Blue,455,1,57,21-05-2023,Week-21,Q2,2023,19762.0,507,2793,67,0.026,Swipe ,Fuel,586.53,0
CUST_04088,Blue,245,1,71,21-05-2023,Week-21,Q2,2023,2535.0,1352,3840,72,0.533,Swipe ,Food,345.6,0
CUST_04090,Blue,125,1,81,21-05-2023,Week-21,Q2,2023,18214.0,1998,1344,21,0.11,Swipe ,Bills,336.0,0
CUST_04092,Blue,415,1,72,21-05-2023,Week-21,Q2,2023,9272.0,982,4649,89,0.106,Swipe ,Grocery,790.33,0
CUST_04093,Blue,300,0,42,21-05-2023,Week-21,Q2,2023,18352.0,1509,1454,29,0.082,Swipe ,Fuel,101.78,0
CUST_04098,Blue,150,1,93,28-05-2023,Week-22,Q2,2023,23991.0,2307,1843,43,0.096,Swipe ,Entertainment,368.6,0
CUST_04099,Blue,200,1,108,28-05-2023,Week-22,Q2,2023,1695.0,0,2055,46,0.0,Swipe ,Bills,513.75,0
CUST_04100,Blue,350,0,112,28-05-2023,Week-22,Q2,2023,6022.0,1433,3433,68,0.238,Swipe ,Grocery,789.59,0
CUST_04101,Silver,425,1,150,28-05-2023,Week-22,Q2,2023,29572.0,1584,7566,88,0.054,Swipe ,Fuel,2194.14,0
CUST_04103,Blue,300,1,106,28-05-2023,Week-22,Q2,2023,3156.0,1644,1151,31,0.521,Swipe ,Travel,80.57,0
CUST_04105,Blue,110,1,112,28-05-2023,Week-22,Q2,2023,1438.3,0,2882,68,0.0,Swipe ,Entertainment,634.04,0
CUST_04111,Blue,175,1,92,28-05-2023,Week-22,Q2,2023,5822.0,2387,1804,49,0.41,Swipe ,Bills,162.36,0
CUST_04113,Blue,440,1,54,28-05-2023,Week-22,Q2,2023,3555.0,0,2346,71,0.0,Swipe ,Fuel,539.58,0
CUST_04116,Blue,190,0,92,28-05-2023,Week-22,Q2,2023,4469.0,1125,1765,34,0.252,Swipe ,Fuel,494.2,0
CUST_04120,Blue,150,1,162,28-05-2023,Week-22,Q2,2023,19940.0,2018,4694,75,0.101,Swipe ,Grocery,704.1,0
CUST_04122,Blue,280,1,140,28-05-2023,Week-22,Q2,2023,4090.0,2517,2016,49,0.615,Chip ,Fuel,423.36,0
CUST_04123,Blue,125,0,111,28-05-2023,Week-22,Q2,2023,1862.0,726,5105,79,0.39,Swipe ,Grocery,306.3,0
CUST_04128,Blue,300,1,78,28-05-2023,Week-22,Q2,2023,4186.0,0,4590,69,0.0,Chip ,Food,963.9,0
CUST_04129,Blue,360,1,66,28-05-2023,Week-22,Q2,2023,7802.0,1885,4212,75,0.242,Chip ,Food,1053.0,0
CUST_04130,Blue,435,1,68,28-05-2023,Week-22,Q2,2023,2835.0,2511,4811,77,0.886,Swipe ,Food,914.09,0
CUST_04133,Blue,220,1,101,28-05-2023,Week-22,Q2,2023,3261.0,0,3081,50,0.0,Chip ,Travel,246.48,0
CUST_04138,Blue,200,1,119,28-05-2023,Week-22,Q2,2023,17682.0,2481,1747,31,0.14,Swipe ,Bills,122.29,0
CUST_04140,Gold,300,0,100,28-05-2023,Week-22,Q2,2023,7386.0,656,15691,126,0.089,Chip ,Travel,2039.83,0
CUST_04141,Platinum,270,0,102,28-05-2023,Week-22,Q2,2023,8449.0,2092,17634,120,0.248,Chip ,Entertainment,4055.82,0
CUST_04148,Blue,125,0,58,28-05-2023,Week-22,Q2,2023,2880.0,1996,4334,81,0.693,Online ,Fuel,1083.5,0
CUST_04149,Blue,470,1,85,28-05-2023,Week-22,Q2,2023,4829.0,2418,938,21,0.501,Swipe ,Bills,140.7,0
CUST_04150,Blue,465,0,54,28-05-2023,Week-22,Q2,2023,19665.0,706,1110,58,0.036,Swipe ,Bills,233.1,0
CUST_04152,Blue,140,0,92,28-05-2023,Week-22,Q2,2023,4230.0,1366,1480,35,0.323,Swipe ,Fuel,133.2,0
CUST_04154,Blue,125,0,76,28-05-2023,Week-22,Q2,2023,6272.0,1434,4514,66,0.229,Swipe ,Fuel,496.54,0
CUST_04157,Blue,125,0,109,28-05-2023,Week-22,Q2,2023,1686.0,1271,3445,64,0.754,Swipe ,Grocery,206.7,0
CUST_04158,Silver,245,1,73,28-05-2023,Week-22,Q2,2023,14521.0,0,4178,66,0.0,Swipe ,Grocery,626.7,0
CUST_04162,Blue,175,1,83,28-05-2023,Week-22,Q2,2023,3569.0,1054,7963,85,0.295,Swipe ,Bills,716.67,0
CUST_04163,Blue,175,1,99,28-05-2023,Week-22,Q2,2023,27992.0,0,837,18,0.0,Swipe ,Bills,217.62,0
CUST_04166,Blue,110,1,92,28-05-2023,Week-22,Q2,2023,4621.0,913,4952,82,0.198,Swipe ,Food,297.12,0
CUST_04170,Silver,415,1,113,28-05-2023,Week-22,Q2,2023,34516.0,1934,4613,73,0.056,Swipe ,Bills,369.04,0
CUST_04177,Blue,245,0,79,28-05-2023,Week-22,Q2,2023,17764.0,1459,2750,57,0.082,Chip ,Entertainment,220.0,0
CUST_04181,Blue,370,0,116,28-05-2023,Week-22,Q2,2023,2173.0,0,4251,60,0.0,Swipe ,Grocery,637.65,0
CUST_04182,Blue,455,1,114,28-05-2023,Week-22,Q2,2023,2675.0,2517,1959,56,0.941,Swipe ,Entertainment,470.16,0
CUST_04190,Blue,195,1,84,28-05-2023,Week-22,Q2,2023,5427.0,2177,4328,73,0.401,Swipe ,Fuel,865.6,0
CUST_04191,Blue,410,0,117,28-05-2023,Week-22,Q2,2023,1855.0,0,2544,27,0.0,Swipe ,Food,254.4,0
CUST_04192,Blue,150,0,69,28-05-2023,Week-22,Q2,2023,7288.0,0,14873,120,0.0,Swipe ,Travel,1933.49,0
CUST_04197,Blue,365,0,119,28-05-2023,Week-22,Q2,2023,2676.0,2157,4640,69,0.806,Swipe ,Fuel,556.8,0
CUST_04202,Silver,290,1,119,28-05-2023,Week-22,Q2,2023,10961.0,1391,3914,77,0.127,Swipe ,Grocery,469.68,0
CUST_04206,Silver,355,0,117,28-05-2023,Week-22,Q2,2023,10343.0,2070,14805,115,0.2,Chip ,Bills,1184.4,0
CUST_04210,Blue,270,0,162,28-05-2023,Week-22,Q2,2023,1590.0,0,4229,73,0.0,Swipe ,Food,845.8,0
CUST_04211,Blue,125,0,133,28-05-2023,Week-22,Q2,2023,6224.0,1329,14238,93,0.214,Swipe ,Grocery,2278.08,0
CUST_04216,Blue,300,0,139,28-05-2023,Week-22,Q2,2023,13439.0,2003,4715,86,0.149,Chip ,Food,895.85,0
CUST_04218,Blue,495,0,76,28-05-2023,Week-22,Q2,2023,2888.0,1134,2489,54,0.393,Swipe ,Entertainment,647.14,0
CUST_04221,Blue,175,1,116,28-05-2023,Week-22,Q2,2023,2430.0,0,4334,71,0.0,Chip ,Grocery,606.76,0
CUST_04223,Blue,400,0,108,28-05-2023,Week-22,Q2,2023,2166.0,890,3563,70,0.411,Swipe ,Entertainment,285.04,0
CUST_04225,Blue,380,1,83,28-05-2023,Week-22,Q2,2023,2334.0,1138,2155,48,0.488,Swipe ,Entertainment,387.9,0
CUST_04231,Blue,295,1,83,28-05-2023,Week-22,Q2,2023,7026.0,1728,3935,66,0.246,Chip ,Bills,747.65,0
CUST_04234,Blue,335,1,105,28-05-2023,Week-22,Q2,2023,4072.0,0,1966,43,0.0,Swipe ,Grocery,216.26,0
CUST_04238,Blue,245,0,80,28-05-2023,Week-22,Q2,2023,2845.0,919,2635,43,0.323,Swipe ,Grocery,764.15,0
CUST_04239,Blue,455,1,117,28-05-2023,Week-22,Q2,2023,15942.0,0,1742,41,0.0,Swipe ,Entertainment,435.5,0
CUST_04242,Blue,190,1,136,28-05-2023,Week-22,Q2,2023,26566.0,2517,3103,65,0.095,Swipe ,Fuel,372.36,0
CUST_04246,Blue,100,1,138,28-05-2023,Week-22,Q2,2023,7109.0,866,4047,75,0.122,Swipe ,Bills,404.7,0
CUST_04247,Blue,370,0,101,28-05-2023,Week-22,Q2,2023,2532.0,1487,4143,71,0.587,Chip ,Food,538.59,0
CUST_04249,Blue,480,1,93,28-05-2023,Week-22,Q2,2023,12918.0,2352,9138,76,0.182,Chip ,Grocery,2467.26,0
CUST_04253,Blue,375,0,70,28-05-2023,Week-22,Q2,2023,2856.0,2517,4473,67,0.881,Swipe ,Fuel,805.14,0
CUST_04254,Blue,470,0,80,28-05-2023,Week-22,Q2,2023,1857.0,1528,4681,71,0.823,Online ,Bills,280.86,0
CUST_04265,Blue,200,1,120,28-05-2023,Week-22,Q2,2023,2836.0,1362,4192,90,0.48,Chip ,Entertainment,838.4,0
CUST_04266,Blue,365,0,98,28-05-2023,Week-22,Q2,2023,8924.0,0,1720,42,0.0,Swipe ,Entertainment,189.2,0
CUST_04268,Blue,125,0,74,28-05-2023,Week-22,Q2,2023,1593.0,0,4853,78,0.0,Swipe ,Grocery,630.89,0
CUST_04274,Blue,485,0,111,28-05-2023,Week-22,Q2,2023,1835.0,1017,2801,79,0.554,Swipe ,Entertainment,196.07,0
CUST_04278,Blue,150,1,115,28-05-2023,Week-22,Q2,2023,1438.3,0,4815,84,0.0,Chip ,Bills,385.2,0
CUST_04280,Blue,195,1,108,28-05-2023,Week-22,Q2,2023,14926.0,0,2405,55,0.0,Swipe ,Fuel,288.6,0
CUST_04281,Blue,430,0,118,28-05-2023,Week-22,Q2,2023,2086.0,1792,5774,84,0.859,Chip ,Fuel,519.66,0
CUST_04282,Blue,460,1,76,28-05-2023,Week-22,Q2,2023,1508.0,0,1990,31,0.0,Swipe ,Grocery,557.2,0
CUST_04285,Blue,110,0,156,28-05-2023,Week-22,Q2,2023,3413.0,2372,5029,86,0.695,Swipe ,Fuel,452.61,0
CUST_04289,Blue,470,1,115,28-05-2023,Week-22,Q2,2023,2759.0,2481,5037,84,0.899,Swipe ,Entertainment,1108.14,0
CUST_04292,Blue,250,0,113,04-06-2023,Week-23,Q2,2023,3233.0,2517,1339,32,0.779,Online ,Food,174.07,0
CUST_04293,Blue,350,0,91,04-06-2023,Week-23,Q2,2023,4281.0,0,1723,44,0.0,Chip ,Grocery,482.44,0
CUST_04296,Blue,175,1,120,04-06-2023,Week-23,Q2,2023,2154.0,1628,4538,74,0.756,Swipe ,Entertainment,1089.12,0
CUST_04303,Blue,325,0,106,04-06-2023,Week-23,Q2,2023,1869.0,1255,5269,80,0.671,Swipe ,Entertainment,1106.49,0
CUST_04304,Blue,350,1,74,04-06-2023,Week-23,Q2,2023,5238.0,1365,1834,43,0.261,Swipe ,Entertainment,201.74,0
CUST_04305,Blue,350,0,93,04-06-2023,Week-23,Q2,2023,6713.0,1590,7946,85,0.237,Swipe ,Fuel,1589.2,0
CUST_04310,Blue,200,1,87,04-06-2023,Week-23,Q2,2023,9051.0,1557,4169,72,0.172,Chip ,Bills,1042.25,0
CUST_04314,Blue,420,1,74,04-06-2023,Week-23,Q2,2023,2796.0,1035,4869,78,0.37,Chip ,Food,1168.56,0
CUST_04316,Blue,300,1,92,04-06-2023,Week-23,Q2,2023,9076.0,0,3048,53,0.0,Swipe ,Food,883.92,0
CUST_04318,Blue,420,1,86,04-06-2023,Week-23,Q2,2023,2611.0,787,2955,56,0.301,Chip ,Grocery,679.65,0
CUST_04322,Blue,125,0,119,04-06-2023,Week-23,Q2,2023,1438.3,0,4155,62,0.0,Chip ,Entertainment,955.65,0
CUST_04327,Blue,220,1,81,04-06-2023,Week-23,Q2,2023,2188.0,1067,4537,66,0.488,Swipe ,Food,635.18,0
CUST_04329,Blue,225,0,85,04-06-2023,Week-23,Q2,2023,6765.0,0,14133,124,0.0,Swipe ,Entertainment,4098.57,0
CUST_04330,Blue,190,0,98,04-06-2023,Week-23,Q2,2023,2860.0,2517,1544,45,0.88,Swipe ,Bills,277.92,0
CUST_04333,Blue,245,1,162,04-06-2023,Week-23,Q2,2023,2629.0,1476,1725,41,0.561,Swipe ,Bills,224.25,0
CUST_04334,Blue,365,0,83,04-06-2023,Week-23,Q2,2023,3880.0,1542,1598,39,0.397,Swipe ,Entertainment,239.7,0
CUST_04337,Blue,275,0,92,04-06-2023,Week-23,Q2,2023,1438.3,0,1338,28,0.0,Swipe ,Entertainment,173.94,1
CUST_04338,Blue,320,0,61,04-06-2023,Week-23,Q2,2023,4408.0,1201,4157,71,0.272,Chip ,Food,374.13,0
CUST_04342,Blue,355,1,92,04-06-2023,Week-23,Q2,2023,26107.0,0,1697,47,0.0,Chip ,Bills,356.37,0
CUST_04343,Blue,125,1,109,04-06-2023,Week-23,Q2,2023,28262.0,1483,3855,66,0.052,Swipe ,Fuel,809.55,0
CUST_04344,Blue,400,1,108,04-06-2023,Week-23,Q2,2023,3085.0,1910,1531,35,0.619,Online ,Travel,168.41,0
CUST_04345,Blue,100,0,106,04-06-2023,Week-23,Q2,2023,19630.0,1251,2286,39,0.064,Swipe ,Bills,434.34,0
CUST_04354,Blue,300,0,68,04-06-2023,Week-23,Q2,2023,2602.0,1490,3151,78,0.573,Swipe ,Bills,472.65,0
CUST_04355,Blue,405,1,80,04-06-2023,Week-23,Q2,2023,3523.0,0,3174,44,0.0,Chip ,Bills,349.14,0
CUST_04367,Blue,95,1,115,04-06-2023,Week-23,Q2,2023,7199.0,1235,4050,78,0.172,Swipe ,Bills,688.5,0
CUST_04368,Blue,150,0,91,04-06-2023,Week-23,Q2,2023,1438.3,0,4271,79,0.0,Online ,Entertainment,256.26,0
CUST_04369,Blue,375,1,119,04-06-2023,Week-23,Q2,2023,22718.0,0,1191,37,0.0,Swipe ,Bills,321.57,0
CUST_04375,Blue,250,1,112,04-06-2023,Week-23,Q2,2023,3889.0,1839,4423,63,0.473,Chip ,Entertainment,884.6,0
CUST_04377,Silver,245,0,103,04-06-2023,Week-23,Q2,2023,15534.0,726,1279,28,0.047,Swipe ,Travel,179.06,0
CUST_04380,Blue,455,1,40,04-06-2023,Week-23,Q2,2023,3281.0,837,1424,29,0.255,Swipe ,Fuel,156.64,0
CUST_04382,Silver,290,0,107,04-06-2023,Week-23,Q2,2023,11884.0,1339,4134,72,0.113,Swipe ,Fuel,413.4,0
CUST_04383,Blue,285,0,106,04-06-2023,Week-23,Q2,2023,18037.0,0,1387,36,0.0,Swipe ,Entertainment,208.05,0
CUST_04386,Blue,125,1,64,04-06-2023,Week-23,Q2,2023,3537.0,0,4101,80,0.0,Swipe ,Bills,738.18,0
CUST_04387,Blue,405,1,119,04-06-2023,Week-23,Q2,2023,20631.0,2048,4827,77,0.099,Chip ,Travel,579.24,0
CUST_04395,Blue,275,0,110,04-06-2023,Week-23,Q2,2023,3329.0,0,14893,98,0.0,Online ,Travel,2680.74,0
CUST_04396,Blue,485,1,112,04-06-2023,Week-23,Q2,2023,6125.0,1329,5481,68,0.217,Chip ,Fuel,876.96,0
CUST_04398,Blue,245,1,120,04-06-2023,Week-23,Q2,2023,1780.0,1541,5008,93,0.866,Swipe ,Grocery,751.2,0
CUST_04399,Blue,380,1,87,04-06-2023,Week-23,Q2,2023,3399.0,0,5529,78,0.0,Swipe ,Bills,1382.25,0
CUST_04402,Blue,125,1,48,04-06-2023,Week-23,Q2,2023,15875.0,1719,1592,37,0.108,Swipe ,Bills,286.56,0
CUST_04405,Blue,455,0,79,04-06-2023,Week-23,Q2,2023,22067.0,685,3577,64,0.031,Swipe ,Fuel,965.79,0
CUST_04408,Blue,175,1,71,04-06-2023,Week-23,Q2,2023,2595.0,2353,2526,41,0.907,Swipe ,Fuel,656.76,0
CUST_04416,Blue,415,1,106,04-06-2023,Week-23,Q2,2023,2573.0,1640,4094,77,0.637,Chip ,Entertainment,1064.44,0
CUST_04420,Blue,375,1,69,04-06-2023,Week-23,Q2,2023,9959.0,1049,15195,99,0.105,Swipe ,Grocery,1975.35,0
CUST_04421,Blue,125,0,90,04-06-2023,Week-23,Q2,2023,9599.0,1554,1154,38,0.162,Swipe ,Bills,311.58,0
CUST_04422,Blue,495,1,108,04-06-2023,Week-23,Q2,2023,13049.0,943,3944,72,0.072,Swipe ,Entertainment,354.96,0
CUST_04429,Blue,285,0,102,04-06-2023,Week-23,Q2,2023,2899.0,2418,4296,68,0.834,Chip ,Food,902.16,0
CUST_04430,Blue,175,0,119,04-06-2023,Week-23,Q2,2023,4287.0,0,1635,41,0.0,Online ,Fuel,212.55,0
CUST_04437,Silver,280,0,125,04-06-2023,Week-23,Q2,2023,18000.0,1829,7149,86,0.102,Swipe ,Fuel,1215.33,0
CUST_04440,Blue,310,0,68,04-06-2023,Week-23,Q2,2023,21178.0,1796,1872,59,0.085,Swipe ,Bills,205.92,0
CUST_04442,Blue,125,1,72,04-06-2023,Week-23,Q2,2023,4384.0,929,4792,91,0.212,Swipe ,Entertainment,1102.16,0
CUST_04443,Blue,420,1,123,04-06-2023,Week-23,Q2,2023,14438.0,2517,2090,47,0.174,Swipe ,Grocery,585.2,0
CUST_04448,Blue,430,0,89,04-06-2023,Week-23,Q2,2023,2033.0,228,2572,43,0.112,Swipe ,Entertainment,282.92,0
CUST_04451,Blue,395,1,128,04-06-2023,Week-23,Q2,2023,3043.0,2054,4833,85,0.675,Swipe ,Bills,724.95,0
CUST_04454,Blue,150,1,53,04-06-2023,Week-23,Q2,2023,10962.0,1559,2724,71,0.142,Online ,Bills,572.04,0
CUST_04455,Blue,140,0,94,04-06-2023,Week-23,Q2,2023,10980.0,1726,1830,36,0.157,Swipe ,Food,256.2,0
CUST_04460,Silver,330,1,98,04-06-2023,Week-23,Q2,2023,13747.0,1941,16401,119,0.141,Chip ,Travel,2788.17,0
CUST_04462,Blue,410,1,73,04-06-2023,Week-23,Q2,2023,12786.0,1880,1205,19,0.147,Swipe ,Bills,241.0,0
CUST_04464,Blue,490,1,101,04-06-2023,Week-23,Q2,2023,5062.0,1659,4243,102,0.328,Chip ,Bills,594.02,0
CUST_04473,Blue,450,0,126,04-06-2023,Week-23,Q2,2023,2580.0,2137,2981,40,0.828,Swipe ,Food,268.29,0
CUST_04477,Blue,300,1,79,04-06-2023,Week-23,Q2,2023,1467.0,0,4226,74,0.0,Chip ,Fuel,1098.76,0
CUST_04478,Blue,455,0,46,04-06-2023,Week-23,Q2,2023,24593.0,0,2084,31,0.0,Chip ,Fuel,541.84,0
CUST_04485,Blue,300,0,108,11-06-2023,Week-24,Q2,2023,12405.0,0,3151,39,0.0,Swipe ,Bills,630.2,0
CUST_04487,Blue,465,0,116,11-06-2023,Week-24,Q2,2023,24703.0,1085,4776,63,0.044,Swipe ,Bills,668.64,0
CUST_04490,Blue,355,0,136,11-06-2023,Week-24,Q2,2023,3478.0,941,4607,83,0.271,Swipe ,Grocery,1289.96,0
CUST_04504,Blue,225,1,115,11-06-2023,Week-24,Q2,2023,34516.0,2517,8087,86,0.073,Swipe ,Grocery,970.44,0
CUST_04505,Silver,100,1,79,11-06-2023,Week-24,Q2,2023,12590.0,931,4182,78,0.074,Swipe ,Fuel,585.48,0
CUST_04506,Blue,125,1,93,11-06-2023,Week-24,Q2,2023,7684.0,0,7667,68,0.0,Chip ,Travel,690.03,0
CUST_04507,Blue,300,1,119,11-06-2023,Week-24,Q2,2023,3074.0,0,2721,54,0.0,Swipe ,Fuel,326.52,0
CUST_04511,Blue,400,1,124,11-06-2023,Week-24,Q2,2023,3355.0,1878,4578,84,0.56,Chip ,Fuel,1144.5,0
CUST_04512,Blue,245,1,69,11-06-2023,Week-24,Q2,2023,4841.0,859,8918,87,0.177,Chip ,Fuel,891.8,0
CUST_04514,Blue,150,0,79,11-06-2023,Week-24,Q2,2023,3525.0,1519,13625,110,0.431,Swipe ,Entertainment,817.5,0
CUST_04515,Blue,400,1,116,11-06-2023,Week-24,Q2,2023,7667.0,2191,7886,94,0.286,Swipe ,Food,946.32,0
CUST_04523,Blue,100,1,100,11-06-2023,Week-24,Q2,2023,2831.0,1167,4460,65,0.412,Swipe ,Grocery,535.2,0
CUST_04529,Blue,450,1,149,11-06-2023,Week-24,Q2,2023,2401.0,496,2597,40,0.207,Swipe ,Grocery,311.64,0
CUST_04534,Blue,405,1,81,11-06-2023,Week-24,Q2,2023,2984.0,1879,4813,83,0.63,Swipe ,Entertainment,336.91,0
CUST_04540,Blue,475,0,80,11-06-2023,Week-24,Q2,2023,5104.0,736,3943,78,0.144,Chip ,Fuel,630.88,0
CUST_04542,Blue,455,1,91,11-06-2023,Week-24,Q2,2023,6628.0,1735,4050,89,0.262,Swipe ,Grocery,688.5,0
CUST_04555,Blue,410,0,116,11-06-2023,Week-24,Q2,2023,15483.0,2148,14463,94,0.139,Chip ,Bills,1157.04,0
CUST_04561,Blue,125,0,108,11-06-2023,Week-24,Q2,2023,1963.0,1524,3492,59,0.776,Chip ,Bills,768.24,0
CUST_04562,Blue,200,1,87,11-06-2023,Week-24,Q2,2023,4930.0,159,7412,60,0.032,Chip ,Fuel,1853.0,0
CUST_04563,Blue,470,1,100,11-06-2023,Week-24,Q2,2023,13126.0,2086,1836,37,0.159,Swipe ,Entertainment,330.48,0
CUST_04569,Blue,250,0,120,11-06-2023,Week-24,Q2,2023,1762.0,1051,4986,80,0.596,Chip ,Bills,1096.92,1
CUST_04575,Blue,470,1,75,11-06-2023,Week-24,Q2,2023,3015.0,0,5372,75,0.0,Swipe ,Grocery,322.32,0
CUST_04576,Blue,300,0,107,11-06-2023,Week-24,Q2,2023,8148.0,701,4124,87,0.086,Swipe ,Entertainment,783.56,0
CUST_04583,Blue,465,1,119,11-06-2023,Week-24,Q2,2023,3556.0,2517,2639,53,0.708,Chip ,Entertainment,580.58,0
CUST_04585,Blue,270,0,112,11-06-2023,Week-24,Q2,2023,3968.0,1374,4641,65,0.346,Chip ,Grocery,371.28,0
CUST_04588,Blue,430,1,86,11-06-2023,Week-24,Q2,2023,2986.0,1632,2141,55,0.547,Swipe ,Entertainment,363.97,0
CUST_04589,Blue,445,1,172,11-06-2023,Week-24,Q2,2023,2182.0,1722,5377,86,0.789,Chip ,Fuel,1398.02,0
CUST_04594,Gold,355,0,128,11-06-2023,Week-24,Q2,2023,15987.0,1965,4542,70,0.123,Chip ,Grocery,1044.66,0
CUST_04598,Blue,445,1,107,11-06-2023,Week-24,Q2,2023,8260.0,2517,3299,64,0.305,Swipe ,Bills,494.85,0
CUST_04599,Blue,140,1,87,11-06-2023,Week-24,Q2,2023,30655.0,0,3280,78,0.0,Swipe ,Fuel,328.0,0
CUST_04602,Blue,440,0,120,11-06-2023,Week-24,Q2,2023,3770.0,1197,1602,49,0.318,Swipe ,Bills,432.54,0
CUST_04605,Blue,455,1,102,11-06-2023,Week-24,Q2,2023,4043.0,2517,2600,47,0.623,Swipe ,Bills,650.0,0
CUST_04608,Blue,460,1,112,11-06-2023,Week-24,Q2,2023,1965.0,0,4268,91,0.0,Swipe ,Fuel,981.64,0
CUST_04610,Blue,125,1,93,11-06-2023,Week-24,Q2,2023,1824.0,0,4594,86,0.0,Swipe ,Food,505.34,0
CUST_04614,Blue,175,1,113,11-06-2023,Week-24,Q2,2023,13306.0,2458,3556,68,0.185,Swipe ,Bills,320.04,0
CUST_04615,Blue,125,0,81,11-06-2023,Week-24,Q2,2023,34516.0,0,3811,61,0.0,Swipe ,Fuel,1028.97,0
CUST_04618,Blue,245,1,163,11-06-2023,Week-24,Q2,2023,3845.0,1871,14593,110,0.487,Swipe ,Bills,1313.37,0
CUST_04619,Blue,95,1,94,11-06-2023,Week-24,Q2,2023,9890.0,0,3497,69,0.0,Swipe ,Entertainment,874.25,0
CUST_04620,Blue,220,0,163,11-06-2023,Week-24,Q2,2023,8017.0,0,1657,43,0.0,Swipe ,Grocery,231.98,0
CUST_04623,Blue,400,1,83,11-06-2023,Week-24,Q2,2023,16026.0,1160,4418,59,0.072,Chip ,Bills,1281.22,0
CUST_04627,Blue,100,1,95,11-06-2023,Week-24,Q2,2023,3165.0,2517,2751,49,0.795,Swipe ,Bills,330.12,0
CUST_04630,Blue,475,1,59,11-06-2023,Week-24,Q2,2023,13126.0,0,4496,61,0.0,Swipe ,Fuel,719.36,0
CUST_04632,Blue,175,0,117,11-06-2023,Week-24,Q2,2023,2491.0,1979,1911,35,0.794,Online ,Grocery,305.76,0
CUST_04634,Blue,430,1,105,11-06-2023,Week-24,Q2,2023,3675.0,2517,1913,35,0.685,Swipe ,Grocery,172.17,0
CUST_04635,Gold,345,0,106,11-06-2023,Week-24,Q2,2023,17646.0,1396,15527,106,0.079,Swipe ,Bills,4502.83,0
CUST_04636,Blue,355,0,94,11-06-2023,Week-24,Q2,2023,2107.0,941,4858,73,0.447,Chip ,Grocery,485.8,0
CUST_04639,Blue,110,1,90,11-06-2023,Week-24,Q2,2023,9766.0,1575,7605,101,0.161,Swipe ,Bills,988.65,0
CUST_04640,Blue,465,1,119,11-06-2023,Week-24,Q2,2023,8022.0,0,5660,59,0.0,Online ,Entertainment,339.6,0
CUST_04641,Blue,200,0,115,11-06-2023,Week-24,Q2,2023,9734.0,0,1476,38,0.0,Swipe ,Bills,162.36,0
CUST_04642,Blue,275,1,118,11-06-2023,Week-24,Q2,2023,4480.0,2465,3331,74,0.55,Chip ,Fuel,599.58,0
CUST_04650,Blue,450,0,48,11-06-2023,Week-24,Q2,2023,2683.0,1738,2274,52,0.648,Online ,Bills,613.98,0
CUST_04657,Blue,335,1,76,11-06-2023,Week-24,Q2,2023,31258.0,1518,2866,53,0.049,Swipe ,Travel,257.94,0
CUST_04658,Blue,415,0,94,11-06-2023,Week-24,Q2,2023,2717.0,1953,3974,70,0.719,Swipe ,Fuel,993.5,0
CUST_04662,Blue,200,1,90,11-06-2023,Week-24,Q2,2023,2667.0,1551,4883,85,0.582,Chip ,Travel,732.45,0
CUST_04668,Blue,125,0,116,11-06-2023,Week-24,Q2,2023,2253.0,1375,1324,38,0.61,Swipe ,Travel,158.88,0
CUST_04672,Blue,100,1,91,11-06-2023,Week-24,Q2,2023,7262.0,1466,1438,28,0.202,Swipe ,Bills,201.32,0
CUST_04681,Blue,95,1,72,18-06-2023,Week-25,Q2,2023,8155.0,1178,14955,102,0.144,Swipe ,Bills,4037.85,0
CUST_04682,Blue,295,1,69,18-06-2023,Week-25,Q2,2023,4205.0,2517,4256,69,0.599,Chip ,Entertainment,936.32,0
CUST_04683,Silver,125,0,156,18-06-2023,Week-25,Q2,2023,25187.0,2209,16606,96,0.088,Chip ,Travel,4483.62,0
CUST_04685,Blue,125,0,107,18-06-2023,Week-25,Q2,2023,3299.0,2517,4312,84,0.763,Swipe ,Entertainment,431.2,0
CUST_04690,Blue,295,0,95,18-06-2023,Week-25,Q2,2023,8823.0,0,4453,84,0.0,Chip ,Bills,846.07,0
CUST_04695,Blue,385,1,55,18-06-2023,Week-25,Q2,2023,3148.0,0,1401,31,0.0,Swipe ,Food,126.09,0
CUST_04697,Blue,475,1,114,18-06-2023,Week-25,Q2,2023,3992.0,1289,2181,32,0.323,Swipe ,Fuel,196.29,0
CUST_04699,Blue,175,1,58,18-06-2023,Week-25,Q2,2023,2275.0,2138,7768,83,0.94,Swipe ,Fuel,2252.72,0
CUST_04701,Blue,245,1,91,18-06-2023,Week-25,Q2,2023,2991.0,1830,4414,77,0.612,Swipe ,Bills,750.38,0
CUST_04703,Blue,365,0,116,18-06-2023,Week-25,Q2,2023,3635.0,1617,4045,62,0.445,Chip ,Fuel,849.45,0
CUST_04705,Blue,415,0,69,18-06-2023,Week-25,Q2,2023,2652.0,1581,4747,80,0.596,Swipe ,Grocery,949.4,0
CUST_04706,Blue,360,0,110,18-06-2023,Week-25,Q2,2023,15017.0,1733,2076,58,0.115,Online ,Bills,539.76,0
CUST_04709,Blue,100,0,117,18-06-2023,Week-25,Q2,2023,2334.0,707,1386,30,0.303,Swipe ,Grocery,304.92,0
CUST_04711,Blue,295,1,105,18-06-2023,Week-25,Q2,2023,7348.0,1466,3066,61,0.2,Swipe ,Entertainment,459.9,1
CUST_04713,Blue,280,1,88,18-06-2023,Week-25,Q2,2023,17970.0,1390,13204,97,0.077,Chip ,Bills,792.24,1
CUST_04716,Blue,300,0,89,18-06-2023,Week-25,Q2,2023,3462.0,1817,4635,65,0.525,Chip ,Bills,1112.4,0
CUST_04719,Blue,125,1,70,18-06-2023,Week-25,Q2,2023,4257.0,2517,2828,50,0.591,Swipe ,Grocery,452.48,0
CUST_04731,Blue,345,0,86,18-06-2023,Week-25,Q2,2023,2382.0,1565,4011,68,0.657,Chip ,Grocery,922.53,0
CUST_04732,Blue,460,1,63,18-06-2023,Week-25,Q2,2023,2483.0,1372,1704,35,0.553,Swipe ,Entertainment,255.6,0
CUST_04739,Blue,190,1,60,18-06-2023,Week-25,Q2,2023,5298.0,0,2431,37,0.0,Chip ,Entertainment,340.34,0
CUST_04746,Blue,150,1,83,18-06-2023,Week-25,Q2,2023,12512.0,666,2995,60,0.053,Swipe ,Bills,329.45,0
CUST_04748,Blue,125,0,83,18-06-2023,Week-25,Q2,2023,4975.0,1221,4776,68,0.245,Swipe ,Bills,477.6,0
CUST_04752,Blue,250,1,111,18-06-2023,Week-25,Q2,2023,2402.0,628,1930,48,0.261,Swipe ,Entertainment,559.7,0
CUST_04756,Blue,465,0,113,18-06-2023,Week-25,Q2,2023,3002.0,1446,4851,74,0.482,Swipe ,Bills,1067.22,0
CUST_04760,Blue,445,0,102,18-06-2023,Week-25,Q2,2023,10317.0,642,3939,60,0.062,Swipe ,Bills,669.63,0
CUST_04763,Blue,250,1,116,18-06-2023,Week-25,Q2,2023,21922.0,1467,7409,89,0.067,Swipe ,Food,3778.16,0
CUST_04767,Blue,245,0,142,18-06-2023,Week-25,Q2,2023,34516.0,0,14127,116,0.0,Chip ,Travel,847.62,0
CUST_04768,Blue,150,0,114,18-06-2023,Week-25,Q2,2023,2796.0,0,2196,35,0.0,Swipe ,Fuel,241.56,0
CUST_04769,Blue,490,1,165,18-06-2023,Week-25,Q2,2023,6921.0,0,2729,44,0.0,Swipe ,Food,709.54,0
CUST_04771,Blue,360,1,100,18-06-2023,Week-25,Q2,2023,2322.0,1284,1573,27,0.553,Swipe ,Entertainment,314.6,0
CUST_04773,Blue,200,1,111,18-06-2023,Week-25,Q2,2023,2964.0,2043,4345,69,0.689,Swipe ,Fuel,695.2,0
CUST_04774,Blue,175,1,97,18-06-2023,Week-25,Q2,2023,9908.0,2066,3749,80,0.209,Swipe ,Grocery,562.35,0
CUST_04776,Blue,395,1,129,18-06-2023,Week-25,Q2,2023,3352.0,1713,1952,50,0.511,Online ,Bills,527.04,0
CUST_04780,Blue,280,1,104,18-06-2023,Week-25,Q2,2023,2339.0,2080,2294,45,0.889,Swipe ,Bills,550.56,0
CUST_04783,Blue,150,0,114,18-06-2023,Week-25,Q2,2023,6060.0,1687,3953,65,0.278,Chip ,Food,395.3,0
CUST_04784,Blue,300,1,95,18-06-2023,Week-25,Q2,2023,7469.0,1378,15225,108,0.184,Swipe ,Fuel,3197.25,0
CUST_04787,Blue,125,1,74,18-06-2023,Week-25,Q2,2023,16722.0,0,15110,113,0.0,Chip ,Grocery,3626.4,0
CUST_04792,Blue,325,1,84,18-06-2023,Week-25,Q2,2023,2453.0,1534,4185,66,0.625,Chip ,Bills,585.9,0
CUST_04794,Blue,465,1,108,18-06-2023,Week-25,Q2,2023,1853.0,1314,5331,79,0.709,Swipe ,Bills,746.34,0
CUST_04798,Blue,280,0,64,18-06-2023,Week-25,Q2,2023,10344.0,1274,1617,47,0.123,Swipe ,Bills,97.02,0
CUST_04802,Blue,200,1,119,18-06-2023,Week-25,Q2,2023,9959.0,1476,2760,44,0.148,Online ,Fuel,717.6,0
CUST_04803,Blue,200,0,84,18-06-2023,Week-25,Q2,2023,34516.0,2517,4228,83,0.073,Swipe ,Grocery,549.64,0
CUST_04804,Silver,250,0,112,18-06-2023,Week-25,Q2,2023,34516.0,0,2851,80,0.0,Swipe ,Grocery,513.18,0
CUST_04808,Gold,100,1,110,18-06-2023,Week-25,Q2,2023,34516.0,1873,7703,104,0.054,Swipe ,Entertainment,539.21,0
CUST_04809,Blue,480,0,75,18-06-2023,Week-25,Q2,2023,3127.0,2094,4518,86,0.67,Swipe ,Bills,948.78,0
CUST_04813,Blue,415,0,74,18-06-2023,Week-25,Q2,2023,3106.0,1120,683,17,0.361,Swipe ,Bills,81.96,0
CUST_04814,Blue,395,0,58,18-06-2023,Week-25,Q2,2023,34516.0,1307,13759,120,0.038,Chip ,Fuel,825.54,0
CUST_04817,Blue,190,0,70,18-06-2023,Week-25,Q2,2023,4331.0,1445,2053,33,0.334,Swipe ,Bills,225.83,0
CUST_04818,Blue,250,0,129,18-06-2023,Week-25,Q2,2023,1438.3,0,4765,71,0.0,Swipe ,Food,1143.6,0
CUST_04819,Blue,350,1,113,18-06-2023,Week-25,Q2,2023,26723.0,0,2138,43,0.0,Chip ,Grocery,427.6,0
CUST_04820,Blue,385,1,68,18-06-2023,Week-25,Q2,2023,34516.0,2088,6453,89,0.06,Swipe ,Bills,774.36,0
CUST_04823,Blue,425,0,82,18-06-2023,Week-25,Q2,2023,2238.0,1324,4108,72,0.592,Chip ,Fuel,534.04,0
CUST_04824,Blue,200,1,83,18-06-2023,Week-25,Q2,2023,3305.0,1909,4218,72,0.578,Swipe ,Grocery,590.52,0
CUST_04829,Blue,300,0,103,18-06-2023,Week-25,Q2,2023,2490.0,0,1645,30,0.0,Swipe ,Entertainment,164.5,0
CUST_04831,Silver,300,0,106,18-06-2023,Week-25,Q2,2023,33371.0,0,3638,67,0.0,Chip ,Fuel,873.12,0
CUST_04833,Blue,110,1,91,18-06-2023,Week-25,Q2,2023,23412.0,1078,1786,50,0.046,Swipe ,Bills,321.48,0
CUST_04834,Blue,300,1,86,18-06-2023,Week-25,Q2,2023,4142.0,688,4512,81,0.166,Swipe ,Entertainment,451.2,0
CUST_04837,Blue,95,1,77,18-06-2023,Week-25,Q2,2023,2704.0,789,4839,92,0.292,Chip ,Food,580.68,1
CUST_04843,Silver,200,1,105,18-06-2023,Week-25,Q2,2023,25856.0,1281,3303,70,0.05,Chip ,Bills,495.45,0
CUST_04844,Blue,150,1,94,18-06-2023,Week-25,Q2,2023,34173.0,1194,3731,69,0.035,Swipe ,Entertainment,1081.99,0
CUST_04846,Blue,370,0,115,18-06-2023,Week-25,Q2,2023,1539.0,989,1987,47,0.643,Swipe ,Bills,317.92,0
CUST_04848,Blue,460,1,51,18-06-2023,Week-25,Q2,2023,34516.0,1839,1230,34,0.053,Swipe ,Fuel,98.4,0
CUST_04852,Blue,125,1,110,18-06-2023,Week-25,Q2,2023,1644.0,500,2450,45,0.304,Swipe ,Bills,588.0,0
CUST_04861,Blue,325,1,143,18-06-2023,Week-25,Q2,2023,1659.0,1544,1920,39,0.931,Chip ,Bills,326.4,0
CUST_04865,Blue,200,1,112,18-06-2023,Week-25,Q2,2023,2346.0,1407,4116,79,0.6,Chip ,Fuel,1111.32,0
CUST_04868,Blue,400,0,94,18-06-2023,Week-25,Q2,2023,18578.0,1385,1606,54,0.075,Swipe ,Bills,128.48,0
CUST_04869,Blue,410,1,106,18-06-2023,Week-25,Q2,2023,5800.0,1434,8202,89,0.247,Swipe ,Entertainment,1230.3,0
CUST_04873,Blue,95,0,134,18-06-2023,Week-25,Q2,2023,9680.0,2101,15152,100,0.217,Chip ,Fuel,2121.28,0
CUST_04878,Blue,430,1,96,25-06-2023,Week-26,Q2,2023,19188.0,1622,4282,52,0.085,Chip ,Grocery,342.56,0
CUST_04881,Blue,355,0,106,25-06-2023,Week-26,Q2,2023,9131.0,916,1893,36,0.1,Swipe ,Entertainment,492.18,0
CUST_04884,Blue,270,1,76,25-06-2023,Week-26,Q2,2023,6314.0,0,2718,44,0.0,Swipe ,Grocery,706.68,0
CUST_04885,Blue,425,1,102,25-06-2023,Week-26,Q2,2023,3735.0,1199,1573,35,0.321,Swipe ,Entertainment,330.33,0
CUST_04886,Blue,490,1,87,25-06-2023,Week-26,Q2,2023,1707.0,1191,2950,87,0.698,Swipe ,Entertainment,531.0,0
CUST_04890,Blue,385,0,151,25-06-2023,Week-26,Q2,2023,9463.0,764,7106,61,0.081,Swipe ,Entertainment,852.72,0
CUST_04891,Gold,450,1,130,25-06-2023,Week-26,Q2,2023,34516.0,2098,6932,87,0.061,Swipe ,Food,1317.08,0
CUST_04895,Blue,125,0,105,25-06-2023,Week-26,Q2,2023,2405.0,1410,4421,79,0.586,Chip ,Fuel,1105.25,0
CUST_04900,Blue,350,1,99,25-06-2023,Week-26,Q2,2023,2900.0,1987,4549,70,0.685,Swipe ,Fuel,454.9,0
CUST_04901,Blue,250,1,103,25-06-2023,Week-26,Q2,2023,2890.0,1392,4233,77,0.482,Swipe ,Grocery,719.61,0
CUST_04903,Blue,340,1,100,25-06-2023,Week-26,Q2,2023,20485.0,0,3024,51,0.0,Chip ,Entertainment,241.92,0
CUST_04904,Blue,100,0,87,25-06-2023,Week-26,Q2,2023,3556.0,2517,2279,56,0.708,Swipe ,Bills,227.9,0
CUST_04907,Silver,275,0,113,25-06-2023,Week-26,Q2,2023,34516.0,1161,8212,100,0.034,Swipe ,Bills,2135.12,0
CUST_04908,Blue,430,1,42,25-06-2023,Week-26,Q2,2023,34516.0,549,1629,32,0.016,Swipe ,Bills,358.38,0
CUST_04909,Blue,190,0,104,25-06-2023,Week-26,Q2,2023,31346.0,1318,13303,92,0.042,Swipe ,Bills,2926.66,0
CUST_04915,Blue,420,0,145,25-06-2023,Week-26,Q2,2023,2192.0,1146,4756,85,0.523,Swipe ,Grocery,428.04,0
CUST_04919,Blue,500,1,109,25-06-2023,Week-26,Q2,2023,19333.0,0,7847,63,0.0,Swipe ,Bills,1961.75,0
CUST_04923,Blue,190,1,86,25-06-2023,Week-26,Q2,2023,16915.0,1679,2795,55,0.099,Swipe ,Travel,503.1,0
CUST_04925,Blue,430,0,87,25-06-2023,Week-26,Q2,2023,1606.0,1578,2418,44,0.983,Chip ,Entertainment,507.78,0
CUST_04930,Blue,325,1,107,25-06-2023,Week-26,Q2,2023,1842.0,0,4165,67,0.0,Swipe ,Grocery,291.55,0
CUST_04933,Silver,300,1,78,25-06-2023,Week-26,Q2,2023,25907.0,745,2058,56,0.029,Swipe ,Fuel,576.24,0
CUST_04935,Blue,495,0,101,25-06-2023,Week-26,Q2,2023,2074.0,1688,4232,75,0.814,Swipe ,Bills,1100.32,0
CUST_04937,Blue,150,0,112,25-06-2023,Week-26,Q2,2023,1438.3,0,2589,49,0.0,Swipe ,Grocery,569.58,0
CUST_04950,Blue,470,1,66,25-06-2023,Week-26,Q2,2023,6922.0,1704,1449,28,0.246,Swipe ,Entertainment,173.88,0
CUST_04951,Blue,365,0,83,25-06-2023,Week-26,Q2,2023,4821.0,1426,3571,58,0.296,Swipe ,Grocery,678.49,0
CUST_04953,Silver,125,1,73,25-06-2023,Week-26,Q2,2023,16903.0,1507,3819,61,0.089,Swipe ,Entertainment,343.71,0
CUST_04956,Silver,245,1,69,25-06-2023,Week-26,Q2,2023,34516.0,0,7962,99,0.0,Swipe ,Bills,1990.5,0
CUST_04962,Blue,125,0,90,25-06-2023,Week-26,Q2,2023,3735.0,1285,1877,33,0.344,Swipe ,Bills,262.78,0
CUST_04964,Blue,175,0,86,25-06-2023,Week-26,Q2,2023,5030.0,1327,2523,71,0.264,Swipe ,Food,176.61,0
CUST_04966,Blue,440,0,89,25-06-2023,Week-26,Q2,2023,6139.0,1585,7906,80,0.258,Swipe ,Food,2055.56,0
CUST_04978,Blue,300,0,103,25-06-2023,Week-26,Q2,2023,3541.0,1042,14511,123,0.294,Swipe ,Bills,2321.76,0
CUST_04982,Blue,300,1,112,25-06-2023,Week-26,Q2,2023,10408.0,1186,2560,42,0.114,Swipe ,Travel,716.8,0
CUST_04986,Blue,300,0,69,25-06-2023,Week-26,Q2,2023,4204.0,499,4740,67,0.119,Swipe ,Bills,853.2,0
CUST_04996,Gold,140,1,74,25-06-2023,Week-26,Q2,2023,34516.0,1051,8938,114,0.03,Swipe ,Bills,1430.08,0
CUST_05000,Blue,225,1,136,25-06-2023,Week-26,Q2,2023,11444.0,1278,2493,44,0.112,Swipe ,Entertainment,523.53,0
CUST_05004,Blue,250,1,81,25-06-2023,Week-26,Q2,2023,7353.0,1450,2005,54,0.197,Swipe ,Bills,481.2,1
CUST_05008,Blue,350,1,56,25-06-2023,Week-26,Q2,2023,5158.0,2190,1229,34,0.425,Swipe ,Fuel,172.06,0
CUST_05013,Blue,475,1,99,25-06-2023,Week-26,Q2,2023,10111.0,868,4791,68,0.086,Chip ,Entertainment,718.65,0
CUST_05014,Blue,225,1,101,25-06-2023,Week-26,Q2,2023,6587.0,824,4160,70,0.125,Swipe ,Bills,1123.2,0
CUST_05015,Blue,390,1,95,25-06-2023,Week-26,Q2,2023,23603.0,0,1382,31,0.0,Swipe ,Bills,331.68,0
CUST_05021,Blue,450,0,80,25-06-2023,Week-26,Q2,2023,5444.0,2499,4509,80,0.459,Online ,Entertainment,360.72,0
CUST_05023,Blue,245,1,102,25-06-2023,Week-26,Q2,2023,21875.0,2517,1327,31,0.115,Swipe ,Bills,92.89,0
CUST_05024,Blue,295,1,83,25-06-2023,Week-26,Q2,2023,9133.0,2140,4101,88,0.234,Swipe ,Bills,246.06,0
CUST_05027,Blue,100,0,79,25-06-2023,Week-26,Q2,2023,5153.0,1378,4274,81,0.267,Swipe ,Grocery,1153.98,0
CUST_05028,Blue,110,1,71,25-06-2023,Week-26,Q2,2023,17603.0,1063,2902,64,0.06,Swipe ,Grocery,348.24,0
CUST_05031,Silver,425,1,145,25-06-2023,Week-26,Q2,2023,13431.0,1583,2338,71,0.118,Swipe ,Entertainment,537.74,0
CUST_05033,Blue,250,0,147,25-06-2023,Week-26,Q2,2023,1438.3,738,4368,87,0.513,Swipe ,Food,1004.64,0
CUST_05034,Blue,350,1,122,25-06-2023,Week-26,Q2,2023,3306.0,706,4772,76,0.214,Swipe ,Food,1049.84,0
CUST_05035,Blue,445,0,110,25-06-2023,Week-26,Q2,2023,1776.0,1586,4350,71,0.893,Swipe ,Fuel,1131.0,0
CUST_05047,Blue,345,1,98,25-06-2023,Week-26,Q2,2023,6102.0,0,4527,67,0.0,Online ,Entertainment,860.13,0
CUST_05050,Blue,195,1,105,25-06-2023,Week-26,Q2,2023,3298.0,2200,1052,32,0.667,Swipe ,Bills,115.72,0
CUST_05051,Blue,245,0,70,25-06-2023,Week-26,Q2,2023,7951.0,1456,4452,65,0.183,Swipe ,Travel,267.12,0
CUST_05061,Blue,325,1,92,25-06-2023,Week-26,Q2,2023,10509.0,2388,1365,34,0.227,Swipe ,Grocery,218.4,0
CUST_05065,Silver,270,1,91,25-06-2023,Week-26,Q2,2023,13669.0,1774,15772,130,0.13,Chip ,Travel,3785.28,0
CUST_05066,Blue,125,1,169,25-06-2023,Week-26,Q2,2023,14450.0,2440,1235,30,0.169,Swipe ,Bills,74.1,0
CUST_05072,Blue,300,0,86,02-07-2023,Week-27,Q3,2023,1554.0,412,2341,43,0.265,Chip ,Grocery,1087.28,0
CUST_05073,Blue,460,0,105,02-07-2023,Week-27,Q3,2023,8168.0,2137,3554,82,0.262,Chip ,Grocery,746.34,0
CUST_05077,Blue,150,1,73,02-07-2023,Week-27,Q3,2023,1535.0,700,1848,25,0.456,Swipe ,Bills,110.88,0
CUST_05082,Blue,360,1,64,02-07-2023,Week-27,Q3,2023,2677.0,1555,4757,81,0.581,Online ,Entertainment,951.4,0
CUST_05083,Blue,455,1,72,02-07-2023,Week-27,Q3,2023,8083.0,0,3942,84,0.0,Online ,Entertainment,823.62,0
CUST_05091,Blue,420,1,72,02-07-2023,Week-27,Q3,2023,5240.0,1608,2712,64,0.307,Swipe ,Fuel,986.48,0
CUST_05093,Blue,150,0,116,02-07-2023,Week-27,Q3,2023,7474.0,2444,5100,79,0.327,Swipe ,Bills,1071.0,0
CUST_05095,Blue,125,0,89,02-07-2023,Week-27,Q3,2023,11900.0,1796,14666,101,0.151,Chip ,Entertainment,2933.2,0
CUST_05112,Blue,175,0,148,02-07-2023,Week-27,Q3,2023,2743.0,1705,6993,97,0.622,Swipe ,Fuel,909.09,0
CUST_05115,Blue,300,0,56,02-07-2023,Week-27,Q3,2023,7871.0,1687,1428,22,0.214,Swipe ,Bills,214.2,0
CUST_05118,Blue,125,1,93,02-07-2023,Week-27,Q3,2023,8529.0,901,4252,68,0.106,Swipe ,Entertainment,722.84,0
CUST_05119,Blue,200,1,101,02-07-2023,Week-27,Q3,2023,1654.0,1253,1887,60,0.758,Swipe ,Bills,528.36,0
CUST_05121,Blue,295,0,86,02-07-2023,Week-27,Q3,2023,13532.0,1300,1521,29,0.096,Swipe ,Bills,425.88,0
CUST_05122,Blue,340,1,100,02-07-2023,Week-27,Q3,2023,2178.0,1455,5363,76,0.668,Chip ,Entertainment,482.67,0
CUST_05124,Blue,175,0,41,02-07-2023,Week-27,Q3,2023,21794.0,1368,15111,116,0.063,Chip ,Fuel,4079.97,0
CUST_05130,Blue,295,1,65,02-07-2023,Week-27,Q3,2023,4135.0,1606,3334,56,0.388,Online ,Food,866.84,0
CUST_05131,Blue,480,0,162,02-07-2023,Week-27,Q3,2023,3423.0,2186,14037,120,0.639,Chip ,Food,1684.44,0
CUST_05138,Blue,395,0,93,02-07-2023,Week-27,Q3,2023,3173.0,2517,4030,73,0.793,Chip ,Bills,443.3,0
CUST_05139,Silver,175,1,92,02-07-2023,Week-27,Q3,2023,25824.0,1170,3101,73,0.045,Chip ,Bills,248.08,0
CUST_05144,Blue,245,0,90,02-07-2023,Week-27,Q3,2023,13478.0,0,4738,56,0.0,Swipe ,Fuel,947.6,0
CUST_05146,Blue,455,1,90,02-07-2023,Week-27,Q3,2023,10016.0,1872,2804,37,0.187,Swipe ,Food,532.76,0
CUST_05152,Blue,175,0,75,02-07-2023,Week-27,Q3,2023,6039.0,1759,4538,86,0.291,Online ,Entertainment,816.84,0
CUST_05160,Blue,345,1,90,02-07-2023,Week-27,Q3,2023,9097.0,1656,4174,85,0.182,Chip ,Fuel,292.18,0
CUST_05169,Blue,200,0,48,02-07-2023,Week-27,Q3,2023,1572.0,0,2447,41,0.0,Online ,Travel,636.22,0
CUST_05170,Blue,330,1,160,02-07-2023,Week-27,Q3,2023,2246.0,0,3607,51,0.0,Swipe ,Entertainment,721.4,0
CUST_05172,Blue,465,1,110,02-07-2023,Week-27,Q3,2023,1438.3,0,2492,35,0.0,Chip ,Bills,722.68,0
CUST_05181,Blue,150,1,113,02-07-2023,Week-27,Q3,2023,4710.0,1604,4663,78,0.341,Swipe ,Fuel,606.19,0
CUST_05182,Blue,220,0,108,02-07-2023,Week-27,Q3,2023,8705.0,1453,2688,88,0.167,Swipe ,Entertainment,376.32,0
CUST_05184,Blue,400,1,80,02-07-2023,Week-27,Q3,2023,1495.0,0,3878,63,0.0,Chip ,Grocery,426.58,0
CUST_05194,Blue,245,1,57,02-07-2023,Week-27,Q3,2023,6543.0,2260,1519,31,0.345,Swipe ,Fuel,379.75,0
CUST_05200,Blue,300,0,156,02-07-2023,Week-27,Q3,2023,34516.0,830,3789,57,0.024,Swipe ,Entertainment,530.46,0
CUST_05203,Blue,365,0,95,02-07-2023,Week-27,Q3,2023,2556.0,2260,1401,30,0.884,Swipe ,Fuel,196.14,0
CUST_05205,Blue,405,1,67,02-07-2023,Week-27,Q3,2023,28618.0,0,1712,41,0.0,Chip ,Grocery,496.48,0
CUST_05207,Blue,175,0,72,02-07-2023,Week-27,Q3,2023,5951.0,1702,2565,53,0.286,Swipe ,Entertainment,359.1,0
CUST_05212,Blue,150,1,117,02-07-2023,Week-27,Q3,2023,8621.0,1251,1989,37,0.145,Swipe ,Travel,576.81,0
CUST_05217,Blue,175,1,102,02-07-2023,Week-27,Q3,2023,8383.0,0,5460,63,0.0,Swipe ,Bills,1037.4,0
CUST_05218,Blue,455,0,105,02-07-2023,Week-27,Q3,2023,1693.0,1457,2829,42,0.861,Swipe ,Bills,763.83,0
CUST_05219,Blue,385,1,61,02-07-2023,Week-27,Q3,2023,1458.0,671,2449,56,0.46,Swipe ,Entertainment,489.8,0
CUST_05222,Silver,300,0,118,02-07-2023,Week-27,Q3,2023,13991.0,1580,4100,74,0.113,Swipe ,Entertainment,1148.0,0
CUST_05227,Blue,140,0,76,02-07-2023,Week-27,Q3,2023,5039.0,2489,4770,74,0.494,Swipe ,Bills,1383.3,0
CUST_05228,Blue,195,1,116,02-07-2023,Week-27,Q3,2023,4789.0,1257,1534,29,0.262,Swipe ,Bills,414.18,0
CUST_05229,Blue,285,0,63,02-07-2023,Week-27,Q3,2023,3076.0,2257,4522,75,0.734,Chip ,Entertainment,1085.28,0
CUST_05230,Blue,280,0,87,02-07-2023,Week-27,Q3,2023,2415.0,1452,3970,68,0.601,Chip ,Fuel,555.8,0
CUST_05240,Blue,245,1,85,02-07-2023,Week-27,Q3,2023,9428.0,1765,1457,43,0.187,Swipe ,Entertainment,189.41,0
CUST_05246,Blue,250,0,48,02-07-2023,Week-27,Q3,2023,20614.0,0,1922,48,0.0,Swipe ,Entertainment,480.5,0
CUST_05258,Blue,250,0,85,02-07-2023,Week-27,Q3,2023,5481.0,0,3380,73,0.0,Chip ,Entertainment,845.0,0
CUST_05260,Blue,280,0,83,02-07-2023,Week-27,Q3,2023,5240.0,2517,14161,105,0.48,Chip ,Grocery,2548.98,0
CUST_05265,Blue,485,0,76,09-07-2023,Week-28,Q3,2023,3069.0,1881,2909,58,0.613,Online ,Food,669.07,0
CUST_05266,Blue,200,0,82,09-07-2023,Week-28,Q3,2023,1914.0,0,2687,41,0.0,Chip ,Grocery,752.36,0
CUST_05267,Gold,465,1,107,09-07-2023,Week-28,Q3,2023,34516.0,0,5547,75,0.0,Swipe ,Bills,721.11,0
CUST_05268,Silver,200,1,70,09-07-2023,Week-28,Q3,2023,21358.0,1225,3646,77,0.057,Swipe ,Grocery,510.44,0
CUST_05270,Blue,245,1,131,09-07-2023,Week-28,Q3,2023,3276.0,0,3758,61,0.0,Swipe ,Entertainment,638.86,0
CUST_05271,Blue,125,1,85,09-07-2023,Week-28,Q3,2023,25790.0,1798,2443,70,0.07,Swipe ,Entertainment,561.89,0
CUST_05272,Blue,195,0,92,09-07-2023,Week-28,Q3,2023,8242.0,0,1559,44,0.0,Swipe ,Fuel,93.54,0
CUST_05273,Blue,295,1,71,09-07-2023,Week-28,Q3,2023,12643.0,0,787,21,0.0,Swipe ,Entertainment,78.7,0
CUST_05275,Blue,220,1,87,09-07-2023,Week-28,Q3,2023,18584.0,2446,3504,64,0.132,Swipe ,Entertainment,876.0,0
CUST_05279,Blue,325,1,79,09-07-2023,Week-28,Q3,2023,5841.0,2463,3817,81,0.422,Swipe ,Entertainment,1068.76,0
CUST_05282,Blue,395,0,101,09-07-2023,Week-28,Q3,2023,3803.0,2437,14397,117,0.641,Swipe ,Entertainment,2015.58,0
CUST_05287,Blue,275,1,164,09-07-2023,Week-28,Q3,2023,4115.0,1231,3627,61,0.299,Swipe ,Bills,580.32,0
CUST_05291,Blue,495,0,119,09-07-2023,Week-28,Q3,2023,13441.0,0,4207,80,0.0,Chip ,Food,673.12,0
CUST_05293,Blue,490,1,90,09-07-2023,Week-28,Q3,2023,11352.0,0,1601,34,0.0,Swipe ,Fuel,272.17,0
CUST_05295,Blue,355,1,41,09-07-2023,Week-28,Q3,2023,5061.0,0,1309,38,0.0,Swipe ,Bills,379.61,0
CUST_05297,Blue,95,0,134,09-07-2023,Week-28,Q3,2023,3068.0,1765,4611,73,0.575,Online ,Bills,829.98,0
CUST_05299,Blue,100,0,90,09-07-2023,Week-28,Q3,2023,26819.0,1657,14450,111,0.062,Swipe ,Fuel,2312.0,0
CUST_05305,Blue,365,0,105,09-07-2023,Week-28,Q3,2023,2368.0,1244,4289,71,0.525,Swipe ,Grocery,814.91,0
CUST_05309,Blue,245,0,55,09-07-2023,Week-28,Q3,2023,6859.0,2489,1617,26,0.363,Swipe ,Bills,274.89,0
CUST_05314,Silver,390,0,96,09-07-2023,Week-28,Q3,2023,34516.0,0,3526,53,0.0,Swipe ,Grocery,458.38,0
CUST_05315,Blue,325,0,107,09-07-2023,Week-28,Q3,2023,3283.0,1856,4498,64,0.565,Chip ,Grocery,1079.52,0
CUST_05322,Blue,150,0,47,09-07-2023,Week-28,Q3,2023,8668.0,0,1402,38,0.0,Chip ,Bills,168.24,0
CUST_05324,Blue,330,1,116,09-07-2023,Week-28,Q3,2023,20130.0,2355,2444,49,0.117,Swipe ,Food,488.8,0
CUST_05327,Blue,245,1,110,09-07-2023,Week-28,Q3,2023,1822.0,1114,5210,73,0.611,Online ,Fuel,729.4,0
CUST_05329,Blue,285,0,103,09-07-2023,Week-28,Q3,2023,21079.0,1431,13930,96,0.068,Online ,Bills,2507.4,0
CUST_05338,Blue,460,0,47,09-07-2023,Week-28,Q3,2023,7924.0,1896,3270,58,0.239,Swipe ,Grocery,392.4,1
CUST_05339,Blue,175,1,83,09-07-2023,Week-28,Q3,2023,5950.0,1117,4682,89,0.188,Chip ,Entertainment,749.12,0
CUST_05341,Blue,375,0,85,09-07-2023,Week-28,Q3,2023,2082.0,1794,3423,48,0.862,Swipe ,Bills,787.29,0
CUST_05350,Blue,300,1,107,09-07-2023,Week-28,Q3,2023,2586.0,2196,3944,78,0.849,Chip ,Food,473.28,0
CUST_05351,Blue,290,1,75,09-07-2023,Week-28,Q3,2023,1844.0,1388,5056,81,0.753,Online ,Entertainment,1264.0,0
CUST_05352,Blue,390,0,58,09-07-2023,Week-28,Q3,2023,18178.0,0,3445,76,0.0,Chip ,Grocery,826.8,0
CUST_05355,Blue,175,1,94,09-07-2023,Week-28,Q3,2023,3845.0,1460,14432,106,0.38,Chip ,Fuel,3608.0,0
CUST_05359,Blue,355,0,74,09-07-2023,Week-28,Q3,2023,3758.0,2047,4928,79,0.545,Swipe ,Grocery,640.64,0
CUST_05360,Blue,445,1,104,09-07-2023,Week-28,Q3,2023,1844.0,0,4564,82,0.0,Chip ,Grocery,867.16,0
CUST_05363,Blue,395,1,71,09-07-2023,Week-28,Q3,2023,2042.0,1567,5146,78,0.767,Chip ,Fuel,360.22,0
CUST_05364,Blue,455,0,66,09-07-2023,Week-28,Q3,2023,2676.0,1740,3863,69,0.65,Chip ,Bills,309.04,0
CUST_05365,Blue,445,0,137,09-07-2023,Week-28,Q3,2023,2915.0,2041,4272,70,0.7,Swipe ,Fuel,1110.72,0
CUST_05369,Blue,200,1,74,09-07-2023,Week-28,Q3,2023,1548.0,0,2611,64,0.0,Swipe ,Grocery,731.08,0
CUST_05372,Blue,330,0,74,09-07-2023,Week-28,Q3,2023,10682.0,1334,7332,92,0.125,Swipe ,Bills,1759.68,0
CUST_05373,Blue,190,0,93,09-07-2023,Week-28,Q3,2023,2029.0,974,4170,73,0.48,Chip ,Entertainment,917.4,0
CUST_05376,Blue,150,0,110,09-07-2023,Week-28,Q3,2023,2431.0,1846,4327,74,0.759,Chip ,Entertainment,1168.29,0
CUST_05377,Blue,395,1,79,09-07-2023,Week-28,Q3,2023,29939.0,0,4305,63,0.0,Chip ,Fuel,688.8,0
CUST_05378,Blue,300,1,53,09-07-2023,Week-28,Q3,2023,8906.0,0,809,15,0.0,Swipe ,Bills,202.25,0
CUST_05385,Blue,125,1,64,09-07-2023,Week-28,Q3,2023,4613.0,1619,2328,62,0.351,Swipe ,Bills,558.72,0
CUST_05387,Blue,430,1,103,09-07-2023,Week-28,Q3,2023,20156.0,1759,1362,28,0.087,Swipe ,Bills,286.02,0
CUST_05390,Blue,430,1,96,09-07-2023,Week-28,Q3,2023,3230.0,1172,4419,64,0.363,Swipe ,Entertainment,530.28,0
CUST_05392,Blue,100,0,115,09-07-2023,Week-28,Q3,2023,17890.0,2517,4831,81,0.141,Swipe ,Grocery,531.41,0
CUST_05396,Blue,125,1,61,09-07-2023,Week-28,Q3,2023,9859.0,1305,4345,72,0.132,Swipe ,Fuel,955.9,0
CUST_05397,Blue,285,0,145,09-07-2023,Week-28,Q3,2023,1494.0,706,1305,24,0.473,Swipe ,Bills,156.6,0
CUST_05399,Blue,100,0,106,09-07-2023,Week-28,Q3,2023,15913.0,1696,4472,86,0.107,Online ,Food,313.04,0
CUST_05400,Blue,325,1,110,09-07-2023,Week-28,Q3,2023,27157.0,1547,1535,38,0.057,Swipe ,Entertainment,353.05,0
CUST_05406,Blue,175,1,74,09-07-2023,Week-28,Q3,2023,2019.0,1387,1689,36,0.687,Swipe ,Fuel,456.03,0
CUST_05412,Blue,175,1,87,09-07-2023,Week-28,Q3,2023,10329.0,514,2461,68,0.05,Swipe ,Travel,295.32,0
CUST_05413,Blue,445,1,90,09-07-2023,Week-28,Q3,2023,1833.0,0,2037,31,0.0,Swipe ,Food,570.36,0
CUST_05415,Silver,325,1,101,09-07-2023,Week-28,Q3,2023,12944.0,1200,16161,105,0.093,Chip ,Bills,4363.47,0
CUST_05418,Blue,500,1,75,09-07-2023,Week-28,Q3,2023,3466.0,2517,13140,94,0.726,Swipe ,Food,788.4,0
CUST_05419,Silver,100,1,66,09-07-2023,Week-28,Q3,2023,34140.0,0,8177,76,0.0,Chip ,Travel,1471.86,0
CUST_05420,Blue,380,1,82,09-07-2023,Week-28,Q3,2023,34516.0,2517,7437,86,0.073,Swipe ,Food,818.07,0
CUST_05423,Blue,300,1,90,09-07-2023,Week-28,Q3,2023,13590.0,1528,2137,52,0.112,Chip ,Bills,427.4,0
CUST_05428,Blue,300,0,73,09-07-2023,Week-28,Q3,2023,1438.3,0,4488,84,0.0,Chip ,Grocery,448.8,0
CUST_05432,Blue,380,1,107,09-07-2023,Week-28,Q3,2023,2418.0,2205,3918,74,0.912,Chip ,Grocery,470.16,0
CUST_05442,Blue,220,0,94,09-07-2023,Week-28,Q3,2023,34496.0,1665,8092,80,0.048,Swipe ,Bills,809.2,0
CUST_05447,Blue,125,1,82,09-07-2023,Week-28,Q3,2023,5472.0,788,705,14,0.144,Online ,Bills,176.25,0
CUST_05448,Blue,125,1,66,09-07-2023,Week-28,Q3,2023,2783.0,1763,3967,42,0.633,Online ,Bills,515.71,0
CUST_05454,Blue,280,1,123,09-07-2023,Week-28,Q3,2023,4629.0,710,2877,49,0.153,Swipe ,Entertainment,460.32,0
CUST_05457,Blue,200,0,89,09-07-2023,Week-28,Q3,2023,2591.0,0,3876,67,0.0,Chip ,Grocery,1124.04,0
CUST_05462,Silver,250,0,164,16-07-2023,Week-29,Q3,2023,13067.0,1943,15172,118,0.149,Swipe ,Grocery,1517.2,0
CUST_05465,Blue,175,0,82,16-07-2023,Week-29,Q3,2023,8858.0,1359,14223,103,0.153,Swipe ,Grocery,1422.3,0
CUST_05466,Blue,320,0,97,16-07-2023,Week-29,Q3,2023,1438.3,0,2123,37,0.0,Chip ,Fuel,233.53,0
CUST_05472,Blue,100,0,76,16-07-2023,Week-29,Q3,2023,7762.0,1319,5153,77,0.17,Chip ,Entertainment,1391.31,0
CUST_05475,Silver,340,0,55,16-07-2023,Week-29,Q3,2023,34516.0,1435,4238,85,0.042,Swipe ,Bills,1017.12,0
CUST_05478,Blue,150,0,81,16-07-2023,Week-29,Q3,2023,3379.0,587,5121,80,0.174,Swipe ,Bills,614.52,0
CUST_05482,Gold,450,1,113,16-07-2023,Week-29,Q3,2023,23981.0,1408,14455,96,0.059,Swipe ,Fuel,4047.4,0
CUST_05485,Blue,125,1,92,16-07-2023,Week-29,Q3,2023,7093.0,2517,13937,120,0.355,Chip ,Travel,2508.66,0
CUST_05493,Blue,340,0,93,16-07-2023,Week-29,Q3,2023,2488.0,2196,4361,75,0.883,Chip ,Bills,1003.03,0
CUST_05497,Blue,300,0,107,16-07-2023,Week-29,Q3,2023,6925.0,0,2506,36,0.0,Swipe ,Food,501.2,0
CUST_05502,Blue,245,1,45,16-07-2023,Week-29,Q3,2023,15641.0,2379,3769,76,0.152,Swipe ,Grocery,339.21,0
CUST_05504,Blue,435,1,101,16-07-2023,Week-29,Q3,2023,3107.0,2354,2720,48,0.758,Swipe ,Fuel,625.6,0
CUST_05505,Blue,300,0,64,16-07-2023,Week-29,Q3,2023,4601.0,0,9610,76,0.0,Chip ,Fuel,1825.9,0
CUST_05509,Silver,300,0,98,16-07-2023,Week-29,Q3,2023,34516.0,2386,3924,65,0.069,Chip ,Food,941.76,1
CUST_05516,Blue,290,1,105,16-07-2023,Week-29,Q3,2023,2720.0,1904,1613,43,0.7,Swipe ,Entertainment,338.73,0
CUST_05517,Blue,340,1,90,16-07-2023,Week-29,Q3,2023,4592.0,1635,1772,52,0.356,Swipe ,Bills,513.88,0
CUST_05519,Blue,245,1,95,16-07-2023,Week-29,Q3,2023,3761.0,2121,4476,79,0.564,Swipe ,Travel,581.88,0
CUST_05520,Blue,125,1,128,16-07-2023,Week-29,Q3,2023,17404.0,1745,4491,78,0.1,Swipe ,Bills,404.19,0
CUST_05530,Blue,295,1,94,16-07-2023,Week-29,Q3,2023,1438.3,0,5014,84,0.0,Swipe ,Bills,451.26,0
CUST_05533,Blue,340,0,82,16-07-2023,Week-29,Q3,2023,4225.0,2517,2659,43,0.596,Swipe ,Grocery,372.26,0
CUST_05538,Silver,290,1,111,16-07-2023,Week-29,Q3,2023,26750.0,1204,1131,29,0.045,Swipe ,Bills,180.96,0
CUST_05545,Blue,380,1,57,16-07-2023,Week-29,Q3,2023,1438.3,306,694,15,0.213,Swipe ,Bills,201.26,0
CUST_05546,Blue,350,0,88,16-07-2023,Week-29,Q3,2023,18202.0,1841,3551,68,0.101,Chip ,Fuel,887.75,0
CUST_05550,Gold,440,1,94,16-07-2023,Week-29,Q3,2023,4251.0,2295,15574,115,0.54,Chip ,Food,4360.72,0
CUST_05551,Silver,480,0,107,16-07-2023,Week-29,Q3,2023,34516.0,919,3415,79,0.027,Swipe ,Fuel,990.35,0
CUST_05552,Blue,175,1,94,16-07-2023,Week-29,Q3,2023,12423.0,1910,1208,38,0.154,Swipe ,Entertainment,157.04,0
CUST_05555,Blue,320,0,146,16-07-2023,Week-29,Q3,2023,2367.0,1606,4506,59,0.678,Swipe ,Grocery,1216.62,0
CUST_05557,Blue,370,1,76,16-07-2023,Week-29,Q3,2023,34516.0,0,3230,64,0.0,Swipe ,Grocery,484.5,0
CUST_05560,Blue,335,1,93,16-07-2023,Week-29,Q3,2023,13206.0,925,2342,51,0.07,Swipe ,Bills,327.88,0
CUST_05562,Blue,140,1,90,16-07-2023,Week-29,Q3,2023,2473.0,0,2133,44,0.0,Chip ,Entertainment,575.91,0
CUST_05567,Blue,100,1,93,16-07-2023,Week-29,Q3,2023,5987.0,1405,4011,72,0.235,Chip ,Bills,762.09,0
CUST_05573,Blue,390,0,78,16-07-2023,Week-29,Q3,2023,2763.0,1913,4136,69,0.692,Chip ,Entertainment,951.28,1
CUST_05578,Blue,290,0,117,16-07-2023,Week-29,Q3,2023,2305.0,1173,5106,74,0.509,Online ,Food,1429.68,1
CUST_05582,Blue,245,1,85,16-07-2023,Week-29,Q3,2023,1555.0,1366,5490,86,0.878,Swipe ,Entertainment,329.4,0
CUST_05584,Blue,150,1,112,16-07-2023,Week-29,Q3,2023,4668.0,0,4163,77,0.0,Swipe ,Bills,707.71,0
CUST_05585,Blue,280,1,82,16-07-2023,Week-29,Q3,2023,1705.0,1192,4862,41,0.699,Chip ,Fuel,583.44,0
CUST_05594,Blue,470,1,97,16-07-2023,Week-29,Q3,2023,2281.0,920,3968,66,0.403,Chip ,Bills,1111.04,0
CUST_05596,Blue,385,1,106,16-07-2023,Week-29,Q3,2023,2105.0,0,4190,67,0.0,Swipe ,Entertainment,419.0,0
CUST_05606,Blue,325,1,87,16-07-2023,Week-29,Q3,2023,23561.0,864,2447,64,0.037,Swipe ,Bills,244.7,0
CUST_05607,Blue,195,1,72,16-07-2023,Week-29,Q3,2023,6168.0,2371,4303,80,0.384,Swipe ,Bills,1161.81,0
CUST_05616,Gold,365,1,71,16-07-2023,Week-29,Q3,2023,4103.0,1972,16344,118,0.481,Chip ,Travel,1797.84,0
CUST_05617,Blue,100,1,83,16-07-2023,Week-29,Q3,2023,18974.0,2517,2783,56,0.133,Swipe ,Entertainment,528.77,0
CUST_05618,Blue,200,0,82,16-07-2023,Week-29,Q3,2023,13103.0,1809,4323,72,0.138,Swipe ,Bills,821.37,0
CUST_05621,Blue,455,1,113,16-07-2023,Week-29,Q3,2023,5855.0,0,9202,80,0.0,Chip ,Fuel,1932.42,0
CUST_05628,Blue,150,1,105,16-07-2023,Week-29,Q3,2023,3541.0,1444,3410,69,0.408,Swipe ,Grocery,409.2,0
CUST_05633,Blue,300,1,131,16-07-2023,Week-29,Q3,2023,2413.0,2015,1398,24,0.835,Swipe ,Bills,349.5,0
CUST_05636,Blue,370,1,91,16-07-2023,Week-29,Q3,2023,2542.0,850,4972,79,0.334,Swipe ,Grocery,397.76,0
CUST_05637,Blue,475,0,105,16-07-2023,Week-29,Q3,2023,7753.0,2100,991,26,0.271,Swipe ,Travel,227.93,0
CUST_05640,Blue,250,1,101,16-07-2023,Week-29,Q3,2023,3977.0,1325,4076,62,0.333,Swipe ,Entertainment,978.24,0
CUST_05641,Silver,300,1,122,16-07-2023,Week-29,Q3,2023,18965.0,2262,3066,69,0.119,Online ,Bills,398.58,0
CUST_05642,Blue,195,0,94,16-07-2023,Week-29,Q3,2023,5155.0,0,2753,45,0.0,Swipe ,Entertainment,165.18,0
CUST_05643,Blue,270,1,55,16-07-2023,Week-29,Q3,2023,6897.0,640,2781,57,0.093,Swipe ,Bills,194.67,0
CUST_05649,Blue,175,0,95,16-07-2023,Week-29,Q3,2023,2096.0,1567,1559,49,0.748,Swipe ,Bills,218.26,0
CUST_05653,Blue,200,1,137,16-07-2023,Week-29,Q3,2023,4284.0,1900,4948,85,0.444,Chip ,Entertainment,395.84,0
CUST_05655,Blue,245,1,139,23-07-2023,Week-30,Q3,2023,5642.0,541,4633,84,0.096,Swipe ,Grocery,787.61,0
CUST_05664,Blue,360,0,102,23-07-2023,Week-30,Q3,2023,8919.0,1723,13719,96,0.193,Swipe ,Food,2880.99,1
CUST_05665,Blue,355,1,50,23-07-2023,Week-30,Q3,2023,11042.0,2211,1140,25,0.2,Swipe ,Entertainment,205.2,1
CUST_05666,Blue,225,0,64,23-07-2023,Week-30,Q3,2023,1553.0,723,1954,43,0.466,Swipe ,Entertainment,390.8,1
CUST_05667,Blue,125,1,74,23-07-2023,Week-30,Q3,2023,4969.0,838,1489,32,0.169,Swipe ,Bills,119.12,0
CUST_05670,Blue,280,0,157,23-07-2023,Week-30,Q3,2023,32676.0,2134,3990,88,0.065,Swipe ,Entertainment,957.6,0
CUST_05675,Blue,425,1,73,23-07-2023,Week-30,Q3,2023,22770.0,2517,1882,38,0.111,Swipe ,Bills,432.86,0
CUST_05677,Blue,495,1,98,23-07-2023,Week-30,Q3,2023,1773.0,1539,4087,74,0.868,Chip ,Fuel,572.18,0
CUST_05681,Blue,325,1,110,23-07-2023,Week-30,Q3,2023,1998.0,0,4637,68,0.0,Swipe ,Fuel,510.07,0
CUST_05682,Blue,175,0,106,23-07-2023,Week-30,Q3,2023,3095.0,1488,4642,92,0.481,Online ,Food,557.04,0
CUST_05688,Blue,225,1,97,23-07-2023,Week-30,Q3,2023,6779.0,1359,3434,65,0.2,Swipe ,Bills,618.12,0
CUST_05689,Blue,250,0,66,23-07-2023,Week-30,Q3,2023,1953.0,1554,4598,71,0.796,Chip ,Bills,275.88,0
CUST_05696,Blue,200,1,138,23-07-2023,Week-30,Q3,2023,2158.0,1299,4946,73,0.602,Swipe ,Entertainment,395.68,0
CUST_05697,Blue,365,1,109,23-07-2023,Week-30,Q3,2023,2939.0,1388,5076,84,0.472,Swipe ,Grocery,761.4,0
CUST_05699,Blue,175,1,66,23-07-2023,Week-30,Q3,2023,7578.0,1628,1325,29,0.215,Swipe ,Entertainment,357.75,0
CUST_05708,Blue,245,0,83,23-07-2023,Week-30,Q3,2023,1438.3,0,3877,70,0.0,Swipe ,Grocery,387.7,0
CUST_05709,Blue,245,0,113,23-07-2023,Week-30,Q3,2023,20865.0,0,837,25,0.0,Swipe ,Bills,184.14,0
CUST_05710,Blue,405,1,73,23-07-2023,Week-30,Q3,2023,2883.0,1936,4244,53,0.672,Swipe ,Grocery,976.12,0
CUST_05711,Blue,100,1,107,23-07-2023,Week-30,Q3,2023,2855.0,527,3645,69,0.185,Online ,Grocery,437.4,0
CUST_05715,Blue,250,1,79,23-07-2023,Week-30,Q3,2023,4543.0,1028,4093,77,0.226,Swipe ,Bills,491.16,0
CUST_05719,Blue,225,1,116,23-07-2023,Week-30,Q3,2023,4006.0,2517,1157,34,0.628,Online ,Bills,277.68,0
CUST_05720,Blue,300,1,57,23-07-2023,Week-30,Q3,2023,4535.0,0,2342,40,0.0,Chip ,Fuel,327.88,0
CUST_05728,Blue,250,1,93,23-07-2023,Week-30,Q3,2023,4180.0,688,3750,76,0.165,Swipe ,Travel,375.0,0
CUST_05729,Blue,250,1,81,23-07-2023,Week-30,Q3,2023,8892.0,889,4900,89,0.1,Chip ,Food,588.0,0
CUST_05730,Blue,425,0,91,23-07-2023,Week-30,Q3,2023,3901.0,1001,4313,72,0.257,Online ,Fuel,1078.25,0
CUST_05737,Blue,400,1,78,23-07-2023,Week-30,Q3,2023,2157.0,574,1663,33,0.266,Swipe ,Bills,249.45,0
CUST_05742,Gold,245,1,83,23-07-2023,Week-30,Q3,2023,7664.0,1785,15077,126,0.233,Swipe ,Bills,2261.55,0
CUST_05750,Blue,430,1,65,23-07-2023,Week-30,Q3,2023,2175.0,1404,3994,64,0.646,Swipe ,Bills,319.52,0
CUST_05757,Blue,200,0,75,23-07-2023,Week-30,Q3,2023,4136.0,0,7739,97,0.0,Swipe ,Entertainment,1160.85,0
CUST_05762,Blue,150,0,70,23-07-2023,Week-30,Q3,2023,12366.0,0,4880,76,0.0,Swipe ,Grocery,1171.2,0
CUST_05763,Blue,175,0,71,23-07-2023,Week-30,Q3,2023,3107.0,1720,2460,71,0.554,Swipe ,Fuel,639.6,0
CUST_05764,Blue,175,1,114,23-07-2023,Week-30,Q3,2023,4503.0,0,748,20,0.0,Swipe ,Grocery,127.16,0
CUST_05765,Platinum,300,1,83,23-07-2023,Week-30,Q3,2023,11782.0,2177,16605,110,0.185,Swipe ,Entertainment,4483.35,0
CUST_05767,Blue,125,1,98,23-07-2023,Week-30,Q3,2023,2252.0,1737,1291,27,0.771,Swipe ,Fuel,309.84,0
CUST_05768,Blue,150,1,83,23-07-2023,Week-30,Q3,2023,3244.0,1762,1274,32,0.543,Swipe ,Bills,191.1,0
CUST_05770,Blue,455,1,102,23-07-2023,Week-30,Q3,2023,3118.0,1528,1291,24,0.49,Swipe ,Fuel,116.19,0
CUST_05771,Blue,220,0,117,23-07-2023,Week-30,Q3,2023,17965.0,1644,1767,50,0.092,Swipe ,Travel,318.06,0
CUST_05776,Blue,410,1,84,23-07-2023,Week-30,Q3,2023,2655.0,2283,2386,49,0.86,Swipe ,Bills,405.62,0
CUST_05781,Blue,490,1,104,23-07-2023,Week-30,Q3,2023,2991.0,1508,3734,64,0.504,Swipe ,Bills,784.14,0
CUST_05786,Blue,245,0,111,23-07-2023,Week-30,Q3,2023,2099.0,1164,4471,80,0.555,Swipe ,Bills,938.91,0
CUST_05787,Blue,400,1,133,23-07-2023,Week-30,Q3,2023,1438.3,604,4219,83,0.42,Chip ,Entertainment,928.18,0
CUST_05791,Blue,485,0,54,23-07-2023,Week-30,Q3,2023,4026.0,243,1102,27,0.06,Swipe ,Grocery,231.42,0
CUST_05793,Blue,200,0,115,23-07-2023,Week-30,Q3,2023,8285.0,1359,7205,84,0.164,Swipe ,Fuel,3801.25,0
CUST_05796,Blue,300,1,161,23-07-2023,Week-30,Q3,2023,21696.0,1036,3354,76,0.048,Swipe ,Fuel,972.66,0
CUST_05804,Blue,275,1,108,23-07-2023,Week-30,Q3,2023,2983.0,0,2509,46,0.0,Chip ,Entertainment,577.07,0
CUST_05810,Blue,350,0,98,23-07-2023,Week-30,Q3,2023,1438.3,0,2295,51,0.0,Swipe ,Entertainment,481.95,0
CUST_05815,Blue,200,0,93,23-07-2023,Week-30,Q3,2023,5039.0,0,1390,23,0.0,Swipe ,Bills,83.4,1
CUST_05817,Blue,385,1,97,23-07-2023,Week-30,Q3,2023,6116.0,1698,1592,32,0.278,Swipe ,Entertainment,286.56,1
CUST_05818,Blue,385,1,97,23-07-2023,Week-30,Q3,2023,11236.0,576,4253,80,0.051,Swipe ,Entertainment,425.3,1
CUST_05820,Blue,150,0,80,23-07-2023,Week-30,Q3,2023,8133.0,1942,3310,76,0.239,Swipe ,Fuel,496.5,0
CUST_05821,Blue,360,1,165,23-07-2023,Week-30,Q3,2023,23000.0,1097,3886,70,0.048,Swipe ,Entertainment,660.62,0
CUST_05822,Blue,125,0,73,23-07-2023,Week-30,Q3,2023,8184.0,1508,4134,71,0.184,Swipe ,Entertainment,1116.18,0
CUST_05823,Blue,460,1,105,23-07-2023,Week-30,Q3,2023,9843.0,1273,3677,66,0.129,Chip ,Travel,808.94,0
CUST_05825,Blue,150,0,92,23-07-2023,Week-30,Q3,2023,2813.0,2208,4491,68,0.785,Swipe ,Grocery,673.65,0
CUST_05826,Blue,150,1,110,23-07-2023,Week-30,Q3,2023,2163.0,1942,4380,57,0.898,Swipe ,Bills,1182.6,0
CUST_05829,Blue,370,1,119,23-07-2023,Week-30,Q3,2023,20789.0,0,4105,67,0.0,Swipe ,Bills,1026.25,0
CUST_05830,Blue,470,0,89,23-07-2023,Week-30,Q3,2023,3913.0,0,5170,93,0.0,Swipe ,Bills,1344.2,0
CUST_05832,Blue,175,1,97,23-07-2023,Week-30,Q3,2023,13882.0,0,4798,82,0.0,Chip ,Entertainment,959.6,0
CUST_05835,Blue,330,1,98,23-07-2023,Week-30,Q3,2023,34516.0,2165,1672,32,0.063,Swipe ,Bills,217.36,0
CUST_05837,Blue,250,1,101,23-07-2023,Week-30,Q3,2023,3499.0,1759,3972,67,0.503,Swipe ,Bills,754.68,0
CUST_05838,Blue,245,0,128,23-07-2023,Week-30,Q3,2023,2966.0,2371,4416,83,0.799,Swipe ,Fuel,441.6,0
CUST_05842,Silver,200,0,107,23-07-2023,Week-30,Q3,2023,34516.0,1900,1668,36,0.055,Swipe ,Bills,200.16,0
CUST_05850,Blue,95,0,89,30-07-2023,Week-31,Q3,2023,1438.3,0,4215,79,0.0,Swipe ,Fuel,295.05,0
CUST_05853,Blue,380,0,86,30-07-2023,Week-31,Q3,2023,1438.3,0,2412,58,0.0,Swipe ,Bills,241.2,0
CUST_05857,Blue,200,0,83,30-07-2023,Week-31,Q3,2023,7469.0,1294,15212,124,0.173,Online ,Food,4107.24,0
CUST_05861,Blue,470,0,92,30-07-2023,Week-31,Q3,2023,5941.0,0,2196,37,0.0,Swipe ,Fuel,197.64,0
CUST_05862,Blue,445,1,115,30-07-2023,Week-31,Q3,2023,5169.0,2296,4656,88,0.444,Swipe ,Fuel,1257.12,0
CUST_05863,Blue,195,1,109,30-07-2023,Week-31,Q3,2023,21046.0,1631,7653,95,0.077,Swipe ,Grocery,2066.31,0
CUST_05876,Blue,125,1,85,30-07-2023,Week-31,Q3,2023,4134.0,1130,2475,52,0.273,Swipe ,Fuel,693.0,0
CUST_05895,Blue,320,1,82,30-07-2023,Week-31,Q3,2023,1438.3,679,1117,29,0.472,Swipe ,Travel,312.76,0
CUST_05899,Blue,465,0,159,30-07-2023,Week-31,Q3,2023,16794.0,1527,4040,76,0.091,Swipe ,Grocery,282.8,0
CUST_05900,Blue,455,0,91,30-07-2023,Week-31,Q3,2023,10830.0,2184,8814,88,0.202,Swipe ,Fuel,1322.1,0
CUST_05901,Blue,335,1,116,30-07-2023,Week-31,Q3,2023,2848.0,1468,1135,27,0.515,Swipe ,Bills,90.8,0
CUST_05903,Blue,295,1,77,30-07-2023,Week-31,Q3,2023,6188.0,2517,1997,43,0.407,Chip ,Fuel,359.46,0
CUST_05906,Blue,125,1,81,30-07-2023,Week-31,Q3,2023,3908.0,1629,1903,30,0.417,Swipe ,Entertainment,228.36,0
CUST_05909,Blue,140,1,85,30-07-2023,Week-31,Q3,2023,4934.0,1504,2747,42,0.305,Swipe ,Fuel,576.87,0
CUST_05910,Blue,245,1,68,30-07-2023,Week-31,Q3,2023,4541.0,0,7996,80,0.0,Swipe ,Food,1519.24,0
CUST_05913,Blue,330,0,120,30-07-2023,Week-31,Q3,2023,2707.0,1367,4646,73,0.505,Chip ,Bills,789.82,0
CUST_05915,Blue,100,1,53,30-07-2023,Week-31,Q3,2023,27499.0,1188,2202,46,0.043,Swipe ,Bills,264.24,0
CUST_05919,Blue,350,1,101,30-07-2023,Week-31,Q3,2023,12218.0,0,5272,62,0.0,Swipe ,Bills,948.96,0
CUST_05921,Silver,360,1,92,30-07-2023,Week-31,Q3,2023,34516.0,1435,15584,114,0.042,Swipe ,Grocery,2025.92,0
CUST_05922,Blue,330,1,70,30-07-2023,Week-31,Q3,2023,12756.0,837,1413,14,0.066,Swipe ,Travel,324.99,0
CUST_05925,Blue,375,1,109,30-07-2023,Week-31,Q3,2023,2220.0,1240,4396,78,0.559,Swipe ,Entertainment,835.24,0
CUST_05928,Silver,370,0,93,30-07-2023,Week-31,Q3,2023,33771.0,0,3819,75,0.0,Chip ,Bills,458.28,0
CUST_05932,Blue,445,1,91,30-07-2023,Week-31,Q3,2023,6370.0,0,1783,40,0.0,Swipe ,Fuel,249.62,0
CUST_05937,Blue,285,0,79,30-07-2023,Week-31,Q3,2023,9137.0,1729,4626,77,0.189,Chip ,Bills,1063.98,0
CUST_05938,Blue,140,1,142,30-07-2023,Week-31,Q3,2023,7098.0,2224,3465,59,0.313,Online ,Fuel,415.8,0
CUST_05939,Blue,360,1,120,30-07-2023,Week-31,Q3,2023,1438.3,576,2567,48,0.4,Swipe ,Fuel,154.02,0
CUST_05941,Blue,125,0,103,30-07-2023,Week-31,Q3,2023,2797.0,1943,4917,66,0.695,Swipe ,Grocery,1278.42,0
CUST_05945,Silver,195,1,94,30-07-2023,Week-31,Q3,2023,34516.0,2032,14544,104,0.059,Chip ,Grocery,2327.04,0
CUST_05946,Blue,150,1,93,30-07-2023,Week-31,Q3,2023,8516.0,0,2189,37,0.0,Online ,Fuel,481.58,0
CUST_05954,Blue,100,0,86,30-07-2023,Week-31,Q3,2023,21751.0,1573,8332,102,0.072,Swipe ,Bills,499.92,0
CUST_05956,Blue,470,0,75,30-07-2023,Week-31,Q3,2023,10569.0,0,1682,44,0.0,Swipe ,Fuel,302.76,0
CUST_05958,Blue,250,1,100,30-07-2023,Week-31,Q3,2023,3422.0,2517,4922,84,0.736,Swipe ,Grocery,836.74,0
CUST_05964,Blue,250,1,97,30-07-2023,Week-31,Q3,2023,1438.3,0,886,27,0.0,Swipe ,Bills,256.94,0
CUST_05965,Blue,250,1,113,30-07-2023,Week-31,Q3,2023,2448.0,1969,5066,84,0.804,Online ,Fuel,506.6,0
CUST_05966,Blue,465,0,99,30-07-2023,Week-31,Q3,2023,2140.0,1361,1280,34,0.636,Swipe ,Grocery,281.6,0
CUST_05969,Blue,195,1,115,30-07-2023,Week-31,Q3,2023,8989.0,552,2309,49,0.061,Swipe ,Bills,253.99,0
CUST_05973,Blue,340,1,83,30-07-2023,Week-31,Q3,2023,1438.3,0,2557,67,0.0,Swipe ,Fuel,281.27,0
CUST_05980,Silver,150,0,113,30-07-2023,Week-31,Q3,2023,20356.0,2031,15180,121,0.1,Chip ,Bills,4098.6,0
CUST_05981,Blue,175,1,110,30-07-2023,Week-31,Q3,2023,1754.0,894,4874,79,0.51,Swipe ,Fuel,1364.72,0
CUST_05982,Blue,190,1,145,30-07-2023,Week-31,Q3,2023,3240.0,0,4803,83,0.0,Swipe ,Bills,1104.69,0
CUST_05983,Blue,250,1,76,30-07-2023,Week-31,Q3,2023,8455.0,2517,8124,73,0.298,Chip ,Grocery,974.88,0
CUST_05984,Silver,465,0,74,30-07-2023,Week-31,Q3,2023,29808.0,0,16098,128,0.0,Online ,Travel,2575.68,0
CUST_05991,Blue,125,1,71,30-07-2023,Week-31,Q3,2023,3264.0,0,6439,63,0.0,Chip ,Fuel,1159.02,0
CUST_05994,Blue,150,0,95,30-07-2023,Week-31,Q3,2023,1869.0,758,1549,34,0.406,Swipe ,Entertainment,154.9,0
CUST_06009,Blue,390,1,149,30-07-2023,Week-31,Q3,2023,1679.0,951,2492,43,0.566,Chip ,Food,573.16,0
CUST_06011,Blue,220,0,74,30-07-2023,Week-31,Q3,2023,9805.0,1007,14641,95,0.103,Chip ,Fuel,2342.56,0
CUST_06014,Blue,245,1,66,30-07-2023,Week-31,Q3,2023,3742.0,1175,1505,31,0.314,Swipe ,Entertainment,346.15,0
CUST_06019,Silver,445,1,57,30-07-2023,Week-31,Q3,2023,11568.0,1846,1701,44,0.16,Online ,Entertainment,357.21,0
CUST_06023,Blue,465,1,107,30-07-2023,Week-31,Q3,2023,1438.3,0,5346,84,0.0,Swipe ,Grocery,588.06,0
CUST_06030,Blue,175,1,102,30-07-2023,Week-31,Q3,2023,2107.0,1663,4841,88,0.789,Swipe ,Food,532.51,0
CUST_06038,Blue,100,1,89,30-07-2023,Week-31,Q3,2023,1438.3,0,4564,79,0.0,Swipe ,Bills,867.16,0
CUST_06044,Blue,360,1,92,30-07-2023,Week-31,Q3,2023,8318.0,1945,3676,77,0.234,Swipe ,Entertainment,551.4,0
CUST_06046,Blue,125,1,52,06-08-2023,Week-32,Q3,2023,6472.0,2128,3592,66,0.329,Online ,Bills,610.64,0
CUST_06052,Blue,375,1,76,06-08-2023,Week-32,Q3,2023,3001.0,0,2577,39,0.0,Swipe ,Fuel,412.32,0
CUST_06058,Blue,200,0,93,06-08-2023,Week-32,Q3,2023,7997.0,0,2208,56,0.0,Swipe ,Entertainment,375.36,0
CUST_06059,Silver,250,1,40,06-08-2023,Week-32,Q3,2023,34516.0,964,2922,71,0.028,Online ,Food,730.5,0
CUST_06061,Blue,140,0,76,06-08-2023,Week-32,Q3,2023,2172.0,1381,2945,69,0.636,Swipe ,Bills,559.55,0
CUST_06062,Blue,300,1,91,06-08-2023,Week-32,Q3,2023,3534.0,1175,13588,94,0.332,Chip ,Fuel,2853.48,0
CUST_06063,Blue,150,0,105,06-08-2023,Week-32,Q3,2023,1834.0,1416,5653,79,0.772,Swipe ,Bills,678.36,0
CUST_06066,Blue,320,0,61,06-08-2023,Week-32,Q3,2023,3416.0,727,4121,83,0.213,Chip ,Entertainment,1071.46,0
CUST_06068,Blue,440,1,79,06-08-2023,Week-32,Q3,2023,10226.0,0,2243,44,0.0,Chip ,Food,515.89,0
CUST_06072,Blue,100,0,72,06-08-2023,Week-32,Q3,2023,5130.0,2048,4601,88,0.399,Swipe ,Food,1012.22,0
CUST_06073,Blue,375,1,100,06-08-2023,Week-32,Q3,2023,1927.0,1319,4199,77,0.684,Swipe ,Bills,251.94,0
CUST_06074,Blue,405,1,129,06-08-2023,Week-32,Q3,2023,6121.0,1679,14224,117,0.274,Swipe ,Fuel,2987.04,0
CUST_06077,Blue,150,1,70,06-08-2023,Week-32,Q3,2023,2720.0,1926,3806,61,0.708,Swipe ,Entertainment,494.78,0
CUST_06078,Blue,220,1,105,06-08-2023,Week-32,Q3,2023,12064.0,1312,4100,67,0.109,Online ,Food,861.0,0
CUST_06081,Silver,300,1,85,06-08-2023,Week-32,Q3,2023,10254.0,0,4258,68,0.0,Swipe ,Food,596.12,0
CUST_06082,Blue,150,0,87,06-08-2023,Week-32,Q3,2023,17656.0,0,4633,71,0.0,Chip ,Entertainment,1250.91,0
CUST_06084,Blue,345,1,115,06-08-2023,Week-32,Q3,2023,4573.0,2076,2720,46,0.454,Swipe ,Grocery,435.2,0
CUST_06085,Blue,245,0,118,06-08-2023,Week-32,Q3,2023,2670.0,1944,4491,65,0.728,Swipe ,Fuel,494.01,0
CUST_06089,Blue,400,1,85,06-08-2023,Week-32,Q3,2023,7789.0,957,3412,70,0.123,Swipe ,Grocery,580.04,0
CUST_06093,Blue,390,0,107,06-08-2023,Week-32,Q3,2023,3302.0,1980,3899,65,0.6,Swipe ,Grocery,857.78,0
CUST_06097,Blue,335,0,92,06-08-2023,Week-32,Q3,2023,4765.0,1516,7380,76,0.318,Swipe ,Fuel,3918.8,0
CUST_06099,Blue,335,1,119,06-08-2023,Week-32,Q3,2023,10974.0,0,1327,26,0.0,Swipe ,Bills,119.43,0
CUST_06102,Blue,380,1,72,06-08-2023,Week-32,Q3,2023,8930.0,2517,2167,38,0.282,Chip ,Fuel,520.08,0
CUST_06104,Blue,175,0,95,06-08-2023,Week-32,Q3,2023,1854.0,0,5245,89,0.0,Chip ,Travel,1258.8,0
CUST_06106,Blue,300,0,105,06-08-2023,Week-32,Q3,2023,2016.0,978,4379,78,0.485,Chip ,Fuel,788.22,0
CUST_06110,Blue,150,1,52,06-08-2023,Week-32,Q3,2023,3416.0,1109,4614,70,0.325,Swipe ,Bills,738.24,0
CUST_06114,Blue,445,1,66,06-08-2023,Week-32,Q3,2023,2709.0,1726,5056,89,0.637,Swipe ,Grocery,1365.12,0
CUST_06127,Blue,395,1,113,06-08-2023,Week-32,Q3,2023,5456.0,951,1096,27,0.174,Swipe ,Entertainment,186.32,0
CUST_06129,Blue,150,1,170,06-08-2023,Week-32,Q3,2023,2987.0,2517,1617,35,0.843,Swipe ,Entertainment,129.36,0
CUST_06130,Blue,300,1,94,06-08-2023,Week-32,Q3,2023,2480.0,1890,4114,66,0.762,Chip ,Grocery,987.36,0
CUST_06131,Blue,460,1,70,06-08-2023,Week-32,Q3,2023,11915.0,1631,1956,63,0.137,Swipe ,Food,136.92,0
CUST_06136,Blue,225,0,117,06-08-2023,Week-32,Q3,2023,2415.0,1643,5063,78,0.68,Online ,Entertainment,1012.6,0
CUST_06138,Blue,300,0,83,06-08-2023,Week-32,Q3,2023,3034.0,2167,2058,49,0.714,Swipe ,Entertainment,267.54,0
CUST_06146,Blue,125,1,83,06-08-2023,Week-32,Q3,2023,34516.0,975,12871,104,0.028,Swipe ,Grocery,900.97,0
CUST_06150,Blue,220,0,79,06-08-2023,Week-32,Q3,2023,3390.0,2385,4128,73,0.704,Swipe ,Bills,1114.56,1
CUST_06152,Blue,245,1,141,06-08-2023,Week-32,Q3,2023,18056.0,940,4473,72,0.052,Chip ,Travel,581.49,1
CUST_06157,Blue,460,1,110,06-08-2023,Week-32,Q3,2023,8973.0,1300,4699,72,0.145,Swipe ,Grocery,469.9,0
CUST_06158,Blue,300,1,59,06-08-2023,Week-32,Q3,2023,7050.0,659,1236,36,0.093,Swipe ,Entertainment,148.32,0
CUST_06160,Blue,350,1,97,06-08-2023,Week-32,Q3,2023,4476.0,0,3350,67,0.0,Chip ,Grocery,603.0,0
CUST_06161,Blue,275,1,76,06-08-2023,Week-32,Q3,2023,3443.0,0,2505,45,0.0,Chip ,Entertainment,726.45,0
CUST_06162,Blue,390,0,73,06-08-2023,Week-32,Q3,2023,2437.0,1718,8028,77,0.705,Swipe ,Food,1605.6,0
CUST_06163,Blue,475,1,79,06-08-2023,Week-32,Q3,2023,11669.0,2227,720,23,0.191,Swipe ,Bills,108.0,0
CUST_06164,Blue,465,0,67,06-08-2023,Week-32,Q3,2023,3888.0,2517,4377,88,0.647,Chip ,Food,306.39,0
CUST_06168,Blue,425,0,168,06-08-2023,Week-32,Q3,2023,6720.0,2143,5049,85,0.319,Swipe ,Food,1464.21,0
CUST_06171,Silver,405,1,79,06-08-2023,Week-32,Q3,2023,34516.0,2177,1234,23,0.063,Swipe ,Bills,308.5,0
CUST_06176,Blue,290,0,75,06-08-2023,Week-32,Q3,2023,3451.0,0,3031,57,0.0,Swipe ,Bills,363.72,0
CUST_06179,Blue,250,1,170,06-08-2023,Week-32,Q3,2023,5037.0,1670,4379,67,0.332,Swipe ,Bills,1226.12,0
CUST_06180,Silver,300,1,75,06-08-2023,Week-32,Q3,2023,22715.0,707,15004,117,0.031,Chip ,Travel,3751.0,0
CUST_06181,Blue,245,1,101,06-08-2023,Week-32,Q3,2023,8276.0,1671,1409,25,0.202,Swipe ,Bills,154.99,0
CUST_06189,Blue,290,1,87,06-08-2023,Week-32,Q3,2023,3591.0,2517,2313,43,0.701,Swipe ,Food,416.34,0
CUST_06192,Blue,190,1,106,06-08-2023,Week-32,Q3,2023,5877.0,1697,2494,58,0.289,Swipe ,Food,723.26,0
CUST_06193,Blue,125,1,121,06-08-2023,Week-32,Q3,2023,2264.0,0,4279,75,0.0,Chip ,Fuel,599.06,0
CUST_06203,Blue,335,1,115,06-08-2023,Week-32,Q3,2023,1889.0,0,2479,46,0.0,Swipe ,Bills,371.85,0
CUST_06204,Blue,150,0,67,06-08-2023,Week-32,Q3,2023,2406.0,1491,4625,91,0.62,Online ,Food,277.5,0
CUST_06205,Silver,340,0,83,06-08-2023,Week-32,Q3,2023,34516.0,1568,2873,73,0.045,Swipe ,Entertainment,287.3,0
CUST_06210,Blue,480,0,93,06-08-2023,Week-32,Q3,2023,2558.0,0,4635,82,0.0,Swipe ,Grocery,741.6,0
CUST_06216,Blue,150,0,116,06-08-2023,Week-32,Q3,2023,6704.0,0,12576,103,0.0,Swipe ,Food,1131.84,0
CUST_06217,Blue,410,0,109,06-08-2023,Week-32,Q3,2023,1438.3,743,4484,78,0.517,Swipe ,Food,1165.84,0
CUST_06221,Blue,425,1,80,06-08-2023,Week-32,Q3,2023,1982.0,1276,5136,76,0.644,Swipe ,Grocery,410.88,0
CUST_06225,Blue,285,1,81,06-08-2023,Week-32,Q3,2023,16258.0,865,3761,58,0.053,Swipe ,Grocery,865.03,0
CUST_06226,Blue,150,1,109,06-08-2023,Week-32,Q3,2023,2542.0,1884,4518,88,0.741,Swipe ,Grocery,587.34,0
CUST_06235,Blue,270,0,54,06-08-2023,Week-32,Q3,2023,18226.0,1847,1681,43,0.101,Swipe ,Entertainment,369.82,0
CUST_06246,Blue,270,1,125,13-08-2023,Week-33,Q3,2023,2232.0,786,1395,39,0.352,Swipe ,Fuel,348.75,0
CUST_06248,Blue,150,0,109,13-08-2023,Week-33,Q3,2023,2864.0,1928,4641,78,0.673,Swipe ,Food,788.97,0
CUST_06249,Blue,470,0,148,13-08-2023,Week-33,Q3,2023,6174.0,1421,2043,52,0.23,Swipe ,Entertainment,306.45,0
CUST_06250,Blue,150,1,107,13-08-2023,Week-33,Q3,2023,2396.0,2217,4593,74,0.925,Chip ,Entertainment,872.67,0
CUST_06253,Blue,250,0,112,13-08-2023,Week-33,Q3,2023,20958.0,1936,14314,99,0.092,Chip ,Travel,2147.1,0
CUST_06254,Blue,300,0,118,13-08-2023,Week-33,Q3,2023,3035.0,1779,4999,83,0.586,Swipe ,Bills,1299.74,0
CUST_06256,Blue,435,0,101,13-08-2023,Week-33,Q3,2023,2126.0,1257,4340,70,0.591,Chip ,Grocery,1215.2,0
CUST_06262,Blue,375,0,92,13-08-2023,Week-33,Q3,2023,10253.0,1857,3042,66,0.181,Swipe ,Bills,425.88,0
CUST_06264,Silver,320,1,162,13-08-2023,Week-33,Q3,2023,6176.0,905,15102,95,0.147,Swipe ,Food,3322.44,0
CUST_06265,Blue,275,0,112,13-08-2023,Week-33,Q3,2023,1971.0,922,4827,84,0.468,Swipe ,Grocery,1061.94,0
CUST_06274,Blue,465,1,171,13-08-2023,Week-33,Q3,2023,2107.0,1008,3913,67,0.478,Swipe ,Bills,586.95,0
CUST_06276,Blue,250,0,116,13-08-2023,Week-33,Q3,2023,2316.0,1510,3471,63,0.652,Chip ,Bills,451.23,0
CUST_06283,Blue,405,1,78,13-08-2023,Week-33,Q3,2023,3346.0,922,1276,21,0.276,Swipe ,Bills,114.84,0
CUST_06292,Blue,455,0,99,13-08-2023,Week-33,Q3,2023,4138.0,643,1827,49,0.155,Swipe ,Entertainment,310.59,0
CUST_06293,Blue,275,1,80,13-08-2023,Week-33,Q3,2023,6618.0,1738,5022,76,0.263,Swipe ,Grocery,1205.28,0
CUST_06301,Blue,345,1,57,13-08-2023,Week-33,Q3,2023,6028.0,799,1002,22,0.133,Swipe ,Bills,220.44,0
CUST_06311,Blue,225,1,55,13-08-2023,Week-33,Q3,2023,14853.0,0,1800,41,0.0,Swipe ,Entertainment,504.0,0
CUST_06312,Blue,100,1,111,13-08-2023,Week-33,Q3,2023,5594.0,1235,5220,75,0.221,Swipe ,Fuel,1305.0,0
CUST_06322,Blue,475,1,119,13-08-2023,Week-33,Q3,2023,2296.0,1371,5483,77,0.597,Swipe ,Entertainment,1370.75,0
CUST_06323,Blue,460,0,75,13-08-2023,Week-33,Q3,2023,2721.0,1885,2594,48,0.693,Chip ,Bills,363.16,0
CUST_06324,Blue,300,0,126,13-08-2023,Week-33,Q3,2023,8318.0,2517,2427,52,0.303,Swipe ,Grocery,169.89,0
CUST_06327,Blue,125,0,88,13-08-2023,Week-33,Q3,2023,2310.0,1306,4343,74,0.565,Swipe ,Bills,825.17,0
CUST_06331,Blue,175,0,156,13-08-2023,Week-33,Q3,2023,10492.0,1094,13764,104,0.104,Swipe ,Fuel,1926.96,0
CUST_06333,Blue,400,1,78,13-08-2023,Week-33,Q3,2023,21226.0,1202,14103,96,0.057,Chip ,Travel,1551.33,0
CUST_06334,Blue,250,1,47,13-08-2023,Week-33,Q3,2023,2773.0,1507,1197,25,0.543,Swipe ,Bills,119.7,0
CUST_06335,Blue,455,1,156,13-08-2023,Week-33,Q3,2023,4948.0,1655,3711,64,0.334,Swipe ,Fuel,1001.97,0
CUST_06337,Blue,175,1,74,13-08-2023,Week-33,Q3,2023,15195.0,0,2631,41,0.0,Chip ,Fuel,736.68,0
CUST_06344,Blue,225,0,102,13-08-2023,Week-33,Q3,2023,4025.0,0,4445,92,0.0,Swipe ,Food,1111.25,1
CUST_06350,Blue,390,1,94,13-08-2023,Week-33,Q3,2023,8386.0,2375,4101,67,0.283,Swipe ,Entertainment,328.08,0
CUST_06352,Blue,125,0,120,13-08-2023,Week-33,Q3,2023,2296.0,0,5108,87,0.0,Swipe ,Food,612.96,0
CUST_06365,Platinum,300,1,70,13-08-2023,Week-33,Q3,2023,8398.0,1875,16706,123,0.223,Chip ,Travel,1503.54,0
CUST_06367,Blue,470,1,119,13-08-2023,Week-33,Q3,2023,17018.0,0,1550,47,0.0,Swipe ,Bills,232.5,0
CUST_06370,Blue,285,1,115,13-08-2023,Week-33,Q3,2023,2601.0,0,1232,32,0.0,Online ,Bills,246.4,0
CUST_06373,Blue,150,1,156,13-08-2023,Week-33,Q3,2023,23124.0,1746,1959,50,0.076,Swipe ,Grocery,156.72,0
CUST_06374,Blue,340,1,99,13-08-2023,Week-33,Q3,2023,7825.0,0,14326,100,0.0,Swipe ,Grocery,2292.16,0
CUST_06381,Silver,175,0,102,13-08-2023,Week-33,Q3,2023,34516.0,0,2562,62,0.0,Swipe ,Entertainment,230.58,0
CUST_06384,Blue,415,0,71,13-08-2023,Week-33,Q3,2023,32210.0,1115,1821,53,0.035,Swipe ,Entertainment,437.04,0
CUST_06387,Blue,195,1,87,13-08-2023,Week-33,Q3,2023,2913.0,0,4955,56,0.0,Swipe ,Grocery,545.05,0
CUST_06388,Blue,200,1,105,13-08-2023,Week-33,Q3,2023,1848.0,501,4600,69,0.271,Swipe ,Food,690.0,0
CUST_06390,Blue,250,1,91,13-08-2023,Week-33,Q3,2023,23911.0,2100,4770,89,0.088,Chip ,Bills,572.4,0
CUST_06391,Blue,455,0,154,13-08-2023,Week-33,Q3,2023,5764.0,1529,1972,38,0.265,Swipe ,Entertainment,256.36,0
CUST_06394,Blue,295,0,117,13-08-2023,Week-33,Q3,2023,1648.0,997,1776,36,0.605,Swipe ,Food,266.4,0
CUST_06396,Blue,225,1,62,13-08-2023,Week-33,Q3,2023,1652.0,812,1771,47,0.492,Swipe ,Entertainment,265.65,0
CUST_06411,Blue,375,1,71,13-08-2023,Week-33,Q3,2023,28605.0,0,5524,67,0.0,Swipe ,Bills,994.32,0
CUST_06415,Silver,355,1,78,13-08-2023,Week-33,Q3,2023,15248.0,1242,4758,83,0.081,Swipe ,Bills,1379.82,0
CUST_06419,Blue,410,1,117,13-08-2023,Week-33,Q3,2023,2571.0,1210,3647,59,0.471,Swipe ,Fuel,364.7,0
CUST_06423,Blue,245,0,118,13-08-2023,Week-33,Q3,2023,7176.0,0,1375,33,0.0,Swipe ,Entertainment,96.25,0
CUST_06425,Blue,450,0,77,13-08-2023,Week-33,Q3,2023,1714.0,0,4180,71,0.0,Swipe ,Entertainment,376.2,0
CUST_06426,Blue,375,0,87,13-08-2023,Week-33,Q3,2023,4445.0,1080,5373,87,0.243,Swipe ,Food,1074.6,0
CUST_06429,Blue,435,1,86,13-08-2023,Week-33,Q3,2023,2540.0,1561,5039,82,0.615,Swipe ,Entertainment,1259.75,0
CUST_06432,Blue,200,0,115,13-08-2023,Week-33,Q3,2023,1691.0,0,2716,63,0.0,Swipe ,Fuel,217.28,0
CUST_06433,Blue,125,0,117,13-08-2023,Week-33,Q3,2023,2740.0,2425,2431,46,0.885,Swipe ,Grocery,145.86,0
CUST_06436,Blue,225,0,96,20-08-2023,Week-34,Q3,2023,3575.0,0,7672,66,0.0,Swipe ,Grocery,1841.28,0
CUST_06439,Blue,365,1,83,20-08-2023,Week-34,Q3,2023,2622.0,1549,1878,30,0.591,Swipe ,Travel,131.46,0
CUST_06450,Blue,370,1,59,20-08-2023,Week-34,Q3,2023,7451.0,1542,4960,97,0.207,Chip ,Fuel,396.8,0
CUST_06454,Blue,140,0,109,20-08-2023,Week-34,Q3,2023,9926.0,2216,4937,73,0.223,Swipe ,Bills,1283.62,0
CUST_06455,Blue,125,0,92,20-08-2023,Week-34,Q3,2023,1630.0,1243,1884,43,0.763,Chip ,Entertainment,452.16,0
CUST_06456,Blue,460,0,99,20-08-2023,Week-34,Q3,2023,10696.0,1206,2489,38,0.113,Swipe ,Bills,199.12,0
CUST_06460,Blue,370,0,97,20-08-2023,Week-34,Q3,2023,3377.0,1720,1621,32,0.509,Swipe ,Grocery,178.31,1
CUST_06461,Blue,195,0,114,20-08-2023,Week-34,Q3,2023,9095.0,2517,1347,27,0.277,Swipe ,Bills,80.82,1
CUST_06462,Blue,245,0,100,20-08-2023,Week-34,Q3,2023,2404.0,1198,2692,63,0.498,Swipe ,Entertainment,188.44,1
CUST_06463,Blue,250,1,84,20-08-2023,Week-34,Q3,2023,15026.0,916,3281,63,0.061,Chip ,Entertainment,590.58,1
CUST_06475,Blue,150,1,98,20-08-2023,Week-34,Q3,2023,2242.0,888,4708,81,0.396,Swipe ,Food,894.52,0
CUST_06477,Blue,360,0,52,20-08-2023,Week-34,Q3,2023,11521.0,1147,2260,68,0.1,Swipe ,Bills,632.8,0
CUST_06479,Blue,405,0,72,20-08-2023,Week-34,Q3,2023,8837.0,2103,3753,60,0.238,Swipe ,Entertainment,1088.37,0
CUST_06481,Blue,250,1,126,20-08-2023,Week-34,Q3,2023,1990.0,1747,5216,87,0.878,Swipe ,Fuel,521.6,0
CUST_06484,Blue,195,1,77,20-08-2023,Week-34,Q3,2023,14388.0,2517,7042,85,0.175,Swipe ,Fuel,1901.34,0
CUST_06487,Blue,390,1,105,20-08-2023,Week-34,Q3,2023,3823.0,2130,2026,49,0.557,Swipe ,Fuel,405.2,0
CUST_06488,Blue,455,1,111,20-08-2023,Week-34,Q3,2023,12214.0,2379,8426,105,0.195,Swipe ,Bills,2190.76,0
CUST_06492,Blue,125,1,133,20-08-2023,Week-34,Q3,2023,7853.0,1343,1814,37,0.171,Swipe ,Grocery,108.84,0
CUST_06493,Blue,195,0,107,20-08-2023,Week-34,Q3,2023,5634.0,1996,2366,49,0.354,Swipe ,Bills,260.26,0
CUST_06496,Blue,390,0,90,20-08-2023,Week-34,Q3,2023,9748.0,1354,3323,66,0.139,Swipe ,Entertainment,897.21,0
CUST_06501,Blue,200,0,109,20-08-2023,Week-34,Q3,2023,12610.0,1123,4199,67,0.089,Swipe ,Entertainment,1175.72,0
CUST_06502,Blue,395,0,100,20-08-2023,Week-34,Q3,2023,1544.0,999,4215,53,0.647,Swipe ,Bills,547.95,0
CUST_06508,Blue,200,1,70,20-08-2023,Week-34,Q3,2023,9405.0,0,4801,47,0.0,Swipe ,Grocery,1344.28,0
CUST_06509,Blue,300,0,73,20-08-2023,Week-34,Q3,2023,16033.0,560,1158,31,0.035,Swipe ,Entertainment,81.06,0
CUST_06511,Blue,125,1,139,20-08-2023,Week-34,Q3,2023,5801.0,1176,2987,52,0.203,Swipe ,Grocery,358.44,0
CUST_06513,Blue,480,1,75,20-08-2023,Week-34,Q3,2023,4416.0,1333,4894,84,0.302,Swipe ,Fuel,1027.74,0
CUST_06514,Blue,110,0,112,20-08-2023,Week-34,Q3,2023,11806.0,1811,1465,31,0.153,Swipe ,Bills,424.85,0
CUST_06517,Blue,410,0,107,20-08-2023,Week-34,Q3,2023,1996.0,1544,3760,69,0.774,Chip ,Grocery,526.4,0
CUST_06521,Blue,175,1,126,20-08-2023,Week-34,Q3,2023,1977.0,0,2341,37,0.0,Chip ,Fuel,257.51,0
CUST_06523,Blue,490,0,157,20-08-2023,Week-34,Q3,2023,3059.0,1744,7709,89,0.57,Swipe ,Fuel,1387.62,0
CUST_06524,Blue,445,1,120,20-08-2023,Week-34,Q3,2023,2879.0,0,4684,56,0.0,Swipe ,Bills,1124.16,0
CUST_06537,Blue,370,1,42,20-08-2023,Week-34,Q3,2023,3327.0,2517,4901,88,0.757,Swipe ,Food,833.17,0
CUST_06544,Blue,350,1,94,20-08-2023,Week-34,Q3,2023,8307.0,2517,2293,36,0.303,Swipe ,Food,504.46,1
CUST_06548,Blue,150,0,153,20-08-2023,Week-34,Q3,2023,2514.0,2090,2603,53,0.831,Chip ,Food,650.75,0
CUST_06551,Blue,150,1,75,20-08-2023,Week-34,Q3,2023,1857.0,1833,829,17,0.987,Swipe ,Travel,207.25,0
CUST_06554,Blue,455,1,80,20-08-2023,Week-34,Q3,2023,1950.0,1618,3357,47,0.83,Swipe ,Grocery,704.97,0
CUST_06555,Blue,445,0,90,20-08-2023,Week-34,Q3,2023,3261.0,2517,856,18,0.772,Swipe ,Food,179.76,0
CUST_06559,Blue,140,0,92,20-08-2023,Week-34,Q3,2023,3107.0,1995,7535,87,0.642,Swipe ,Bills,2034.45,0
CUST_06562,Blue,280,1,97,20-08-2023,Week-34,Q3,2023,2942.0,2022,1479,28,0.687,Swipe ,Bills,162.69,0
CUST_06569,Blue,200,1,111,20-08-2023,Week-34,Q3,2023,11494.0,1160,3353,86,0.101,Chip ,Food,570.01,0
CUST_06570,Blue,340,1,73,20-08-2023,Week-34,Q3,2023,2166.0,1458,8215,109,0.673,Swipe ,Food,1889.45,0
CUST_06572,Blue,300,1,119,20-08-2023,Week-34,Q3,2023,2541.0,1053,4552,82,0.414,Chip ,Grocery,455.2,0
CUST_06573,Blue,150,0,107,20-08-2023,Week-34,Q3,2023,9172.0,1567,1836,42,0.171,Swipe ,Entertainment,293.76,0
CUST_06576,Blue,245,1,97,20-08-2023,Week-34,Q3,2023,13093.0,2517,2032,39,0.192,Swipe ,Grocery,528.32,1
CUST_06578,Blue,225,1,101,20-08-2023,Week-34,Q3,2023,1695.0,761,4905,91,0.449,Chip ,Grocery,686.7,1
CUST_06583,Blue,280,0,107,20-08-2023,Week-34,Q3,2023,12763.0,2517,2599,46,0.197,Swipe ,Bills,493.81,0
CUST_06587,Blue,325,1,115,20-08-2023,Week-34,Q3,2023,6387.0,1597,1294,26,0.25,Swipe ,Bills,271.74,0
CUST_06594,Silver,125,0,69,20-08-2023,Week-34,Q3,2023,17657.0,2018,1682,39,0.114,Swipe ,Entertainment,235.48,0
CUST_06597,Blue,280,1,109,20-08-2023,Week-34,Q3,2023,19838.0,1290,3982,68,0.065,Chip ,Bills,1154.78,0
CUST_06598,Blue,110,1,142,20-08-2023,Week-34,Q3,2023,2197.0,0,4548,64,0.0,Swipe ,Food,682.2,0
CUST_06600,Blue,495,1,87,20-08-2023,Week-34,Q3,2023,2067.0,1966,3033,41,0.951,Swipe ,Bills,879.57,0
CUST_06604,Blue,335,0,41,20-08-2023,Week-34,Q3,2023,11964.0,800,4853,85,0.067,Chip ,Entertainment,1164.72,0
CUST_06605,Blue,390,0,86,20-08-2023,Week-34,Q3,2023,5298.0,0,4834,80,0.0,Swipe ,Entertainment,483.4,0
CUST_06609,Blue,340,1,117,20-08-2023,Week-34,Q3,2023,2171.0,1418,1415,45,0.653,Swipe ,Entertainment,127.35,0
CUST_06621,Silver,445,0,91,20-08-2023,Week-34,Q3,2023,11280.0,1523,16237,128,0.135,Online ,Travel,3085.03,0
CUST_06624,Blue,335,0,110,20-08-2023,Week-34,Q3,2023,5110.0,1942,3028,76,0.38,Swipe ,Bills,666.16,0
CUST_06625,Blue,455,1,128,20-08-2023,Week-34,Q3,2023,2882.0,2081,4933,103,0.722,Swipe ,Fuel,887.94,0
CUST_06631,Blue,150,0,106,27-08-2023,Week-35,Q3,2023,7773.0,2465,4272,69,0.317,Swipe ,Bills,1153.44,1
CUST_06638,Blue,380,1,108,27-08-2023,Week-35,Q3,2023,5758.0,0,4422,76,0.0,Swipe ,Entertainment,530.64,0
CUST_06640,Blue,425,1,92,27-08-2023,Week-35,Q3,2023,34516.0,1013,1222,37,0.029,Swipe ,Bills,207.74,0
CUST_06647,Blue,150,1,101,27-08-2023,Week-35,Q3,2023,1493.0,0,4655,95,0.0,Swipe ,Entertainment,977.55,0
CUST_06649,Blue,340,1,117,27-08-2023,Week-35,Q3,2023,3322.0,0,13784,108,0.0,Swipe ,Bills,1929.76,0
CUST_06650,Blue,245,0,85,27-08-2023,Week-35,Q3,2023,30210.0,1946,7403,88,0.064,Online ,Fuel,814.33,0
CUST_06652,Blue,400,1,100,27-08-2023,Week-35,Q3,2023,8713.0,1354,2094,36,0.155,Swipe ,Entertainment,376.92,0
CUST_06654,Platinum,465,0,108,27-08-2023,Week-35,Q3,2023,7362.0,1176,17390,130,0.16,Online ,Food,1565.1,0
CUST_06655,Blue,125,1,115,27-08-2023,Week-35,Q3,2023,5844.0,2013,3546,65,0.344,Swipe ,Fuel,354.6,0
CUST_06659,Blue,405,0,69,27-08-2023,Week-35,Q3,2023,3899.0,0,2182,40,0.0,Chip ,Fuel,370.94,0
CUST_06664,Blue,405,0,121,27-08-2023,Week-35,Q3,2023,1939.0,1484,4790,77,0.765,Swipe ,Entertainment,1389.1,0
CUST_06667,Blue,335,0,98,27-08-2023,Week-35,Q3,2023,1953.0,1089,4636,70,0.558,Swipe ,Bills,927.2,0
CUST_06670,Blue,100,0,87,27-08-2023,Week-35,Q3,2023,5426.0,1478,1266,22,0.272,Swipe ,Bills,202.56,0
CUST_06671,Blue,245,1,98,27-08-2023,Week-35,Q3,2023,34516.0,1501,3368,64,0.043,Swipe ,Grocery,606.24,0
CUST_06673,Blue,250,1,108,27-08-2023,Week-35,Q3,2023,1694.0,1074,3857,70,0.634,Chip ,Travel,269.99,0
CUST_06682,Blue,475,1,87,27-08-2023,Week-35,Q3,2023,5624.0,1216,3843,66,0.216,Online ,Fuel,307.44,0
CUST_06687,Blue,125,1,87,27-08-2023,Week-35,Q3,2023,25033.0,2300,2529,71,0.092,Swipe ,Entertainment,632.25,0
CUST_06688,Gold,300,1,74,27-08-2023,Week-35,Q3,2023,14217.0,1816,15554,99,0.128,Chip ,Entertainment,3577.42,0
CUST_06690,Blue,325,0,105,27-08-2023,Week-35,Q3,2023,34516.0,2517,3975,63,0.073,Swipe ,Bills,1152.75,0
CUST_06692,Blue,350,1,106,27-08-2023,Week-35,Q3,2023,22140.0,733,1580,45,0.033,Swipe ,Bills,110.6,0
CUST_06693,Blue,150,1,106,27-08-2023,Week-35,Q3,2023,4277.0,1578,1855,49,0.369,Online ,Entertainment,278.25,1
CUST_06694,Blue,300,1,88,27-08-2023,Week-35,Q3,2023,3378.0,0,4761,81,0.0,Chip ,Grocery,666.54,1
CUST_06699,Blue,150,0,93,27-08-2023,Week-35,Q3,2023,2826.0,1741,4488,73,0.616,Swipe ,Fuel,897.6,1
CUST_06700,Silver,415,1,95,27-08-2023,Week-35,Q3,2023,18535.0,1192,3780,70,0.064,Chip ,Entertainment,680.4,0
CUST_06701,Blue,100,1,140,27-08-2023,Week-35,Q3,2023,9577.0,632,4086,62,0.066,Swipe ,Fuel,939.78,0
CUST_06706,Blue,200,0,73,27-08-2023,Week-35,Q3,2023,23138.0,1727,1612,39,0.075,Swipe ,Bills,145.08,0
CUST_06708,Blue,150,0,68,27-08-2023,Week-35,Q3,2023,13483.0,2517,3427,72,0.187,Swipe ,Fuel,856.75,0
CUST_06714,Blue,495,1,83,27-08-2023,Week-35,Q3,2023,3492.0,2517,2510,47,0.721,Chip ,Food,627.5,0
CUST_06715,Blue,250,1,113,27-08-2023,Week-35,Q3,2023,2907.0,1537,4390,76,0.529,Chip ,Entertainment,351.2,0
CUST_06718,Blue,475,0,95,27-08-2023,Week-35,Q3,2023,13509.0,2060,3702,64,0.152,Chip ,Fuel,925.5,0
CUST_06719,Blue,295,1,67,27-08-2023,Week-35,Q3,2023,2164.0,1115,4341,69,0.515,Swipe ,Food,434.1,0
CUST_06720,Blue,100,0,98,27-08-2023,Week-35,Q3,2023,30579.0,1351,1289,19,0.044,Swipe ,Bills,360.92,0
CUST_06727,Blue,125,1,76,27-08-2023,Week-35,Q3,2023,5597.0,0,4844,58,0.0,Chip ,Food,435.96,1
CUST_06731,Blue,300,0,111,27-08-2023,Week-35,Q3,2023,3735.0,1176,1564,41,0.315,Swipe ,Entertainment,187.68,1
CUST_06735,Blue,390,1,76,27-08-2023,Week-35,Q3,2023,1732.0,0,2479,43,0.0,Swipe ,Food,371.85,0
CUST_06736,Blue,475,1,151,27-08-2023,Week-35,Q3,2023,1937.0,733,4547,73,0.378,Swipe ,Grocery,1182.22,0
CUST_06740,Blue,360,1,88,27-08-2023,Week-35,Q3,2023,1438.3,0,709,27,0.0,Swipe ,Bills,127.62,0
CUST_06743,Blue,125,0,105,27-08-2023,Week-35,Q3,2023,14543.0,0,1536,37,0.0,Swipe ,Travel,399.36,0
CUST_06750,Gold,250,1,76,27-08-2023,Week-35,Q3,2023,3297.0,1761,15580,120,0.534,Chip ,Travel,2648.6,0
CUST_06751,Blue,420,0,95,27-08-2023,Week-35,Q3,2023,7982.0,897,4387,71,0.112,Chip ,Fuel,965.14,0
CUST_06756,Blue,150,1,153,27-08-2023,Week-35,Q3,2023,2812.0,2029,4763,74,0.722,Swipe ,Bills,571.56,0
CUST_06760,Blue,150,0,84,27-08-2023,Week-35,Q3,2023,2214.0,915,2144,51,0.413,Online ,Grocery,150.08,0
CUST_06761,Blue,335,1,45,27-08-2023,Week-35,Q3,2023,2875.0,1671,4399,88,0.581,Online ,Food,659.85,0
CUST_06769,Blue,200,1,116,27-08-2023,Week-35,Q3,2023,12764.0,0,3332,64,0.0,Swipe ,Travel,233.24,0
CUST_06775,Silver,175,1,71,27-08-2023,Week-35,Q3,2023,32417.0,871,14381,121,0.027,Swipe ,Bills,862.86,1
CUST_06776,Blue,200,1,96,27-08-2023,Week-35,Q3,2023,3924.0,2517,1417,30,0.641,Swipe ,Fuel,255.06,1
CUST_06779,Blue,150,1,112,27-08-2023,Week-35,Q3,2023,1438.3,0,3966,57,0.0,Swipe ,Fuel,951.84,1
CUST_06780,Blue,200,1,104,27-08-2023,Week-35,Q3,2023,3741.0,0,4402,55,0.0,Chip ,Fuel,836.38,0
CUST_06785,Blue,175,1,92,27-08-2023,Week-35,Q3,2023,8322.0,0,3700,62,0.0,Swipe ,Bills,592.0,0
CUST_06786,Blue,110,0,114,27-08-2023,Week-35,Q3,2023,24221.0,1707,1678,40,0.07,Swipe ,Travel,469.84,0
CUST_06798,Blue,470,0,97,27-08-2023,Week-35,Q3,2023,3785.0,1329,15209,104,0.351,Swipe ,Fuel,2129.26,0
CUST_06799,Blue,405,0,99,27-08-2023,Week-35,Q3,2023,8482.0,0,4076,81,0.0,Chip ,Bills,896.72,0
CUST_06801,Blue,470,1,120,27-08-2023,Week-35,Q3,2023,5471.0,1342,4002,67,0.245,Chip ,Fuel,840.42,0
CUST_06803,Blue,175,1,58,27-08-2023,Week-35,Q3,2023,6548.0,1244,4354,79,0.19,Chip ,Entertainment,1001.42,0
CUST_06804,Blue,445,1,76,27-08-2023,Week-35,Q3,2023,1478.0,792,4123,67,0.536,Swipe ,Fuel,288.61,0
CUST_06806,Blue,320,0,51,27-08-2023,Week-35,Q3,2023,2218.0,1266,1941,58,0.571,Swipe ,Travel,485.25,0
CUST_06819,Blue,365,1,67,27-08-2023,Week-35,Q3,2023,3745.0,2517,4550,78,0.672,Swipe ,Fuel,1092.0,0
CUST_06821,Blue,245,0,47,27-08-2023,Week-35,Q3,2023,2405.0,1553,2503,40,0.646,Swipe ,Bills,450.54,0
CUST_06825,Blue,330,0,145,03-09-2023,Week-36,Q3,2023,16741.0,1225,3608,56,0.073,Chip ,Entertainment,469.04,0
CUST_06828,Silver,460,1,68,03-09-2023,Week-36,Q3,2023,7345.0,1814,1390,30,0.247,Swipe ,Fuel,250.2,0
CUST_06829,Blue,495,1,77,03-09-2023,Week-36,Q3,2023,3120.0,2517,2468,43,0.807,Chip ,Entertainment,691.04,0
CUST_06833,Blue,195,1,41,03-09-2023,Week-36,Q3,2023,3181.0,2517,818,16,0.791,Swipe ,Bills,57.26,0
CUST_06835,Blue,280,1,116,03-09-2023,Week-36,Q3,2023,3088.0,1743,3906,68,0.564,Swipe ,Grocery,742.14,0
CUST_06837,Blue,370,0,115,03-09-2023,Week-36,Q3,2023,1789.0,1088,4191,90,0.608,Chip ,Bills,628.65,0
CUST_06840,Blue,470,1,107,03-09-2023,Week-36,Q3,2023,5634.0,2057,2905,63,0.365,Online ,Entertainment,726.25,0
CUST_06844,Blue,150,0,121,03-09-2023,Week-36,Q3,2023,12268.0,1165,4905,82,0.095,Swipe ,Bills,1079.1,0
CUST_06848,Blue,175,1,104,03-09-2023,Week-36,Q3,2023,4822.0,1882,13816,121,0.39,Swipe ,Grocery,3868.48,0
CUST_06850,Blue,430,1,85,03-09-2023,Week-36,Q3,2023,2304.0,1144,4505,85,0.497,Swipe ,Grocery,1081.2,0
CUST_06852,Blue,175,0,160,03-09-2023,Week-36,Q3,2023,1513.0,788,4166,71,0.521,Chip ,Food,1166.48,1
CUST_06855,Blue,450,1,93,03-09-2023,Week-36,Q3,2023,5239.0,1172,4241,61,0.224,Chip ,Bills,678.56,1
CUST_06860,Blue,200,0,104,03-09-2023,Week-36,Q3,2023,2604.0,1395,4498,85,0.536,Swipe ,Fuel,1169.48,0
CUST_06863,Blue,300,0,98,03-09-2023,Week-36,Q3,2023,2822.0,1501,4344,68,0.532,Chip ,Entertainment,434.4,0
CUST_06865,Blue,300,1,75,03-09-2023,Week-36,Q3,2023,8325.0,2048,14571,91,0.246,Chip ,Travel,2477.07,0
CUST_06866,Blue,345,1,71,03-09-2023,Week-36,Q3,2023,2903.0,1251,4555,76,0.431,Swipe ,Bills,501.05,0
CUST_06868,Blue,330,1,62,03-09-2023,Week-36,Q3,2023,2797.0,1627,1566,36,0.582,Swipe ,Fuel,328.86,0
CUST_06876,Blue,360,1,150,03-09-2023,Week-36,Q3,2023,2821.0,1995,8220,103,0.707,Online ,Bills,2383.8,0
CUST_06877,Blue,245,1,112,03-09-2023,Week-36,Q3,2023,4697.0,1046,1679,29,0.223,Swipe ,Bills,419.75,0
CUST_06880,Blue,300,0,61,03-09-2023,Week-36,Q3,2023,1438.3,0,4459,65,0.0,Swipe ,Entertainment,847.21,0
CUST_06881,Blue,365,0,97,03-09-2023,Week-36,Q3,2023,4074.0,1868,15005,118,0.459,Chip ,Bills,2400.8,0
CUST_06897,Blue,100,0,88,03-09-2023,Week-36,Q3,2023,4034.0,1867,3718,72,0.463,Chip ,Bills,520.52,0
CUST_06900,Silver,250,1,68,03-09-2023,Week-36,Q3,2023,34516.0,1347,1005,22,0.039,Swipe ,Bills,201.0,0
CUST_06903,Blue,125,1,73,03-09-2023,Week-36,Q3,2023,2846.0,1818,1473,37,0.639,Swipe ,Travel,235.68,0
CUST_06904,Blue,410,1,119,03-09-2023,Week-36,Q3,2023,24028.0,0,3531,73,0.0,Chip ,Grocery,282.48,0
CUST_06907,Blue,200,0,76,03-09-2023,Week-36,Q3,2023,11722.0,0,8302,78,0.0,Chip ,Food,1079.26,0
CUST_06919,Silver,440,1,73,03-09-2023,Week-36,Q3,2023,34516.0,432,9045,72,0.013,Swipe ,Entertainment,542.7,0
CUST_06920,Blue,365,0,92,03-09-2023,Week-36,Q3,2023,4834.0,0,1876,35,0.0,Swipe ,Entertainment,506.52,0
CUST_06926,Blue,480,1,92,03-09-2023,Week-36,Q3,2023,19198.0,2218,4423,90,0.116,Swipe ,Grocery,486.53,0
CUST_06931,Blue,320,1,86,03-09-2023,Week-36,Q3,2023,13067.0,0,5468,71,0.0,Swipe ,Grocery,1257.64,1
CUST_06932,Blue,195,1,65,03-09-2023,Week-36,Q3,2023,8031.0,1167,3576,77,0.145,Swipe ,Entertainment,607.92,1
CUST_06933,Blue,125,1,42,03-09-2023,Week-36,Q3,2023,3206.0,0,4731,82,0.0,Chip ,Fuel,378.48,1
CUST_06934,Blue,125,1,92,03-09-2023,Week-36,Q3,2023,1438.3,0,1446,38,0.0,Swipe ,Entertainment,260.28,1
CUST_06935,Blue,390,1,115,03-09-2023,Week-36,Q3,2023,2548.0,1683,2055,54,0.661,Swipe ,Bills,246.6,1
CUST_06936,Gold,245,1,55,03-09-2023,Week-36,Q3,2023,8983.0,0,15163,124,0.0,Chip ,Fuel,3790.75,1
CUST_06943,Blue,200,1,113,03-09-2023,Week-36,Q3,2023,12630.0,1822,4084,66,0.144,Swipe ,Entertainment,449.24,0
CUST_06948,Blue,400,1,119,03-09-2023,Week-36,Q3,2023,2475.0,0,2574,43,0.0,Chip ,Grocery,180.18,0
CUST_06951,Blue,350,0,70,03-09-2023,Week-36,Q3,2023,2187.0,1597,2560,46,0.73,Swipe ,Fuel,281.6,0
CUST_06952,Blue,425,0,119,03-09-2023,Week-36,Q3,2023,2873.0,2517,4897,71,0.876,Swipe ,Bills,538.67,0
CUST_06953,Blue,250,0,97,03-09-2023,Week-36,Q3,2023,3944.0,1006,15315,124,0.255,Swipe ,Food,1990.95,0
CUST_06954,Blue,250,1,120,03-09-2023,Week-36,Q3,2023,5523.0,2517,4170,80,0.456,Swipe ,Bills,500.4,0
CUST_06955,Silver,270,1,66,03-09-2023,Week-36,Q3,2023,12873.0,0,3170,70,0.0,Swipe ,Fuel,729.1,0
CUST_06959,Blue,440,0,69,03-09-2023,Week-36,Q3,2023,2196.0,1619,2040,65,0.737,Swipe ,Entertainment,224.4,0
CUST_06960,Blue,350,1,79,03-09-2023,Week-36,Q3,2023,2020.0,1103,4951,85,0.546,Swipe ,Food,891.18,0
CUST_06962,Blue,190,1,75,03-09-2023,Week-36,Q3,2023,7742.0,2024,3507,69,0.261,Swipe ,Entertainment,350.7,0
CUST_06968,Blue,355,0,95,03-09-2023,Week-36,Q3,2023,2911.0,1471,4450,62,0.505,Swipe ,Grocery,1246.0,0
CUST_06970,Blue,330,1,120,03-09-2023,Week-36,Q3,2023,3705.0,2168,4452,89,0.585,Swipe ,Entertainment,979.44,0
CUST_06978,Blue,125,0,160,03-09-2023,Week-36,Q3,2023,5230.0,2517,9495,61,0.481,Chip ,Entertainment,1993.95,0
CUST_06985,Blue,300,1,133,03-09-2023,Week-36,Q3,2023,23486.0,0,4530,74,0.0,Swipe ,Food,1223.1,0
CUST_06988,Blue,375,0,108,03-09-2023,Week-36,Q3,2023,2477.0,1480,5138,77,0.597,Swipe ,Entertainment,308.28,0
CUST_06993,Blue,150,0,72,03-09-2023,Week-36,Q3,2023,1438.3,0,4246,83,0.0,Swipe ,Food,849.2,0
CUST_06995,Blue,450,1,74,03-09-2023,Week-36,Q3,2023,3250.0,1560,4673,73,0.48,Swipe ,Fuel,467.3,0
CUST_06998,Blue,175,1,82,03-09-2023,Week-36,Q3,2023,3143.0,0,2297,37,0.0,Swipe ,Grocery,551.28,0
CUST_07002,Blue,250,1,113,03-09-2023,Week-36,Q3,2023,1438.3,0,4111,62,0.0,Chip ,Bills,698.87,0
CUST_07007,Blue,150,1,81,03-09-2023,Week-36,Q3,2023,4255.0,1681,3453,72,0.395,Swipe ,Grocery,656.07,0
CUST_07013,Blue,355,1,99,03-09-2023,Week-36,Q3,2023,5466.0,0,4435,79,0.0,Swipe ,Travel,753.95,0
CUST_07014,Blue,250,1,52,03-09-2023,Week-36,Q3,2023,4249.0,789,8186,93,0.186,Swipe ,Entertainment,818.6,0
CUST_07016,Blue,475,1,120,03-09-2023,Week-36,Q3,2023,5908.0,0,3313,72,0.0,Swipe ,Bills,298.17,0
CUST_07018,Blue,385,1,147,03-09-2023,Week-36,Q3,2023,9819.0,1200,2198,40,0.122,Swipe ,Fuel,131.88,0
CUST_07021,Blue,250,1,93,10-09-2023,Week-37,Q3,2023,4132.0,1559,14781,108,0.377,Chip ,Travel,1478.1,0
CUST_07024,Blue,305,0,76,10-09-2023,Week-37,Q3,2023,34516.0,550,7341,71,0.016,Chip ,Travel,1541.61,0
CUST_07029,Blue,195,1,103,10-09-2023,Week-37,Q3,2023,1862.0,845,3520,68,0.454,Swipe ,Entertainment,598.4,0
CUST_07031,Blue,455,0,101,10-09-2023,Week-37,Q3,2023,1964.0,1811,4699,81,0.922,Swipe ,Grocery,845.82,0
CUST_07034,Silver,250,0,126,10-09-2023,Week-37,Q3,2023,33004.0,2418,10156,72,0.073,Chip ,Travel,1523.4,1
CUST_07035,Blue,300,1,84,10-09-2023,Week-37,Q3,2023,5374.0,2324,1557,49,0.432,Swipe ,Fuel,202.41,1
CUST_07037,Silver,125,1,69,10-09-2023,Week-37,Q3,2023,11392.0,0,3246,63,0.0,Swipe ,Bills,681.66,1
CUST_07038,Blue,450,1,104,10-09-2023,Week-37,Q3,2023,2340.0,1680,4751,83,0.718,Chip ,Grocery,1045.22,1
CUST_07043,Blue,175,1,101,10-09-2023,Week-37,Q3,2023,9874.0,0,2446,47,0.0,Swipe ,Fuel,244.6,0
CUST_07048,Silver,285,1,75,10-09-2023,Week-37,Q3,2023,3955.0,2352,16423,109,0.595,Chip ,Travel,3284.6,0
CUST_07055,Blue,445,0,110,10-09-2023,Week-37,Q3,2023,7860.0,0,3512,76,0.0,Chip ,Food,632.16,0
CUST_07056,Blue,320,1,115,10-09-2023,Week-37,Q3,2023,7884.0,745,4588,74,0.094,Swipe ,Entertainment,596.44,0
CUST_07071,Blue,125,1,108,10-09-2023,Week-37,Q3,2023,4195.0,2440,4430,72,0.582,Swipe ,Bills,1107.5,0
CUST_07074,Blue,245,0,119,10-09-2023,Week-37,Q3,2023,3798.0,1570,4512,80,0.413,Swipe ,Bills,360.96,0
CUST_07075,Blue,150,1,107,10-09-2023,Week-37,Q3,2023,2524.0,1395,1800,33,0.553,Swipe ,Fuel,288.0,0
CUST_07077,Blue,200,1,67,10-09-2023,Week-37,Q3,2023,1438.3,0,4692,91,0.0,Online ,Bills,1126.08,0
CUST_07078,Blue,250,1,102,10-09-2023,Week-37,Q3,2023,4650.0,1162,7976,74,0.25,Swipe ,Bills,1754.72,0
CUST_07082,Blue,425,1,100,10-09-2023,Week-37,Q3,2023,5097.0,1152,2052,45,0.226,Swipe ,Bills,266.76,0
CUST_07083,Blue,125,0,119,10-09-2023,Week-37,Q3,2023,8396.0,1672,1475,35,0.199,Swipe ,Bills,88.5,0
CUST_07088,Blue,295,0,103,10-09-2023,Week-37,Q3,2023,2555.0,1587,4193,79,0.621,Chip ,Entertainment,419.3,0
CUST_07090,Blue,200,1,82,10-09-2023,Week-37,Q3,2023,1661.0,0,2473,49,0.0,Swipe ,Fuel,420.41,0
CUST_07093,Blue,335,0,139,10-09-2023,Week-37,Q3,2023,16867.0,0,654,14,0.0,Swipe ,Bills,104.64,0
CUST_07095,Blue,125,1,91,10-09-2023,Week-37,Q3,2023,3424.0,0,4929,74,0.0,Swipe ,Bills,591.48,0
CUST_07101,Blue,420,0,105,10-09-2023,Week-37,Q3,2023,6996.0,2092,15017,120,0.299,Chip ,Travel,1351.53,0
CUST_07104,Blue,480,1,106,10-09-2023,Week-37,Q3,2023,8383.0,0,2600,44,0.0,Swipe ,Entertainment,624.0,0
CUST_07106,Blue,125,0,115,10-09-2023,Week-37,Q3,2023,1438.3,786,4094,64,0.546,Swipe ,Food,614.1,0
CUST_07110,Blue,175,1,92,10-09-2023,Week-37,Q3,2023,34516.0,1180,2329,69,0.034,Swipe ,Bills,582.25,0
CUST_07111,Blue,125,1,70,10-09-2023,Week-37,Q3,2023,4589.0,0,1590,37,0.0,Swipe ,Bills,286.2,0
CUST_07112,Blue,150,1,97,10-09-2023,Week-37,Q3,2023,14979.0,0,530,10,0.0,Swipe ,Bills,42.4,0
CUST_07117,Blue,175,1,78,10-09-2023,Week-37,Q3,2023,5928.0,2517,3536,69,0.425,Chip ,Entertainment,565.76,1
CUST_07130,Blue,270,1,120,10-09-2023,Week-37,Q3,2023,4830.0,1469,3365,63,0.304,Chip ,Travel,437.45,0
CUST_07133,Blue,370,0,138,10-09-2023,Week-37,Q3,2023,4467.0,0,4007,74,0.0,Chip ,Bills,1041.82,0
CUST_07136,Blue,450,1,83,10-09-2023,Week-37,Q3,2023,2202.0,1414,4531,77,0.642,Chip ,Entertainment,407.79,0
CUST_07137,Blue,415,0,118,10-09-2023,Week-37,Q3,2023,4458.0,1880,1424,29,0.422,Swipe ,Bills,227.84,0
CUST_07143,Blue,245,1,98,10-09-2023,Week-37,Q3,2023,3386.0,2517,4890,65,0.743,Swipe ,Travel,293.4,0
CUST_07150,Blue,150,0,149,10-09-2023,Week-37,Q3,2023,3280.0,2327,4268,84,0.709,Swipe ,Entertainment,1195.04,0
CUST_07151,Gold,175,1,124,10-09-2023,Week-37,Q3,2023,15987.0,1096,14209,103,0.069,Chip ,Travel,1705.08,0
CUST_07153,Blue,150,1,82,10-09-2023,Week-37,Q3,2023,12691.0,777,1144,42,0.061,Swipe ,Bills,320.32,0
CUST_07154,Blue,125,0,77,10-09-2023,Week-37,Q3,2023,3251.0,1937,4284,85,0.596,Chip ,Bills,985.32,0
CUST_07160,Blue,190,1,49,10-09-2023,Week-37,Q3,2023,6778.0,865,3158,71,0.128,Swipe ,Bills,378.96,0
CUST_07162,Blue,335,0,90,10-09-2023,Week-37,Q3,2023,4597.0,1316,3507,68,0.286,Chip ,Food,631.26,0
CUST_07169,Blue,100,1,112,10-09-2023,Week-37,Q3,2023,8141.0,1811,5043,53,0.222,Swipe ,Bills,353.01,0
CUST_07172,Blue,100,1,160,10-09-2023,Week-37,Q3,2023,1438.3,639,4427,85,0.444,Swipe ,Entertainment,1151.02,0
CUST_07173,Blue,190,1,112,10-09-2023,Week-37,Q3,2023,2414.0,2276,2000,62,0.943,Swipe ,Fuel,260.0,0
CUST_07174,Blue,335,0,87,10-09-2023,Week-37,Q3,2023,1438.3,0,4626,86,0.0,Swipe ,Fuel,1017.72,0
CUST_07177,Blue,350,1,76,10-09-2023,Week-37,Q3,2023,2574.0,1555,4134,62,0.604,Chip ,Entertainment,826.8,0
CUST_07181,Blue,485,0,80,10-09-2023,Week-37,Q3,2023,2733.0,1819,933,25,0.666,Swipe ,Travel,93.3,0
CUST_07182,Blue,355,1,106,10-09-2023,Week-37,Q3,2023,1942.0,860,2522,42,0.443,Online ,Entertainment,201.76,0
CUST_07189,Blue,430,1,112,10-09-2023,Week-37,Q3,2023,20929.0,1652,4001,76,0.079,Swipe ,Grocery,480.12,0
CUST_07190,Silver,285,1,98,10-09-2023,Week-37,Q3,2023,18737.0,0,4010,76,0.0,Swipe ,Grocery,601.5,0
CUST_07196,Blue,125,1,106,10-09-2023,Week-37,Q3,2023,2502.0,1488,3763,75,0.595,Online ,Grocery,978.38,0
CUST_07201,Blue,415,0,92,10-09-2023,Week-37,Q3,2023,9926.0,2018,2235,57,0.203,Swipe ,Fuel,402.3,0
CUST_07202,Blue,350,1,40,10-09-2023,Week-37,Q3,2023,7709.0,2227,2520,61,0.289,Swipe ,Fuel,151.2,0
CUST_07203,Blue,200,1,104,10-09-2023,Week-37,Q3,2023,2344.0,0,2098,31,0.0,Swipe ,Bills,188.82,0
CUST_07208,Blue,150,1,82,10-09-2023,Week-37,Q3,2023,6728.0,1192,5244,75,0.177,Swipe ,Grocery,576.84,0
CUST_07212,Blue,405,0,115,10-09-2023,Week-37,Q3,2023,1699.0,0,2520,49,0.0,Chip ,Grocery,176.4,0
CUST_07220,Blue,325,0,87,17-09-2023,Week-38,Q3,2023,2228.0,1003,2104,44,0.45,Swipe ,Entertainment,504.96,0
CUST_07232,Blue,420,1,107,17-09-2023,Week-38,Q3,2023,14632.0,1158,1399,36,0.079,Swipe ,Entertainment,391.72,0
CUST_07236,Blue,415,0,139,17-09-2023,Week-38,Q3,2023,1820.0,0,4592,67,0.0,Swipe ,Fuel,1285.76,0
CUST_07237,Blue,450,0,161,17-09-2023,Week-38,Q3,2023,3539.0,2517,1463,31,0.711,Swipe ,Entertainment,424.27,0
CUST_07238,Blue,270,0,84,17-09-2023,Week-38,Q3,2023,7340.0,0,838,24,0.0,Swipe ,Bills,83.8,0
CUST_07249,Blue,245,1,70,17-09-2023,Week-38,Q3,2023,3230.0,2517,1914,31,0.779,Swipe ,Bills,382.8,0
CUST_07255,Blue,125,1,77,17-09-2023,Week-38,Q3,2023,2394.0,1427,4611,82,0.596,Swipe ,Grocery,876.09,1
CUST_07257,Platinum,380,1,104,17-09-2023,Week-38,Q3,2023,34516.0,1308,8773,105,0.038,Swipe ,Fuel,1842.33,1
CUST_07258,Blue,225,0,147,17-09-2023,Week-38,Q3,2023,2822.0,2182,5371,93,0.773,Swipe ,Grocery,1181.62,0
CUST_07260,Blue,250,1,120,17-09-2023,Week-38,Q3,2023,2876.0,1267,4302,74,0.441,Chip ,Bills,602.28,0
CUST_07264,Blue,200,1,84,17-09-2023,Week-38,Q3,2023,3600.0,1904,4946,75,0.529,Swipe ,Fuel,1236.5,0
CUST_07268,Blue,245,0,81,17-09-2023,Week-38,Q3,2023,7293.0,993,4828,82,0.136,Swipe ,Grocery,1207.0,0
CUST_07270,Blue,200,0,93,17-09-2023,Week-38,Q3,2023,3304.0,1370,3914,70,0.415,Swipe ,Food,313.12,0
CUST_07273,Blue,300,1,106,17-09-2023,Week-38,Q3,2023,2397.0,2151,4140,68,0.897,Swipe ,Bills,1035.0,0
CUST_07274,Silver,100,1,76,17-09-2023,Week-38,Q3,2023,34516.0,825,2022,52,0.024,Chip ,Bills,161.76,0
CUST_07278,Blue,405,1,96,17-09-2023,Week-38,Q3,2023,5510.0,2027,1980,42,0.368,Swipe ,Fuel,217.8,0
CUST_07279,Blue,285,0,64,17-09-2023,Week-38,Q3,2023,2859.0,1776,4440,79,0.621,Chip ,Bills,666.0,0
CUST_07297,Blue,125,1,85,17-09-2023,Week-38,Q3,2023,1724.0,0,4434,67,0.0,Chip ,Fuel,576.42,0
CUST_07302,Blue,425,0,84,17-09-2023,Week-38,Q3,2023,1438.3,635,4617,79,0.441,Swipe ,Fuel,507.87,0
CUST_07303,Blue,125,1,79,17-09-2023,Week-38,Q3,2023,28020.0,1470,1723,36,0.052,Swipe ,Entertainment,310.14,0
CUST_07305,Blue,200,0,62,17-09-2023,Week-38,Q3,2023,16040.0,1220,1923,49,0.076,Swipe ,Entertainment,153.84,0
CUST_07306,Blue,435,0,48,17-09-2023,Week-38,Q3,2023,2410.0,1705,2505,69,0.707,Swipe ,Entertainment,651.3,0
CUST_07320,Blue,125,1,119,17-09-2023,Week-38,Q3,2023,2423.0,429,4717,80,0.177,Swipe ,Entertainment,896.23,0
CUST_07329,Blue,400,1,106,17-09-2023,Week-38,Q3,2023,4174.0,2507,7905,86,0.601,Swipe ,Grocery,1264.8,0
CUST_07332,Blue,250,1,111,17-09-2023,Week-38,Q3,2023,8120.0,2098,3161,54,0.258,Swipe ,Fuel,442.54,0
CUST_07333,Blue,245,0,98,17-09-2023,Week-38,Q3,2023,1759.0,1345,4351,81,0.765,Swipe ,Grocery,913.71,0
CUST_07335,Blue,150,0,70,17-09-2023,Week-38,Q3,2023,1625.0,0,2314,43,0.0,Swipe ,Bills,231.4,0
CUST_07339,Gold,150,1,80,17-09-2023,Week-38,Q3,2023,34516.0,2517,1689,42,0.073,Online ,Entertainment,304.02,0
CUST_07350,Blue,460,0,72,17-09-2023,Week-38,Q3,2023,2608.0,1589,2073,47,0.609,Swipe ,Entertainment,538.98,0
CUST_07353,Blue,430,1,91,17-09-2023,Week-38,Q3,2023,1438.3,0,4104,83,0.0,Swipe ,Bills,246.24,0
CUST_07355,Blue,270,1,112,17-09-2023,Week-38,Q3,2023,2317.0,1301,4161,71,0.562,Chip ,Entertainment,582.54,0
CUST_07357,Blue,200,1,43,17-09-2023,Week-38,Q3,2023,3080.0,1776,5097,77,0.577,Swipe ,Food,1478.13,0
CUST_07362,Blue,340,1,86,17-09-2023,Week-38,Q3,2023,4745.0,1227,1140,40,0.259,Swipe ,Travel,319.2,0
CUST_07373,Blue,380,1,101,17-09-2023,Week-38,Q3,2023,10747.0,1027,4538,63,0.096,Swipe ,Entertainment,726.08,0
CUST_07377,Blue,225,0,101,17-09-2023,Week-38,Q3,2023,1438.3,0,5013,81,0.0,Swipe ,Food,300.78,0
CUST_07380,Blue,250,0,102,17-09-2023,Week-38,Q3,2023,13753.0,2517,7464,66,0.183,Chip ,Travel,746.4,0
CUST_07382,Blue,150,0,79,17-09-2023,Week-38,Q3,2023,2009.0,1795,3172,55,0.893,Swipe ,Bills,856.44,0
CUST_07388,Blue,345,0,115,17-09-2023,Week-38,Q3,2023,2205.0,1313,4904,82,0.595,Swipe ,Food,1029.84,0
CUST_07390,Blue,360,0,105,17-09-2023,Week-38,Q3,2023,1821.0,935,4786,87,0.513,Swipe ,Food,430.74,0
CUST_07392,Blue,350,1,87,17-09-2023,Week-38,Q3,2023,10257.0,1021,1508,30,0.1,Swipe ,Fuel,422.24,0
CUST_07394,Blue,220,0,133,17-09-2023,Week-38,Q3,2023,5302.0,1136,4883,68,0.214,Swipe ,Food,634.79,0
CUST_07397,Blue,350,0,96,17-09-2023,Week-38,Q3,2023,5702.0,0,3928,75,0.0,Swipe ,Entertainment,235.68,0
CUST_07402,Blue,280,0,92,17-09-2023,Week-38,Q3,2023,8587.0,1324,8854,92,0.154,Swipe ,Bills,619.78,0
CUST_07403,Blue,285,0,115,17-09-2023,Week-38,Q3,2023,1690.0,0,2645,60,0.0,Chip ,Bills,185.15,0
CUST_07404,Blue,245,0,72,17-09-2023,Week-38,Q3,2023,28700.0,769,3395,71,0.027,Online ,Grocery,950.6,0
CUST_07407,Blue,125,1,119,17-09-2023,Week-38,Q3,2023,10761.0,1722,4731,82,0.16,Swipe ,Fuel,1371.99,0
CUST_07412,Silver,200,1,137,24-09-2023,Week-39,Q3,2023,2940.0,0,14792,120,0.0,Chip ,Food,3550.08,0
CUST_07416,Silver,200,1,99,24-09-2023,Week-39,Q3,2023,10466.0,2080,4116,64,0.199,Chip ,Bills,246.96,0
CUST_07417,Blue,110,1,97,24-09-2023,Week-39,Q3,2023,34516.0,2517,2376,55,0.073,Chip ,Bills,498.96,0
CUST_07418,Blue,250,0,88,24-09-2023,Week-39,Q3,2023,3359.0,1405,4871,79,0.418,Swipe ,Entertainment,633.23,0
CUST_07421,Blue,225,1,101,24-09-2023,Week-39,Q3,2023,3614.0,0,4561,82,0.0,Chip ,Entertainment,1231.47,0
CUST_07424,Blue,225,0,78,24-09-2023,Week-39,Q3,2023,29893.0,0,2063,48,0.0,Swipe ,Bills,309.45,0
CUST_07428,Blue,175,0,85,24-09-2023,Week-39,Q3,2023,5856.0,2007,4916,87,0.343,Swipe ,Bills,393.28,0
CUST_07429,Blue,100,1,110,24-09-2023,Week-39,Q3,2023,11750.0,487,2532,48,0.041,Swipe ,Grocery,329.16,0
CUST_07431,Blue,270,1,158,24-09-2023,Week-39,Q3,2023,3809.0,1521,4666,69,0.399,Swipe ,Entertainment,559.92,0
CUST_07432,Blue,150,1,48,24-09-2023,Week-39,Q3,2023,18570.0,1892,4036,78,0.102,Chip ,Food,968.64,0
CUST_07433,Silver,340,0,90,24-09-2023,Week-39,Q3,2023,25270.0,1090,1941,51,0.043,Swipe ,Entertainment,174.69,0
CUST_07434,Blue,460,1,120,24-09-2023,Week-39,Q3,2023,9964.0,1559,1626,25,0.156,Swipe ,Fuel,113.82,0
CUST_07435,Blue,360,1,156,24-09-2023,Week-39,Q3,2023,7970.0,2434,1263,27,0.305,Chip ,Entertainment,126.3,0
CUST_07436,Blue,325,1,78,24-09-2023,Week-39,Q3,2023,2999.0,1247,2017,40,0.416,Swipe ,Travel,121.02,0
CUST_07437,Blue,270,0,117,24-09-2023,Week-39,Q3,2023,3731.0,1903,4667,88,0.51,Swipe ,Entertainment,420.03,0
CUST_07444,Blue,450,1,117,24-09-2023,Week-39,Q3,2023,3035.0,0,3847,63,0.0,Chip ,Entertainment,577.05,0
CUST_07453,Blue,195,0,76,24-09-2023,Week-39,Q3,2023,3104.0,1766,1353,24,0.569,Swipe ,Travel,216.48,0
CUST_07458,Blue,335,1,62,24-09-2023,Week-39,Q3,2023,1764.0,0,2740,47,0.0,Chip ,Entertainment,794.6,0
CUST_07459,Blue,365,0,115,24-09-2023,Week-39,Q3,2023,26108.0,1146,3677,70,0.044,Chip ,Entertainment,956.02,0
CUST_07460,Blue,410,1,102,24-09-2023,Week-39,Q3,2023,16199.0,0,4254,82,0.0,Chip ,Food,1148.58,0
CUST_07462,Blue,140,1,119,24-09-2023,Week-39,Q3,2023,13429.0,1246,3929,66,0.093,Swipe ,Grocery,1060.83,0
CUST_07466,Blue,480,0,79,24-09-2023,Week-39,Q3,2023,5384.0,1396,4338,75,0.259,Swipe ,Entertainment,390.42,0
CUST_07471,Blue,150,0,76,24-09-2023,Week-39,Q3,2023,31668.0,810,1822,36,0.026,Swipe ,Grocery,145.76,0
CUST_07476,Blue,200,1,76,24-09-2023,Week-39,Q3,2023,2363.0,978,2635,40,0.414,Swipe ,Fuel,395.25,1
CUST_07477,Blue,490,1,116,24-09-2023,Week-39,Q3,2023,1438.3,0,1445,38,0.0,Swipe ,Bills,245.65,1
CUST_07478,Blue,430,0,141,24-09-2023,Week-39,Q3,2023,3116.0,0,2768,45,0.0,Swipe ,Bills,553.6,1
CUST_07481,Blue,150,1,148,24-09-2023,Week-39,Q3,2023,1738.0,0,2572,62,0.0,Swipe ,Bills,540.12,1
CUST_07482,Blue,320,1,110,24-09-2023,Week-39,Q3,2023,2601.0,1888,4899,62,0.726,Chip ,Food,832.83,1
CUST_07485,Blue,125,0,98,24-09-2023,Week-39,Q3,2023,3809.0,1165,2306,46,0.306,Chip ,Fuel,184.48,0
CUST_07488,Blue,355,0,147,24-09-2023,Week-39,Q3,2023,15468.0,1187,4484,81,0.077,Chip ,Food,538.08,0
CUST_07494,Blue,245,1,86,24-09-2023,Week-39,Q3,2023,2722.0,1473,3129,69,0.541,Swipe ,Bills,281.61,0
CUST_07516,Blue,435,0,64,24-09-2023,Week-39,Q3,2023,2691.0,811,4413,80,0.301,Swipe ,Entertainment,441.3,0
CUST_07525,Silver,100,1,83,24-09-2023,Week-39,Q3,2023,34516.0,1118,7734,74,0.032,Swipe ,Fuel,1237.44,0
CUST_07531,Blue,125,1,79,24-09-2023,Week-39,Q3,2023,6854.0,0,4578,72,0.0,Swipe ,Entertainment,1098.72,0
CUST_07533,Blue,100,0,99,24-09-2023,Week-39,Q3,2023,7570.0,1388,3849,70,0.183,Swipe ,Entertainment,230.94,0
CUST_07534,Blue,125,1,82,24-09-2023,Week-39,Q3,2023,4402.0,1640,1774,46,0.373,Swipe ,Entertainment,195.14,0
CUST_07539,Blue,125,0,72,24-09-2023,Week-39,Q3,2023,4092.0,996,2298,48,0.243,Swipe ,Fuel,298.74,0
CUST_07540,Blue,460,0,88,24-09-2023,Week-39,Q3,2023,5342.0,2005,14738,94,0.375,Chip ,Entertainment,2358.08,0
CUST_07546,Blue,430,0,157,24-09-2023,Week-39,Q3,2023,2022.0,0,4623,65,0.0,Chip ,Entertainment,924.6,0
CUST_07558,Blue,150,1,70,24-09-2023,Week-39,Q3,2023,4514.0,2016,4107,59,0.447,Swipe ,Entertainment,1067.82,0
CUST_07564,Blue,125,1,117,24-09-2023,Week-39,Q3,2023,2248.0,0,4439,77,0.0,Swipe ,Grocery,355.12,0
CUST_07568,Blue,125,0,68,24-09-2023,Week-39,Q3,2023,2642.0,2035,1761,42,0.77,Swipe ,Entertainment,140.88,0
CUST_07569,Blue,200,1,137,24-09-2023,Week-39,Q3,2023,8404.0,1498,4811,56,0.178,Swipe ,Fuel,769.76,0
CUST_07573,Blue,270,1,84,24-09-2023,Week-39,Q3,2023,3791.0,1648,2058,34,0.435,Online ,Bills,555.66,0
CUST_07574,Blue,405,1,108,24-09-2023,Week-39,Q3,2023,17655.0,1720,16293,120,0.097,Chip ,Fuel,3910.32,0
CUST_07579,Blue,150,0,96,24-09-2023,Week-39,Q3,2023,7081.0,1874,2249,47,0.265,Swipe ,Fuel,292.37,0
CUST_07583,Blue,385,1,151,24-09-2023,Week-39,Q3,2023,27374.0,1509,4231,60,0.055,Chip ,Travel,676.96,0
CUST_07584,Blue,415,1,115,24-09-2023,Week-39,Q3,2023,27169.0,0,3906,87,0.0,Swipe ,Food,234.36,0
CUST_07587,Gold,470,0,148,24-09-2023,Week-39,Q3,2023,34516.0,1342,7283,89,0.039,Swipe ,Bills,1893.58,0
CUST_07589,Blue,140,0,77,24-09-2023,Week-39,Q3,2023,20543.0,0,1874,42,0.0,Chip ,Fuel,449.76,0
CUST_07590,Silver,110,1,97,24-09-2023,Week-39,Q3,2023,34516.0,802,1823,27,0.023,Swipe ,Grocery,255.22,0
CUST_07595,Blue,340,1,78,24-09-2023,Week-39,Q3,2023,3797.0,1202,4191,65,0.317,Swipe ,Grocery,1089.66,0
CUST_07597,Blue,140,1,66,24-09-2023,Week-39,Q3,2023,3261.0,814,4739,89,0.25,Chip ,Entertainment,1089.97,0
CUST_07599,Blue,125,1,74,24-09-2023,Week-39,Q3,2023,8074.0,2426,5372,93,0.3,Swipe ,Grocery,698.36,0
CUST_07600,Gold,370,1,87,24-09-2023,Week-39,Q3,2023,34516.0,0,15095,102,0.0,Chip ,Travel,1207.6,0
CUST_07607,Blue,150,1,112,01-10-2023,Week-40,Q4,2023,7475.0,1473,1592,30,0.197,Swipe ,Entertainment,111.44,1
CUST_07609,Blue,125,1,107,01-10-2023,Week-40,Q4,2023,4752.0,1230,15678,103,0.259,Chip ,Travel,2038.14,1
CUST_07612,Blue,325,0,89,01-10-2023,Week-40,Q4,2023,2711.0,1793,5084,79,0.661,Swipe ,Entertainment,1321.84,0
CUST_07617,Blue,245,1,103,01-10-2023,Week-40,Q4,2023,1438.3,0,2075,66,0.0,Swipe ,Bills,249.0,0
CUST_07619,Blue,125,1,80,01-10-2023,Week-40,Q4,2023,3673.0,2292,1257,34,0.624,Swipe ,Travel,150.84,0
CUST_07620,Silver,125,1,109,01-10-2023,Week-40,Q4,2023,15677.0,1227,3818,81,0.078,Swipe ,Entertainment,534.52,0
CUST_07628,Blue,475,1,112,01-10-2023,Week-40,Q4,2023,23507.0,1990,2650,65,0.085,Swipe ,Bills,583.0,0
CUST_07629,Blue,455,1,41,01-10-2023,Week-40,Q4,2023,4597.0,2442,1504,38,0.531,Online ,Entertainment,240.64,0
CUST_07632,Silver,100,1,150,01-10-2023,Week-40,Q4,2023,34516.0,2052,3510,62,0.059,Swipe ,Grocery,772.2,0
CUST_07636,Blue,385,0,111,01-10-2023,Week-40,Q4,2023,4429.0,0,1970,40,0.0,Swipe ,Bills,512.2,0
CUST_07638,Blue,200,1,86,01-10-2023,Week-40,Q4,2023,3222.0,0,5154,80,0.0,Swipe ,Entertainment,1340.04,0
CUST_07643,Blue,175,0,76,01-10-2023,Week-40,Q4,2023,23973.0,0,3560,71,0.0,Swipe ,Entertainment,747.6,0
CUST_07648,Blue,175,1,85,01-10-2023,Week-40,Q4,2023,7150.0,1887,3636,69,0.264,Chip ,Bills,763.56,0
CUST_07656,Silver,300,0,108,01-10-2023,Week-40,Q4,2023,25502.0,1450,4323,81,0.057,Chip ,Entertainment,302.61,0
CUST_07657,Blue,95,1,77,01-10-2023,Week-40,Q4,2023,2341.0,1818,4356,70,0.777,Swipe ,Fuel,1176.12,0
CUST_07663,Blue,475,1,83,01-10-2023,Week-40,Q4,2023,5763.0,0,2310,48,0.0,Swipe ,Entertainment,485.1,0
CUST_07664,Blue,480,0,109,01-10-2023,Week-40,Q4,2023,2868.0,1434,2909,64,0.5,Swipe ,Bills,843.61,0
CUST_07666,Blue,390,0,158,01-10-2023,Week-40,Q4,2023,2791.0,1979,4617,70,0.709,Chip ,Fuel,923.4,0
CUST_07667,Blue,150,1,107,01-10-2023,Week-40,Q4,2023,5876.0,1297,2133,55,0.221,Swipe ,Bills,575.91,0
CUST_07671,Blue,250,0,81,01-10-2023,Week-40,Q4,2023,1451.0,0,3866,72,0.0,Chip ,Fuel,463.92,0
CUST_07679,Blue,195,0,88,01-10-2023,Week-40,Q4,2023,5911.0,916,1656,31,0.155,Chip ,Travel,447.12,0
CUST_07681,Blue,285,1,115,01-10-2023,Week-40,Q4,2023,30820.0,1724,3402,75,0.056,Swipe ,Bills,238.14,0
CUST_07682,Blue,465,1,90,01-10-2023,Week-40,Q4,2023,18284.0,1144,4846,92,0.063,Online ,Bills,1114.58,0
CUST_07685,Blue,415,0,114,01-10-2023,Week-40,Q4,2023,3417.0,1749,2068,34,0.512,Swipe ,Bills,537.68,0
CUST_07691,Blue,450,1,85,01-10-2023,Week-40,Q4,2023,1461.0,0,4633,80,0.0,Online ,Food,972.93,0
CUST_07692,Blue,125,1,58,01-10-2023,Week-40,Q4,2023,2417.0,1932,2367,50,0.799,Swipe ,Entertainment,426.06,0
CUST_07693,Blue,245,0,78,01-10-2023,Week-40,Q4,2023,7650.0,2045,8609,109,0.267,Swipe ,Fuel,516.54,0
CUST_07700,Blue,175,1,95,01-10-2023,Week-40,Q4,2023,3429.0,1504,4015,76,0.439,Swipe ,Entertainment,562.1,0
CUST_07701,Blue,200,1,112,01-10-2023,Week-40,Q4,2023,26840.0,769,7969,93,0.029,Swipe ,Grocery,2151.63,0
CUST_07704,Blue,275,1,95,01-10-2023,Week-40,Q4,2023,3558.0,0,4136,65,0.0,Swipe ,Bills,1158.08,0
CUST_07709,Blue,435,0,108,01-10-2023,Week-40,Q4,2023,2427.0,2362,4663,85,0.973,Swipe ,Food,466.3,0
CUST_07710,Blue,475,0,87,01-10-2023,Week-40,Q4,2023,4223.0,2235,3669,62,0.529,Swipe ,Fuel,880.56,0
CUST_07711,Blue,330,0,92,01-10-2023,Week-40,Q4,2023,3906.0,0,1756,32,0.0,Swipe ,Travel,509.24,0
CUST_07725,Blue,385,1,77,01-10-2023,Week-40,Q4,2023,1438.3,860,4754,79,0.598,Chip ,Grocery,950.8,0
CUST_07727,Blue,345,1,109,01-10-2023,Week-40,Q4,2023,1829.0,1140,1610,49,0.623,Swipe ,Bills,177.1,0
CUST_07728,Blue,290,0,111,01-10-2023,Week-40,Q4,2023,2548.0,1998,4702,79,0.784,Swipe ,Bills,611.26,0
CUST_07732,Blue,475,1,56,01-10-2023,Week-40,Q4,2023,1759.0,0,821,18,0.0,Swipe ,Entertainment,114.94,0
CUST_07736,Blue,410,1,107,01-10-2023,Week-40,Q4,2023,19324.0,1040,1744,50,0.054,Swipe ,Bills,488.32,0
CUST_07737,Blue,280,1,108,01-10-2023,Week-40,Q4,2023,12616.0,0,1376,29,0.0,Swipe ,Bills,330.24,0
CUST_07739,Blue,495,0,118,01-10-2023,Week-40,Q4,2023,2930.0,2024,1686,34,0.691,Swipe ,Bills,202.32,0
CUST_07740,Blue,100,1,110,01-10-2023,Week-40,Q4,2023,14447.0,0,915,29,0.0,Swipe ,Entertainment,82.35,0
CUST_07741,Blue,200,0,95,01-10-2023,Week-40,Q4,2023,6231.0,0,1448,30,0.0,Swipe ,Entertainment,188.24,0
CUST_07744,Blue,370,0,114,01-10-2023,Week-40,Q4,2023,2001.0,960,4026,86,0.48,Swipe ,Bills,885.72,0
CUST_07750,Blue,420,1,109,01-10-2023,Week-40,Q4,2023,5905.0,726,3982,65,0.123,Swipe ,Grocery,238.92,0
CUST_07758,Blue,150,0,97,01-10-2023,Week-40,Q4,2023,3665.0,1725,1881,55,0.471,Swipe ,Entertainment,188.1,1
CUST_07760,Blue,150,0,132,01-10-2023,Week-40,Q4,2023,29801.0,1916,990,21,0.064,Swipe ,Bills,287.1,1
CUST_07761,Blue,385,1,43,01-10-2023,Week-40,Q4,2023,1622.0,1249,4164,66,0.77,Chip ,Fuel,624.6,0
CUST_07765,Blue,385,1,73,01-10-2023,Week-40,Q4,2023,3606.0,1862,3568,92,0.516,Swipe ,Food,713.6,0
CUST_07766,Blue,365,0,119,01-10-2023,Week-40,Q4,2023,4210.0,0,4175,58,0.0,Swipe ,Bills,292.25,0
CUST_07767,Blue,455,1,107,01-10-2023,Week-40,Q4,2023,1604.0,0,2264,47,0.0,Swipe ,Travel,430.16,0
CUST_07768,Silver,250,0,154,01-10-2023,Week-40,Q4,2023,10272.0,1523,14321,113,0.148,Chip ,Bills,1002.47,0
CUST_07769,Blue,100,0,74,01-10-2023,Week-40,Q4,2023,1804.0,1040,5308,78,0.576,Swipe ,Bills,849.28,0
CUST_07770,Blue,360,1,49,01-10-2023,Week-40,Q4,2023,8257.0,961,13769,104,0.116,Swipe ,Food,3579.94,0
CUST_07771,Blue,200,0,90,01-10-2023,Week-40,Q4,2023,12906.0,321,2078,62,0.025,Chip ,Grocery,228.58,0
CUST_07772,Blue,200,0,143,01-10-2023,Week-40,Q4,2023,6292.0,0,3687,74,0.0,Chip ,Bills,848.01,0
CUST_07783,Blue,220,0,46,01-10-2023,Week-40,Q4,2023,1929.0,1673,857,36,0.867,Swipe ,Bills,85.7,0
CUST_07787,Blue,420,1,112,01-10-2023,Week-40,Q4,2023,2485.0,1648,4208,71,0.663,Swipe ,Entertainment,673.28,0
CUST_07788,Blue,300,0,113,01-10-2023,Week-40,Q4,2023,3602.0,2013,1935,47,0.559,Swipe ,Entertainment,270.9,0
CUST_07792,Blue,290,0,68,01-10-2023,Week-40,Q4,2023,3668.0,0,4430,76,0.0,Swipe ,Fuel,1107.5,0
CUST_07794,Blue,390,0,84,01-10-2023,Week-40,Q4,2023,1438.3,1226,3889,60,0.852,Swipe ,Bills,622.24,0
CUST_07801,Blue,175,0,114,08-10-2023,Week-41,Q4,2023,1438.3,0,3749,77,0.0,Online ,Bills,637.33,0
CUST_07802,Blue,140,1,41,08-10-2023,Week-41,Q4,2023,2742.0,2321,1389,32,0.846,Swipe ,Bills,166.68,0
CUST_07808,Blue,325,1,114,08-10-2023,Week-41,Q4,2023,2821.0,951,1452,38,0.337,Swipe ,Fuel,130.68,0
CUST_07812,Blue,200,1,111,08-10-2023,Week-41,Q4,2023,20860.0,1496,3435,56,0.072,Swipe ,Grocery,480.9,0
CUST_07816,Blue,455,0,86,08-10-2023,Week-41,Q4,2023,5341.0,0,1955,47,0.0,Swipe ,Fuel,195.5,0
CUST_07824,Blue,150,0,109,08-10-2023,Week-41,Q4,2023,6721.0,1115,3718,51,0.166,Chip ,Bills,297.44,0
CUST_07825,Blue,250,0,110,08-10-2023,Week-41,Q4,2023,1724.0,0,2725,47,0.0,Swipe ,Bills,790.25,0
CUST_07830,Blue,370,0,87,08-10-2023,Week-41,Q4,2023,12181.0,1702,1478,33,0.14,Swipe ,Bills,133.02,0
CUST_07832,Blue,495,0,140,08-10-2023,Week-41,Q4,2023,2458.0,1880,1238,30,0.765,Online ,Bills,297.12,0
CUST_07836,Blue,245,1,84,08-10-2023,Week-41,Q4,2023,9257.0,0,4212,72,0.0,Swipe ,Fuel,1221.48,0
CUST_07837,Blue,475,1,67,08-10-2023,Week-41,Q4,2023,13056.0,1890,14280,102,0.145,Chip ,Grocery,2713.2,0
CUST_07838,Blue,435,0,89,08-10-2023,Week-41,Q4,2023,1938.0,0,3974,56,0.0,Chip ,Travel,1152.46,0
CUST_07848,Blue,405,1,101,08-10-2023,Week-41,Q4,2023,5714.0,868,4331,85,0.152,Chip ,Entertainment,866.2,0
CUST_07851,Blue,275,0,102,08-10-2023,Week-41,Q4,2023,5655.0,0,2312,61,0.0,Swipe ,Bills,300.56,0
CUST_07852,Blue,250,0,134,08-10-2023,Week-41,Q4,2023,1438.3,0,2527,49,0.0,Online ,Entertainment,404.32,0
CUST_07863,Blue,395,1,152,08-10-2023,Week-41,Q4,2023,5351.0,0,4596,78,0.0,Chip ,Entertainment,689.4,0
CUST_07865,Blue,245,1,86,08-10-2023,Week-41,Q4,2023,1492.0,0,2469,38,0.0,Swipe ,Fuel,271.59,0
CUST_07867,Blue,245,1,84,08-10-2023,Week-41,Q4,2023,6462.0,2517,4156,77,0.39,Chip ,Bills,706.52,0
CUST_07869,Blue,400,1,163,08-10-2023,Week-41,Q4,2023,1813.0,1387,1468,32,0.765,Swipe ,Entertainment,249.56,0
CUST_07873,Blue,200,1,86,08-10-2023,Week-41,Q4,2023,9430.0,0,4115,75,0.0,Swipe ,Entertainment,987.6,0
CUST_07877,Blue,370,0,95,08-10-2023,Week-41,Q4,2023,4138.0,0,2420,50,0.0,Swipe ,Bills,193.6,0
CUST_07878,Blue,125,1,47,08-10-2023,Week-41,Q4,2023,3106.0,1675,1512,38,0.539,Swipe ,Bills,302.4,0
CUST_07881,Blue,390,1,124,08-10-2023,Week-41,Q4,2023,2712.0,2411,5201,82,0.889,Chip ,Food,312.06,0
CUST_07882,Blue,470,1,162,08-10-2023,Week-41,Q4,2023,28852.0,1974,7432,90,0.068,Swipe ,Bills,1040.48,0
CUST_07883,Blue,125,0,106,08-10-2023,Week-41,Q4,2023,2043.0,1597,3553,61,0.782,Swipe ,Entertainment,390.83,0
CUST_07886,Blue,460,1,92,08-10-2023,Week-41,Q4,2023,16575.0,0,3982,77,0.0,Swipe ,Entertainment,1114.96,0
CUST_07887,Blue,140,0,90,08-10-2023,Week-41,Q4,2023,1438.3,0,1628,42,0.0,Swipe ,Food,179.08,0
CUST_07890,Blue,285,0,147,08-10-2023,Week-41,Q4,2023,21646.0,1778,3328,61,0.082,Swipe ,Entertainment,765.44,0
CUST_07894,Blue,455,0,72,08-10-2023,Week-41,Q4,2023,1438.3,0,2502,45,0.0,Swipe ,Grocery,450.36,0
CUST_07896,Blue,300,1,115,08-10-2023,Week-41,Q4,2023,3585.0,0,4806,81,0.0,Chip ,Bills,624.78,0
CUST_07897,Blue,200,0,110,08-10-2023,Week-41,Q4,2023,4304.0,0,1788,36,0.0,Chip ,Fuel,482.76,0
CUST_07900,Blue,435,1,58,08-10-2023,Week-41,Q4,2023,19843.0,1178,1638,49,0.059,Swipe ,Entertainment,425.88,0
CUST_07903,Blue,175,1,107,08-10-2023,Week-41,Q4,2023,2378.0,1610,1807,45,0.677,Swipe ,Bills,361.4,0
CUST_07904,Blue,125,1,41,08-10-2023,Week-41,Q4,2023,1438.3,0,2598,59,0.0,Swipe ,Grocery,675.48,0
CUST_07908,Blue,465,1,96,08-10-2023,Week-41,Q4,2023,2010.0,1070,3625,85,0.532,Swipe ,Bills,543.75,1
CUST_07910,Blue,125,1,99,08-10-2023,Week-41,Q4,2023,21161.0,1198,13119,104,0.057,Swipe ,Bills,1443.09,1
CUST_07911,Blue,150,1,53,08-10-2023,Week-41,Q4,2023,5176.0,0,1902,56,0.0,Swipe ,Entertainment,380.4,1
CUST_07912,Silver,100,1,77,08-10-2023,Week-41,Q4,2023,34516.0,1468,1330,32,0.043,Swipe ,Bills,186.2,1
CUST_07918,Blue,200,0,46,08-10-2023,Week-41,Q4,2023,2934.0,2517,2484,55,0.858,Swipe ,Entertainment,521.64,0
CUST_07919,Blue,200,0,74,08-10-2023,Week-41,Q4,2023,1438.3,0,5216,78,0.0,Swipe ,Entertainment,782.4,0
CUST_07923,Blue,300,0,120,08-10-2023,Week-41,Q4,2023,2376.0,1969,4301,79,0.829,Chip ,Bills,516.12,0
CUST_07932,Blue,470,0,58,08-10-2023,Week-41,Q4,2023,3206.0,0,3253,72,0.0,Swipe ,Bills,195.18,0
CUST_07933,Blue,250,0,91,08-10-2023,Week-41,Q4,2023,2772.0,1782,4739,88,0.643,Swipe ,Fuel,1137.36,0
CUST_07935,Blue,250,0,116,08-10-2023,Week-41,Q4,2023,2590.0,2087,4248,73,0.806,Swipe ,Grocery,424.8,0
CUST_07936,Blue,405,1,57,08-10-2023,Week-41,Q4,2023,2453.0,968,2218,50,0.395,Swipe ,Bills,266.16,0
CUST_07941,Blue,125,0,71,08-10-2023,Week-41,Q4,2023,2956.0,1823,2144,58,0.617,Swipe ,Fuel,171.52,0
CUST_07946,Blue,430,1,99,08-10-2023,Week-41,Q4,2023,3281.0,1272,2006,34,0.388,Swipe ,Fuel,381.14,0
CUST_07947,Blue,480,1,70,08-10-2023,Week-41,Q4,2023,34516.0,1259,4300,94,0.036,Chip ,Travel,1118.0,0
CUST_07948,Silver,225,1,41,08-10-2023,Week-41,Q4,2023,34516.0,0,1480,37,0.0,Swipe ,Entertainment,325.6,0
CUST_07951,Blue,140,1,144,08-10-2023,Week-41,Q4,2023,23925.0,1494,3677,55,0.062,Swipe ,Food,882.48,0
CUST_07960,Blue,280,1,82,08-10-2023,Week-41,Q4,2023,5295.0,723,4412,90,0.137,Swipe ,Food,529.44,0
CUST_07963,Gold,125,1,164,08-10-2023,Week-41,Q4,2023,34516.0,668,3931,77,0.019,Online ,Bills,982.75,0
CUST_07970,Blue,300,1,71,08-10-2023,Week-41,Q4,2023,1438.3,0,4052,65,0.0,Swipe ,Fuel,324.16,0
CUST_07972,Blue,245,0,110,08-10-2023,Week-41,Q4,2023,22938.0,1700,3428,54,0.074,Swipe ,Fuel,891.28,0
CUST_07986,Blue,435,1,94,08-10-2023,Week-41,Q4,2023,26124.0,0,4199,92,0.0,Swipe ,Fuel,965.77,0
CUST_07989,Blue,275,0,81,08-10-2023,Week-41,Q4,2023,5033.0,0,4054,82,0.0,Chip ,Grocery,810.8,0
CUST_07991,Blue,125,1,102,08-10-2023,Week-41,Q4,2023,3261.0,1730,4242,65,0.531,Swipe ,Food,339.36,0
CUST_07996,Blue,410,1,95,15-10-2023,Week-42,Q4,2023,14899.0,0,1519,26,0.0,Swipe ,Bills,121.52,1
CUST_07999,Blue,250,1,71,15-10-2023,Week-42,Q4,2023,2902.0,1668,2088,34,0.575,Online ,Bills,187.92,1
CUST_08014,Blue,475,1,94,15-10-2023,Week-42,Q4,2023,19826.0,1389,3561,73,0.07,Chip ,Entertainment,605.37,0
CUST_08019,Blue,195,1,84,15-10-2023,Week-42,Q4,2023,2477.0,2123,4349,69,0.857,Chip ,Food,1000.27,0
CUST_08022,Blue,245,0,116,15-10-2023,Week-42,Q4,2023,1439.0,0,5047,79,0.0,Swipe ,Bills,656.11,0
CUST_08023,Blue,370,0,117,15-10-2023,Week-42,Q4,2023,7623.0,2517,1367,29,0.33,Swipe ,Fuel,273.4,0
CUST_08024,Gold,290,1,79,15-10-2023,Week-42,Q4,2023,23981.0,0,7872,103,0.0,Swipe ,Fuel,1889.28,0
CUST_08026,Blue,420,1,109,15-10-2023,Week-42,Q4,2023,5851.0,1660,1572,38,0.284,Swipe ,Entertainment,440.16,0
CUST_08031,Gold,380,1,141,15-10-2023,Week-42,Q4,2023,8881.0,1901,15530,110,0.214,Swipe ,Food,3416.6,0
CUST_08032,Blue,100,1,81,15-10-2023,Week-42,Q4,2023,3084.0,0,12739,96,0.0,Swipe ,Food,3439.53,0
CUST_08036,Blue,150,1,80,15-10-2023,Week-42,Q4,2023,1491.0,0,4634,92,0.0,Swipe ,Grocery,278.04,0
CUST_08044,Blue,415,0,107,15-10-2023,Week-42,Q4,2023,6278.0,462,1087,33,0.074,Swipe ,Travel,217.4,0
CUST_08046,Blue,460,0,116,15-10-2023,Week-42,Q4,2023,2038.0,793,3513,67,0.389,Swipe ,Grocery,632.34,0
CUST_08052,Silver,200,0,88,15-10-2023,Week-42,Q4,2023,34516.0,2332,4587,82,0.068,Swipe ,Bills,550.44,0
CUST_08053,Blue,360,0,61,15-10-2023,Week-42,Q4,2023,17450.0,2193,1426,38,0.126,Swipe ,Bills,228.16,0
CUST_08068,Blue,125,1,81,15-10-2023,Week-42,Q4,2023,3510.0,1881,3808,81,0.536,Chip ,Grocery,723.52,0
CUST_08070,Blue,360,0,85,15-10-2023,Week-42,Q4,2023,5122.0,1642,1908,39,0.321,Swipe ,Entertainment,419.76,0
CUST_08072,Blue,200,1,68,15-10-2023,Week-42,Q4,2023,20758.0,0,1555,32,0.0,Swipe ,Travel,357.65,0
CUST_08075,Blue,200,0,155,15-10-2023,Week-42,Q4,2023,5056.0,0,4428,78,0.0,Online ,Bills,752.76,0
CUST_08077,Blue,150,0,99,15-10-2023,Week-42,Q4,2023,7049.0,0,1475,27,0.0,Swipe ,Entertainment,88.5,0
CUST_08078,Blue,270,0,64,15-10-2023,Week-42,Q4,2023,10177.0,1748,3557,64,0.172,Swipe ,Fuel,426.84,0
CUST_08080,Blue,395,1,115,15-10-2023,Week-42,Q4,2023,20912.0,0,4172,84,0.0,Swipe ,Entertainment,333.76,0
CUST_08084,Silver,125,1,108,15-10-2023,Week-42,Q4,2023,10836.0,1932,1293,31,0.178,Swipe ,Bills,284.46,0
CUST_08086,Blue,330,1,109,15-10-2023,Week-42,Q4,2023,2151.0,0,4604,86,0.0,Chip ,Food,1197.04,0
CUST_08087,Blue,245,1,103,15-10-2023,Week-42,Q4,2023,1690.0,1459,3928,69,0.863,Chip ,Bills,1139.12,0
CUST_08088,Blue,300,1,102,15-10-2023,Week-42,Q4,2023,1556.0,0,2283,46,0.0,Swipe ,Grocery,251.13,0
CUST_08092,Blue,245,1,69,15-10-2023,Week-42,Q4,2023,29898.0,1414,3883,68,0.047,Swipe ,Entertainment,931.92,0
CUST_08094,Blue,190,1,115,15-10-2023,Week-42,Q4,2023,1438.3,0,4482,54,0.0,Swipe ,Bills,941.22,0
CUST_08105,Blue,250,1,105,15-10-2023,Week-42,Q4,2023,18229.0,0,2060,39,0.0,Chip ,Bills,309.0,0
CUST_08110,Blue,125,0,89,15-10-2023,Week-42,Q4,2023,26303.0,2376,3586,67,0.09,Chip ,Entertainment,1004.08,0
CUST_08113,Blue,125,0,93,15-10-2023,Week-42,Q4,2023,34516.0,1369,7745,82,0.04,Online ,Bills,1781.35,0
CUST_08115,Gold,450,1,68,15-10-2023,Week-42,Q4,2023,3585.0,2420,15656,124,0.675,Chip ,Travel,3444.32,0
CUST_08122,Blue,345,1,78,15-10-2023,Week-42,Q4,2023,7793.0,1705,1099,39,0.219,Online ,Fuel,252.77,0
CUST_08128,Blue,340,1,45,15-10-2023,Week-42,Q4,2023,5937.0,2120,4228,70,0.357,Chip ,Food,1141.56,0
CUST_08129,Blue,150,1,72,15-10-2023,Week-42,Q4,2023,2250.0,1041,1339,28,0.463,Swipe ,Bills,227.63,0
CUST_08130,Blue,245,1,110,15-10-2023,Week-42,Q4,2023,3272.0,2085,4444,83,0.637,Swipe ,Fuel,622.16,0
CUST_08132,Blue,490,1,94,15-10-2023,Week-42,Q4,2023,3141.0,1819,1539,35,0.579,Swipe ,Food,323.19,0
CUST_08133,Blue,245,0,95,15-10-2023,Week-42,Q4,2023,3943.0,2517,3527,59,0.638,Swipe ,Food,387.97,0
CUST_08135,Blue,350,0,94,15-10-2023,Week-42,Q4,2023,3558.0,2318,1631,31,0.651,Swipe ,Bills,440.37,0
CUST_08137,Blue,270,1,81,15-10-2023,Week-42,Q4,2023,2006.0,1197,4139,69,0.597,Swipe ,Bills,993.36,0
CUST_08141,Blue,250,0,164,15-10-2023,Week-42,Q4,2023,24542.0,2354,984,24,0.096,Chip ,Fuel,177.12,1
CUST_08142,Blue,350,1,134,15-10-2023,Week-42,Q4,2023,1924.0,1471,3521,58,0.765,Chip ,Grocery,633.78,1
CUST_08144,Blue,435,0,66,15-10-2023,Week-42,Q4,2023,11262.0,1435,2165,61,0.127,Swipe ,Entertainment,303.1,1
CUST_08148,Blue,385,0,98,15-10-2023,Week-42,Q4,2023,1507.0,0,4698,87,0.0,Swipe ,Food,422.82,0
CUST_08150,Blue,395,0,96,15-10-2023,Week-42,Q4,2023,4976.0,866,4317,69,0.174,Chip ,Grocery,561.21,0
CUST_08158,Blue,460,0,90,15-10-2023,Week-42,Q4,2023,3256.0,1013,5079,81,0.311,Swipe ,Grocery,965.01,0
CUST_08171,Blue,420,0,74,15-10-2023,Week-42,Q4,2023,3027.0,1671,3912,77,0.552,Swipe ,Grocery,821.52,0
CUST_08180,Platinum,125,0,95,15-10-2023,Week-42,Q4,2023,4165.0,0,17093,111,0.0,Chip ,Travel,2905.81,0
CUST_08182,Blue,390,1,151,15-10-2023,Week-42,Q4,2023,2194.0,1302,4962,81,0.593,Swipe ,Fuel,694.68,0
CUST_08183,Blue,250,1,56,15-10-2023,Week-42,Q4,2023,2468.0,1850,4483,77,0.75,Chip ,Bills,1120.75,0
CUST_08184,Blue,460,0,79,15-10-2023,Week-42,Q4,2023,3300.0,2517,3784,55,0.763,Swipe ,Food,1059.52,0
CUST_08193,Blue,150,1,76,22-10-2023,Week-43,Q4,2023,11332.0,633,2758,56,0.056,Swipe ,Fuel,358.54,0
CUST_08194,Silver,110,1,80,22-10-2023,Week-43,Q4,2023,27710.0,0,4014,73,0.0,Swipe ,Bills,1083.78,0
CUST_08198,Blue,345,1,74,22-10-2023,Week-43,Q4,2023,13602.0,0,3582,69,0.0,Swipe ,Grocery,716.4,0
CUST_08201,Blue,410,1,114,22-10-2023,Week-43,Q4,2023,3229.0,2517,4526,95,0.779,Swipe ,Bills,271.56,0
CUST_08204,Blue,270,1,115,22-10-2023,Week-43,Q4,2023,3919.0,2278,7685,85,0.581,Swipe ,Bills,1690.7,0
CUST_08205,Blue,250,0,116,22-10-2023,Week-43,Q4,2023,1457.0,563,3967,69,0.386,Chip ,Travel,317.36,0
CUST_08206,Blue,385,1,86,22-10-2023,Week-43,Q4,2023,2781.0,992,4577,81,0.357,Swipe ,Grocery,549.24,0
CUST_08210,Blue,190,0,141,22-10-2023,Week-43,Q4,2023,2420.0,676,3770,76,0.279,Swipe ,Food,226.2,0
CUST_08218,Blue,495,1,76,22-10-2023,Week-43,Q4,2023,26783.0,1285,2495,46,0.048,Swipe ,Fuel,499.0,0
CUST_08223,Blue,400,0,134,22-10-2023,Week-43,Q4,2023,2313.0,1325,5006,76,0.573,Swipe ,Food,650.78,0
CUST_08224,Blue,150,0,81,22-10-2023,Week-43,Q4,2023,3751.0,1869,9497,106,0.498,Swipe ,Bills,854.73,0
CUST_08226,Blue,300,1,106,22-10-2023,Week-43,Q4,2023,20410.0,1196,3525,78,0.059,Chip ,Grocery,705.0,0
CUST_08238,Blue,320,0,115,22-10-2023,Week-43,Q4,2023,17827.0,0,5010,88,0.0,Swipe ,Bills,901.8,0
CUST_08240,Blue,400,0,99,22-10-2023,Week-43,Q4,2023,2069.0,1288,5668,82,0.623,Chip ,Bills,1473.68,0
CUST_08241,Blue,245,0,73,22-10-2023,Week-43,Q4,2023,1438.3,856,4432,92,0.595,Swipe ,Travel,620.48,0
CUST_08243,Blue,250,1,112,22-10-2023,Week-43,Q4,2023,18582.0,794,1836,46,0.043,Swipe ,Bills,330.48,0
CUST_08244,Blue,490,1,83,22-10-2023,Week-43,Q4,2023,2472.0,1899,4408,86,0.768,Chip ,Bills,705.28,0
CUST_08247,Blue,410,1,85,22-10-2023,Week-43,Q4,2023,4241.0,0,1798,45,0.0,Swipe ,Entertainment,269.7,0
CUST_08248,Blue,225,1,135,22-10-2023,Week-43,Q4,2023,11474.0,1063,3242,74,0.093,Swipe ,Grocery,583.56,0
CUST_08250,Blue,430,1,111,22-10-2023,Week-43,Q4,2023,10127.0,1873,1647,53,0.185,Swipe ,Bills,148.23,0
CUST_08251,Blue,475,1,75,22-10-2023,Week-43,Q4,2023,1530.0,0,4256,78,0.0,Swipe ,Food,978.88,0
CUST_08258,Blue,300,1,95,22-10-2023,Week-43,Q4,2023,2684.0,1381,2002,60,0.515,Swipe ,Bills,120.12,0
CUST_08260,Blue,270,1,66,22-10-2023,Week-43,Q4,2023,21721.0,1247,3937,63,0.057,Swipe ,Entertainment,1141.73,0
CUST_08263,Blue,150,0,74,22-10-2023,Week-43,Q4,2023,5084.0,1683,4060,55,0.331,Swipe ,Grocery,568.4,0
CUST_08267,Blue,385,1,100,22-10-2023,Week-43,Q4,2023,8572.0,2128,7850,94,0.248,Swipe ,Fuel,863.5,0
CUST_08270,Blue,225,0,79,22-10-2023,Week-43,Q4,2023,4022.0,1680,3776,84,0.418,Swipe ,Bills,641.92,0
CUST_08271,Blue,300,1,90,22-10-2023,Week-43,Q4,2023,28751.0,2158,1502,34,0.075,Online ,Grocery,225.3,0
CUST_08272,Blue,125,1,111,22-10-2023,Week-43,Q4,2023,1938.0,0,2870,49,0.0,Swipe ,Bills,746.2,0
CUST_08273,Blue,110,1,117,22-10-2023,Week-43,Q4,2023,4343.0,2220,14463,119,0.511,Swipe ,Grocery,867.78,0
CUST_08275,Blue,335,1,111,22-10-2023,Week-43,Q4,2023,9094.0,0,4203,76,0.0,Swipe ,Food,1008.72,0
CUST_08280,Blue,220,1,134,22-10-2023,Week-43,Q4,2023,2352.0,0,2344,48,0.0,Swipe ,Bills,586.0,0
CUST_08281,Blue,175,0,108,22-10-2023,Week-43,Q4,2023,6519.0,2178,4505,71,0.334,Swipe ,Food,675.75,0
CUST_08282,Silver,290,1,73,22-10-2023,Week-43,Q4,2023,15459.0,0,1419,30,0.0,Swipe ,Bills,85.14,0
CUST_08283,Blue,220,0,146,22-10-2023,Week-43,Q4,2023,19666.0,1180,3391,54,0.06,Online ,Grocery,271.28,0
CUST_08284,Blue,415,1,79,22-10-2023,Week-43,Q4,2023,14320.0,0,4077,77,0.0,Swipe ,Bills,448.47,0
CUST_08287,Blue,370,0,94,22-10-2023,Week-43,Q4,2023,3439.0,0,2661,35,0.0,Swipe ,Food,638.64,0
CUST_08288,Blue,400,1,114,22-10-2023,Week-43,Q4,2023,6185.0,1960,2225,45,0.317,Online ,Entertainment,600.75,0
CUST_08295,Silver,175,1,106,22-10-2023,Week-43,Q4,2023,15433.0,0,966,22,0.0,Swipe ,Bills,251.16,0
CUST_08297,Blue,175,0,91,22-10-2023,Week-43,Q4,2023,2734.0,2085,4064,66,0.763,Swipe ,Entertainment,406.4,0
CUST_08298,Blue,415,1,114,22-10-2023,Week-43,Q4,2023,5380.0,1337,8947,93,0.249,Swipe ,Fuel,1163.11,0
CUST_08300,Blue,465,1,88,22-10-2023,Week-43,Q4,2023,2759.0,2501,1650,34,0.906,Swipe ,Grocery,396.0,0
CUST_08304,Blue,250,0,118,22-10-2023,Week-43,Q4,2023,4198.0,1782,2051,36,0.424,Swipe ,Grocery,184.59,0
CUST_08306,Blue,320,1,156,22-10-2023,Week-43,Q4,2023,1438.3,0,4457,79,0.0,Swipe ,Grocery,579.41,0
CUST_08308,Blue,400,1,110,22-10-2023,Week-43,Q4,2023,4939.0,1190,3764,64,0.241,Swipe ,Fuel,978.64,0
CUST_08311,Blue,195,1,124,22-10-2023,Week-43,Q4,2023,4112.0,1128,4446,75,0.274,Chip ,Bills,800.28,0
CUST_08315,Blue,125,0,90,22-10-2023,Week-43,Q4,2023,1438.3,0,3763,74,0.0,Swipe ,Fuel,263.41,0
CUST_08318,Blue,225,1,104,22-10-2023,Week-43,Q4,2023,13911.0,2160,2204,60,0.155,Chip ,Bills,440.8,0
CUST_08324,Blue,125,0,79,22-10-2023,Week-43,Q4,2023,1438.3,0,4776,82,0.0,Swipe ,Food,1002.96,0
CUST_08327,Blue,430,1,79,22-10-2023,Week-43,Q4,2023,3038.0,2133,4784,83,0.702,Swipe ,Entertainment,1148.16,0
CUST_08332,Silver,455,0,76,22-10-2023,Week-43,Q4,2023,34516.0,2045,4081,54,0.059,Swipe ,Entertainment,1061.06,0
CUST_08338,Blue,250,0,85,22-10-2023,Week-43,Q4,2023,14228.0,1953,1970,51,0.137,Swipe ,Fuel,295.5,0
CUST_08340,Blue,415,1,63,22-10-2023,Week-43,Q4,2023,30733.0,1153,3455,80,0.038,Swipe ,Fuel,587.35,0
CUST_08342,Blue,435,1,106,22-10-2023,Week-43,Q4,2023,2700.0,2480,2396,49,0.919,Chip ,Bills,215.64,0
CUST_08347,Silver,250,0,117,22-10-2023,Week-43,Q4,2023,34516.0,1542,7443,98,0.045,Swipe ,Entertainment,1042.02,0
CUST_08348,Blue,445,0,78,22-10-2023,Week-43,Q4,2023,2570.0,2230,1755,42,0.868,Swipe ,Entertainment,421.2,0
CUST_08349,Blue,125,1,106,22-10-2023,Week-43,Q4,2023,11316.0,1599,2595,49,0.141,Chip ,Fuel,311.4,0
CUST_08354,Blue,110,1,144,22-10-2023,Week-43,Q4,2023,2164.0,1176,5075,71,0.543,Swipe ,Fuel,964.25,0
CUST_08359,Blue,200,1,80,22-10-2023,Week-43,Q4,2023,26372.0,1365,2291,56,0.052,Swipe ,Bills,160.37,0
CUST_08361,Silver,325,1,98,22-10-2023,Week-43,Q4,2023,16386.0,2236,3293,66,0.136,Swipe ,Grocery,724.46,0
CUST_08362,Blue,250,1,113,22-10-2023,Week-43,Q4,2023,1724.0,0,4768,80,0.0,Chip ,Entertainment,524.48,0
CUST_08363,Blue,175,0,116,22-10-2023,Week-43,Q4,2023,7298.0,2517,7973,88,0.345,Swipe ,Food,2072.98,0
CUST_08370,Blue,400,1,77,22-10-2023,Week-43,Q4,2023,8589.0,685,3553,63,0.08,Chip ,Grocery,497.42,0
CUST_08375,Blue,125,0,107,22-10-2023,Week-43,Q4,2023,1438.3,0,3204,68,0.0,Swipe ,Grocery,801.0,0
CUST_08376,Blue,175,0,154,22-10-2023,Week-43,Q4,2023,3132.0,1466,3612,59,0.468,Swipe ,Bills,433.44,0
CUST_08377,Blue,400,1,118,22-10-2023,Week-43,Q4,2023,3436.0,2016,1097,33,0.587,Swipe ,Travel,87.76,0
CUST_08378,Blue,125,0,117,22-10-2023,Week-43,Q4,2023,2996.0,1992,4463,87,0.665,Swipe ,Fuel,1115.75,0
CUST_08381,Blue,365,1,114,22-10-2023,Week-43,Q4,2023,8801.0,1421,1104,31,0.161,Swipe ,Fuel,320.16,0
CUST_08382,Blue,320,1,153,22-10-2023,Week-43,Q4,2023,7116.0,981,4748,85,0.138,Chip ,Fuel,1281.96,0
CUST_08384,Blue,125,0,114,22-10-2023,Week-43,Q4,2023,9816.0,0,3489,81,0.0,Swipe ,Grocery,802.47,1
CUST_08386,Blue,460,1,70,29-10-2023,Week-44,Q4,2023,6242.0,491,2187,59,0.079,Swipe ,Bills,240.57,1
CUST_08388,Blue,370,1,98,29-10-2023,Week-44,Q4,2023,8440.0,2087,4161,74,0.247,Chip ,Bills,707.37,1
CUST_08391,Blue,475,0,99,29-10-2023,Week-44,Q4,2023,1438.3,801,4223,60,0.557,Chip ,Grocery,1182.44,0
CUST_08397,Blue,175,1,95,29-10-2023,Week-44,Q4,2023,8333.0,774,3889,81,0.093,Swipe ,Fuel,1088.92,0
CUST_08402,Blue,375,0,89,29-10-2023,Week-44,Q4,2023,8694.0,1117,9523,105,0.128,Swipe ,Grocery,1904.6,0
CUST_08411,Blue,385,1,102,29-10-2023,Week-44,Q4,2023,2307.0,1385,2440,48,0.6,Swipe ,Entertainment,634.4,0
CUST_08412,Blue,450,1,72,29-10-2023,Week-44,Q4,2023,11606.0,0,2623,39,0.0,Chip ,Fuel,577.06,0
CUST_08413,Blue,300,1,103,29-10-2023,Week-44,Q4,2023,5325.0,1318,1814,43,0.248,Swipe ,Bills,326.52,0
CUST_08414,Blue,475,0,145,29-10-2023,Week-44,Q4,2023,1438.3,0,1336,32,0.0,Online ,Entertainment,106.88,0
CUST_08417,Blue,250,0,83,29-10-2023,Week-44,Q4,2023,22558.0,818,3855,70,0.036,Swipe ,Grocery,655.35,0
CUST_08424,Blue,425,1,41,29-10-2023,Week-44,Q4,2023,8190.0,1716,3529,84,0.21,Chip ,Fuel,352.9,0
CUST_08426,Blue,300,1,114,29-10-2023,Week-44,Q4,2023,3280.0,1806,2534,78,0.551,Swipe ,Bills,430.78,0
CUST_08427,Blue,485,0,104,29-10-2023,Week-44,Q4,2023,15483.0,1719,4678,80,0.111,Chip ,Bills,1309.84,0
CUST_08431,Blue,110,1,88,29-10-2023,Week-44,Q4,2023,1438.3,0,2557,55,0.0,Swipe ,Entertainment,588.11,0
CUST_08439,Blue,435,1,108,29-10-2023,Week-44,Q4,2023,16208.0,1278,1842,56,0.079,Swipe ,Bills,165.78,0
CUST_08447,Blue,175,0,85,29-10-2023,Week-44,Q4,2023,9652.0,2517,3762,73,0.261,Swipe ,Bills,526.68,0
CUST_08450,Blue,340,1,47,29-10-2023,Week-44,Q4,2023,1909.0,1753,1457,24,0.918,Online ,Grocery,262.26,0
CUST_08452,Silver,455,0,99,29-10-2023,Week-44,Q4,2023,28174.0,1173,16258,108,0.042,Chip ,Travel,3089.02,0
CUST_08453,Blue,100,0,160,29-10-2023,Week-44,Q4,2023,2351.0,2127,4278,71,0.905,Chip ,Bills,385.02,0
CUST_08458,Blue,285,1,93,29-10-2023,Week-44,Q4,2023,2965.0,1819,4475,66,0.613,Swipe ,Bills,895.0,0
CUST_08459,Gold,410,1,55,29-10-2023,Week-44,Q4,2023,23051.0,1836,14393,107,0.08,Swipe ,Fuel,3022.53,0
CUST_08462,Blue,300,1,118,29-10-2023,Week-44,Q4,2023,34516.0,1197,1594,43,0.035,Swipe ,Bills,239.1,0
CUST_08467,Blue,125,1,104,29-10-2023,Week-44,Q4,2023,2950.0,1705,1260,32,0.578,Swipe ,Fuel,352.8,0
CUST_08470,Blue,245,1,83,29-10-2023,Week-44,Q4,2023,1558.0,879,4805,86,0.564,Swipe ,Bills,288.3,0
CUST_08471,Blue,250,1,105,29-10-2023,Week-44,Q4,2023,7062.0,1255,3432,68,0.178,Chip ,Grocery,549.12,0
CUST_08474,Blue,300,0,79,29-10-2023,Week-44,Q4,2023,8861.0,1149,8387,102,0.13,Swipe ,Food,2264.49,0
CUST_08475,Blue,125,1,49,29-10-2023,Week-44,Q4,2023,3870.0,1394,1588,36,0.36,Swipe ,Entertainment,381.12,0
CUST_08476,Blue,195,1,91,29-10-2023,Week-44,Q4,2023,2084.0,1468,1132,28,0.704,Swipe ,Travel,181.12,0
CUST_08479,Blue,125,1,83,29-10-2023,Week-44,Q4,2023,2106.0,238,2136,40,0.113,Swipe ,Fuel,469.92,0
CUST_08480,Blue,200,1,74,29-10-2023,Week-44,Q4,2023,7832.0,1784,14614,106,0.228,Chip ,Fuel,3653.5,0
CUST_08481,Blue,245,1,83,29-10-2023,Week-44,Q4,2023,4009.0,1361,4506,80,0.339,Chip ,Food,1081.44,0
CUST_08483,Blue,350,1,94,29-10-2023,Week-44,Q4,2023,2427.0,1581,3857,69,0.651,Online ,Entertainment,424.27,0
CUST_08492,Blue,150,0,114,29-10-2023,Week-44,Q4,2023,1878.0,1024,4707,74,0.545,Swipe ,Grocery,1365.03,0
CUST_08501,Blue,320,0,96,29-10-2023,Week-44,Q4,2023,12781.0,1253,1073,21,0.098,Online ,Bills,257.52,0
CUST_08511,Blue,300,1,163,29-10-2023,Week-44,Q4,2023,2979.0,0,2061,38,0.0,Swipe ,Grocery,144.27,0
CUST_08519,Blue,200,0,115,29-10-2023,Week-44,Q4,2023,8767.0,1684,8066,79,0.192,Swipe ,Fuel,1935.84,0
CUST_08521,Blue,285,0,97,29-10-2023,Week-44,Q4,2023,9204.0,845,1820,58,0.092,Swipe ,Bills,418.6,0
CUST_08527,Blue,245,1,144,29-10-2023,Week-44,Q4,2023,8599.0,938,3015,64,0.109,Chip ,Entertainment,241.2,0
CUST_08535,Blue,390,1,88,29-10-2023,Week-44,Q4,2023,3317.0,1041,4264,75,0.314,Chip ,Bills,1236.56,0
CUST_08536,Blue,250,1,68,29-10-2023,Week-44,Q4,2023,5645.0,0,1527,32,0.0,Swipe ,Bills,366.48,0
CUST_08537,Blue,365,1,98,29-10-2023,Week-44,Q4,2023,1554.0,926,4997,79,0.596,Chip ,Food,799.52,0
CUST_08538,Blue,410,1,67,29-10-2023,Week-44,Q4,2023,1438.3,0,3383,61,0.0,Chip ,Bills,710.43,0
CUST_08544,Silver,200,1,93,29-10-2023,Week-44,Q4,2023,34516.0,2305,13756,106,0.067,Chip ,Travel,3989.24,0
CUST_08545,Blue,200,1,115,29-10-2023,Week-44,Q4,2023,7928.0,1228,1537,37,0.155,Swipe ,Fuel,430.36,0
CUST_08552,Blue,435,1,73,29-10-2023,Week-44,Q4,2023,2304.0,1589,1273,36,0.69,Swipe ,Bills,318.25,0
CUST_08556,Blue,175,1,99,29-10-2023,Week-44,Q4,2023,2827.0,1896,3891,81,0.671,Swipe ,Food,389.1,0
CUST_08558,Blue,440,0,76,29-10-2023,Week-44,Q4,2023,5494.0,1356,3566,81,0.247,Chip ,Bills,534.9,0
CUST_08561,Blue,480,0,104,29-10-2023,Week-44,Q4,2023,2013.0,0,2425,50,0.0,Chip ,Grocery,194.0,0
CUST_08565,Blue,410,1,53,29-10-2023,Week-44,Q4,2023,4930.0,2227,4224,77,0.452,Swipe ,Travel,971.52,0
CUST_08573,Silver,190,0,86,29-10-2023,Week-44,Q4,2023,34516.0,1515,1293,32,0.044,Swipe ,Travel,206.88,0
CUST_08575,Blue,200,1,120,29-10-2023,Week-44,Q4,2023,2817.0,1864,4535,82,0.662,Chip ,Bills,680.25,0
CUST_08577,Blue,435,0,85,29-10-2023,Week-44,Q4,2023,1815.0,557,4519,76,0.307,Swipe ,Bills,1265.32,0
CUST_08580,Blue,365,0,70,05-11-2023,Week-45,Q4,2023,3472.0,1687,13999,119,0.486,Chip ,Travel,1119.92,0
CUST_08582,Silver,415,0,120,05-11-2023,Week-45,Q4,2023,34516.0,399,2118,41,0.012,Chip ,Fuel,275.34,0
CUST_08585,Gold,375,1,91,05-11-2023,Week-45,Q4,2023,34516.0,1099,15490,110,0.032,Chip ,Travel,2943.1,0
CUST_08586,Blue,380,1,116,05-11-2023,Week-45,Q4,2023,1438.3,860,4655,82,0.598,Chip ,Entertainment,791.35,0
CUST_08591,Blue,325,1,95,05-11-2023,Week-45,Q4,2023,4323.0,0,2451,38,0.0,Swipe ,Food,367.65,0
CUST_08600,Blue,325,1,111,05-11-2023,Week-45,Q4,2023,3361.0,2473,4589,69,0.736,Swipe ,Fuel,642.46,0
CUST_08602,Blue,110,1,143,05-11-2023,Week-45,Q4,2023,7603.0,744,2497,42,0.098,Swipe ,Grocery,324.61,0
CUST_08607,Blue,150,1,97,05-11-2023,Week-45,Q4,2023,4464.0,1418,3870,73,0.318,Swipe ,Grocery,348.3,0
CUST_08611,Blue,250,0,108,05-11-2023,Week-45,Q4,2023,2329.0,2290,4609,76,0.983,Swipe ,Bills,829.62,1
CUST_08612,Blue,250,1,112,05-11-2023,Week-45,Q4,2023,3281.0,0,2907,45,0.0,Chip ,Food,552.33,1
CUST_08614,Blue,285,1,110,05-11-2023,Week-45,Q4,2023,4002.0,1402,2114,53,0.35,Swipe ,Fuel,528.5,1
CUST_08618,Blue,270,0,94,05-11-2023,Week-45,Q4,2023,2664.0,2037,1286,29,0.765,Swipe ,Travel,257.2,1
CUST_08619,Blue,395,1,87,05-11-2023,Week-45,Q4,2023,5647.0,1175,4868,76,0.208,Swipe ,Bills,973.6,1
CUST_08622,Blue,390,1,68,05-11-2023,Week-45,Q4,2023,4091.0,1108,5244,87,0.271,Swipe ,Grocery,996.36,0
CUST_08623,Blue,200,0,119,05-11-2023,Week-45,Q4,2023,19030.0,912,4137,72,0.048,Chip ,Entertainment,1158.36,0
CUST_08625,Blue,200,1,91,05-11-2023,Week-45,Q4,2023,3213.0,2517,2666,46,0.783,Swipe ,Grocery,186.62,0
CUST_08626,Blue,245,0,98,05-11-2023,Week-45,Q4,2023,2596.0,1929,4726,87,0.743,Swipe ,Grocery,992.46,0
CUST_08635,Blue,190,1,79,05-11-2023,Week-45,Q4,2023,17628.0,1414,3991,76,0.08,Chip ,Grocery,518.83,0
CUST_08636,Blue,335,1,75,05-11-2023,Week-45,Q4,2023,5536.0,756,3918,70,0.137,Chip ,Entertainment,587.7,0
CUST_08637,Blue,250,0,77,05-11-2023,Week-45,Q4,2023,33256.0,928,7796,97,0.028,Swipe ,Bills,857.56,0
CUST_08639,Blue,430,1,98,05-11-2023,Week-45,Q4,2023,1854.0,794,4035,80,0.428,Swipe ,Fuel,685.95,0
CUST_08640,Blue,345,0,159,05-11-2023,Week-45,Q4,2023,2644.0,1691,3495,70,0.64,Swipe ,Entertainment,209.7,0
CUST_08654,Blue,195,0,53,05-11-2023,Week-45,Q4,2023,10386.0,1909,2119,52,0.184,Swipe ,Bills,360.23,0
CUST_08657,Blue,245,1,88,05-11-2023,Week-45,Q4,2023,2784.0,2458,4904,81,0.883,Swipe ,Bills,588.48,0
CUST_08659,Blue,325,0,74,05-11-2023,Week-45,Q4,2023,17753.0,1899,3986,64,0.107,Swipe ,Grocery,757.34,0
CUST_08661,Blue,410,0,157,05-11-2023,Week-45,Q4,2023,2946.0,2517,5259,89,0.854,Chip ,Fuel,1051.8,0
CUST_08669,Blue,125,1,53,05-11-2023,Week-45,Q4,2023,10826.0,1274,1355,34,0.118,Swipe ,Bills,135.5,0
CUST_08671,Blue,100,1,50,05-11-2023,Week-45,Q4,2023,5450.0,967,1526,45,0.177,Online ,Bills,381.5,0
CUST_08672,Blue,150,1,52,05-11-2023,Week-45,Q4,2023,7578.0,1794,5328,78,0.237,Chip ,Bills,479.52,0
CUST_08673,Blue,150,0,84,05-11-2023,Week-45,Q4,2023,12287.0,770,4601,65,0.063,Swipe ,Bills,414.09,0
CUST_08675,Blue,295,0,109,05-11-2023,Week-45,Q4,2023,23453.0,0,7555,96,0.0,Swipe ,Entertainment,1284.35,0
CUST_08676,Blue,250,1,113,05-11-2023,Week-45,Q4,2023,1614.0,700,4293,87,0.434,Chip ,Bills,643.95,0
CUST_08682,Blue,300,1,108,05-11-2023,Week-45,Q4,2023,3874.0,460,4921,51,0.119,Swipe ,Food,1279.46,0
CUST_08694,Blue,495,0,89,05-11-2023,Week-45,Q4,2023,30560.0,0,3736,55,0.0,Online ,Grocery,784.56,0
CUST_08697,Blue,390,1,111,05-11-2023,Week-45,Q4,2023,4468.0,2395,4690,79,0.536,Swipe ,Bills,1266.3,0
CUST_08699,Blue,430,0,138,05-11-2023,Week-45,Q4,2023,2329.0,1465,4286,86,0.629,Chip ,Grocery,300.02,0
CUST_08700,Blue,365,1,86,05-11-2023,Week-45,Q4,2023,3573.0,0,2562,36,0.0,Chip ,Grocery,640.5,0
CUST_08704,Blue,225,0,47,05-11-2023,Week-45,Q4,2023,2450.0,1490,3778,64,0.608,Swipe ,Bills,491.14,0
CUST_08705,Blue,300,1,75,05-11-2023,Week-45,Q4,2023,2092.0,1387,1468,30,0.663,Swipe ,Bills,425.72,0
CUST_08708,Blue,125,1,97,05-11-2023,Week-45,Q4,2023,5501.0,0,2050,51,0.0,Chip ,Bills,369.0,0
CUST_08713,Blue,455,1,113,05-11-2023,Week-45,Q4,2023,17165.0,1153,4063,62,0.067,Swipe ,Bills,243.78,0
CUST_08715,Blue,395,0,107,05-11-2023,Week-45,Q4,2023,11909.0,1018,1938,53,0.085,Swipe ,Entertainment,523.26,0
CUST_08719,Blue,245,1,116,05-11-2023,Week-45,Q4,2023,3108.0,778,4130,87,0.25,Swipe ,Food,826.0,1
CUST_08721,Blue,455,1,96,05-11-2023,Week-45,Q4,2023,4065.0,230,7844,64,0.057,Chip ,Travel,1725.68,1
CUST_08723,Silver,250,1,155,05-11-2023,Week-45,Q4,2023,2909.0,1274,1532,26,0.438,Swipe ,Bills,153.2,1
CUST_08729,Blue,100,1,108,05-11-2023,Week-45,Q4,2023,2283.0,1690,4377,64,0.74,Swipe ,Grocery,962.94,0
CUST_08730,Blue,245,0,75,05-11-2023,Week-45,Q4,2023,4433.0,1488,3847,76,0.336,Chip ,Bills,538.58,0
CUST_08731,Blue,375,1,73,05-11-2023,Week-45,Q4,2023,1438.3,0,4459,66,0.0,Swipe ,Grocery,713.44,0
CUST_08739,Blue,195,0,92,05-11-2023,Week-45,Q4,2023,34162.0,1723,7572,56,0.05,Chip ,Entertainment,1665.84,0
CUST_08741,Blue,445,1,86,05-11-2023,Week-45,Q4,2023,34516.0,0,2574,62,0.0,Swipe ,Entertainment,231.66,0
CUST_08745,Blue,415,0,91,05-11-2023,Week-45,Q4,2023,2157.0,1494,4784,69,0.693,Swipe ,Travel,621.92,0
CUST_08748,Blue,150,1,96,05-11-2023,Week-45,Q4,2023,3749.0,1594,7990,89,0.425,Swipe ,Fuel,1997.5,0
CUST_08749,Blue,200,0,156,05-11-2023,Week-45,Q4,2023,2534.0,1706,3965,57,0.673,Swipe ,Travel,237.9,0
CUST_08751,Blue,425,0,109,05-11-2023,Week-45,Q4,2023,2946.0,743,8553,88,0.252,Swipe ,Grocery,1026.36,0
CUST_08753,Blue,350,1,90,05-11-2023,Week-45,Q4,2023,4117.0,777,5218,88,0.189,Chip ,Food,730.52,0
CUST_08760,Blue,110,1,68,05-11-2023,Week-45,Q4,2023,14803.0,985,14426,87,0.067,Swipe ,Food,3895.02,0
CUST_08764,Silver,335,1,101,05-11-2023,Week-45,Q4,2023,12155.0,0,4618,60,0.0,Chip ,Bills,969.78,0
CUST_08765,Blue,470,0,59,05-11-2023,Week-45,Q4,2023,6931.0,1380,4437,64,0.199,Chip ,Entertainment,843.03,0
CUST_08766,Blue,330,0,128,05-11-2023,Week-45,Q4,2023,8902.0,1932,969,29,0.217,Swipe ,Bills,106.59,0
CUST_08769,Blue,365,0,115,05-11-2023,Week-45,Q4,2023,9369.0,1813,7699,101,0.194,Swipe ,Food,846.89,0
CUST_08775,Blue,300,1,78,12-11-2023,Week-46,Q4,2023,2002.0,1448,3406,62,0.723,Online ,Entertainment,783.38,0
CUST_08781,Blue,390,1,77,12-11-2023,Week-46,Q4,2023,1943.0,0,5108,81,0.0,Swipe ,Food,1328.08,0
CUST_08782,Blue,195,1,121,12-11-2023,Week-46,Q4,2023,25045.0,0,3444,52,0.0,Chip ,Travel,929.88,0
CUST_08784,Blue,125,1,44,12-11-2023,Week-46,Q4,2023,1935.0,1033,2498,60,0.534,Swipe ,Travel,574.54,0
CUST_08786,Blue,250,1,89,12-11-2023,Week-46,Q4,2023,4188.0,2200,4911,86,0.525,Swipe ,Bills,1227.75,0
CUST_08791,Blue,245,1,88,12-11-2023,Week-46,Q4,2023,2140.0,0,2915,50,0.0,Chip ,Fuel,612.15,0
CUST_08797,Blue,495,0,80,12-11-2023,Week-46,Q4,2023,8208.0,0,3135,39,0.0,Swipe ,Fuel,846.45,0
CUST_08800,Blue,140,1,141,12-11-2023,Week-46,Q4,2023,2047.0,1196,2180,33,0.584,Swipe ,Fuel,523.2,0
CUST_08804,Blue,200,1,48,12-11-2023,Week-46,Q4,2023,3943.0,1135,4180,82,0.288,Swipe ,Entertainment,1128.6,0
CUST_08805,Blue,435,1,113,12-11-2023,Week-46,Q4,2023,2063.0,1390,2602,42,0.674,Swipe ,Entertainment,416.32,0
CUST_08807,Blue,405,1,81,12-11-2023,Week-46,Q4,2023,19999.0,1007,3183,69,0.05,Online ,Fuel,572.94,0
CUST_08813,Silver,330,1,160,12-11-2023,Week-46,Q4,2023,34516.0,917,14202,114,0.027,Chip ,Travel,994.14,0
CUST_08814,Blue,150,1,114,12-11-2023,Week-46,Q4,2023,26570.0,1915,2118,33,0.072,Swipe ,Fuel,614.22,0
CUST_08815,Blue,290,1,119,12-11-2023,Week-46,Q4,2023,7139.0,1512,14802,112,0.212,Swipe ,Food,3996.54,0
CUST_08817,Blue,295,0,96,12-11-2023,Week-46,Q4,2023,23125.0,1236,2536,69,0.053,Swipe ,Bills,405.76,0
CUST_08823,Blue,250,1,46,12-11-2023,Week-46,Q4,2023,6803.0,1332,1476,30,0.196,Swipe ,Bills,428.04,0
CUST_08825,Blue,470,0,53,12-11-2023,Week-46,Q4,2023,14365.0,0,2290,62,0.0,Swipe ,Bills,458.0,0
CUST_08830,Blue,175,1,139,12-11-2023,Week-46,Q4,2023,2361.0,1342,4316,78,0.568,Swipe ,Grocery,431.6,0
CUST_08832,Blue,450,1,118,12-11-2023,Week-46,Q4,2023,3152.0,1174,13670,117,0.372,Swipe ,Food,3417.5,0
CUST_08835,Blue,250,0,111,12-11-2023,Week-46,Q4,2023,10948.0,482,16230,111,0.044,Chip ,Travel,2272.2,0
CUST_08837,Blue,300,0,117,12-11-2023,Week-46,Q4,2023,3263.0,1522,4288,69,0.466,Chip ,Bills,1114.88,0
CUST_08840,Blue,100,1,111,12-11-2023,Week-46,Q4,2023,2672.0,1259,2487,52,0.471,Swipe ,Travel,572.01,0
CUST_08846,Blue,335,0,96,12-11-2023,Week-46,Q4,2023,4523.0,1841,5112,87,0.407,Swipe ,Entertainment,306.72,0
CUST_08848,Blue,150,0,116,12-11-2023,Week-46,Q4,2023,1438.3,0,3560,67,0.0,Chip ,Travel,818.8,1
CUST_08850,Blue,190,0,80,12-11-2023,Week-46,Q4,2023,2318.0,2069,2689,57,0.893,Swipe ,Bills,161.34,1
CUST_08856,Blue,200,1,127,12-11-2023,Week-46,Q4,2023,9036.0,2327,1131,18,0.258,Swipe ,Travel,147.03,1
CUST_08857,Blue,330,0,115,12-11-2023,Week-46,Q4,2023,2513.0,1126,1454,30,0.448,Swipe ,Travel,101.78,1
CUST_08858,Blue,200,1,120,12-11-2023,Week-46,Q4,2023,24312.0,1932,1341,24,0.079,Swipe ,Travel,308.43,0
CUST_08862,Blue,250,1,94,12-11-2023,Week-46,Q4,2023,2210.0,1539,4937,75,0.696,Swipe ,Bills,938.03,0
CUST_08865,Blue,425,1,79,12-11-2023,Week-46,Q4,2023,19595.0,610,4079,65,0.031,Chip ,Grocery,652.64,0
CUST_08872,Blue,200,0,44,12-11-2023,Week-46,Q4,2023,31782.0,0,4800,53,0.0,Swipe ,Entertainment,960.0,0
CUST_08874,Blue,200,1,70,12-11-2023,Week-46,Q4,2023,34516.0,1658,2935,65,0.048,Swipe ,Grocery,587.0,0
CUST_08877,Blue,175,0,46,12-11-2023,Week-46,Q4,2023,5924.0,1023,3305,80,0.173,Swipe ,Entertainment,495.75,0
CUST_08882,Blue,250,1,103,12-11-2023,Week-46,Q4,2023,2974.0,2090,4297,88,0.703,Chip ,Bills,300.79,0
CUST_08884,Blue,490,0,98,12-11-2023,Week-46,Q4,2023,3416.0,2517,14230,105,0.737,Chip ,Bills,1423.0,0
CUST_08887,Blue,150,0,104,12-11-2023,Week-46,Q4,2023,8241.0,0,4436,79,0.0,Chip ,Entertainment,1197.72,0
CUST_08888,Silver,125,1,97,12-11-2023,Week-46,Q4,2023,34516.0,0,1112,26,0.0,Swipe ,Fuel,100.08,0
CUST_08894,Silver,410,1,83,12-11-2023,Week-46,Q4,2023,13062.0,1731,13609,108,0.133,Chip ,Bills,2449.62,0
CUST_08896,Blue,370,0,114,12-11-2023,Week-46,Q4,2023,3897.0,2296,4627,77,0.589,Swipe ,Grocery,925.4,0
CUST_08898,Blue,225,1,89,12-11-2023,Week-46,Q4,2023,7385.0,1817,5070,50,0.246,Swipe ,Fuel,861.9,0
CUST_08905,Blue,395,1,75,12-11-2023,Week-46,Q4,2023,8426.0,0,14378,103,0.0,Chip ,Entertainment,3450.72,0
CUST_08910,Gold,420,0,88,12-11-2023,Week-46,Q4,2023,34516.0,810,7917,95,0.023,Online ,Entertainment,791.7,0
CUST_08922,Blue,465,0,95,12-11-2023,Week-46,Q4,2023,1438.3,0,4287,80,0.0,Chip ,Grocery,857.4,0
CUST_08926,Blue,200,1,100,12-11-2023,Week-46,Q4,2023,2440.0,1501,4382,88,0.615,Chip ,Fuel,1007.86,0
CUST_08928,Silver,175,0,152,12-11-2023,Week-46,Q4,2023,29974.0,2114,15190,115,0.071,Chip ,Bills,1519.0,0
CUST_08931,Blue,360,0,131,12-11-2023,Week-46,Q4,2023,3228.0,2517,1349,33,0.78,Swipe ,Bills,296.78,0
CUST_08936,Blue,430,1,100,12-11-2023,Week-46,Q4,2023,2481.0,1568,4466,69,0.632,Swipe ,Bills,625.24,0
CUST_08937,Silver,455,0,93,12-11-2023,Week-46,Q4,2023,13432.0,0,4909,50,0.0,Swipe ,Entertainment,441.81,0
CUST_08942,Blue,490,0,75,12-11-2023,Week-46,Q4,2023,2278.0,1303,5101,76,0.572,Online ,Food,306.06,0
CUST_08944,Blue,400,1,106,12-11-2023,Week-46,Q4,2023,15011.0,2517,1821,36,0.168,Chip ,Entertainment,455.25,0
CUST_08947,Blue,455,0,87,12-11-2023,Week-46,Q4,2023,21680.0,1587,4410,86,0.073,Swipe ,Food,793.8,0
CUST_08948,Blue,245,1,87,12-11-2023,Week-46,Q4,2023,2001.0,1430,4509,69,0.715,Swipe ,Bills,766.53,0
CUST_08949,Blue,355,1,118,12-11-2023,Week-46,Q4,2023,4076.0,0,1235,37,0.0,Swipe ,Fuel,358.15,0
CUST_08952,Gold,360,0,83,12-11-2023,Week-46,Q4,2023,23981.0,1684,4141,73,0.07,Swipe ,Food,1035.25,0
CUST_08953,Blue,450,1,81,12-11-2023,Week-46,Q4,2023,9592.0,1968,1821,55,0.205,Swipe ,Bills,437.04,0
CUST_08955,Blue,345,1,120,12-11-2023,Week-46,Q4,2023,13035.0,1285,14585,97,0.099,Chip ,Grocery,2187.75,0
CUST_08956,Blue,175,1,79,12-11-2023,Week-46,Q4,2023,3044.0,1973,4747,73,0.648,Swipe ,Grocery,901.93,0
CUST_08957,Blue,405,1,80,12-11-2023,Week-46,Q4,2023,1817.0,0,2347,45,0.0,Swipe ,Fuel,680.63,0
CUST_08958,Blue,190,1,95,12-11-2023,Week-46,Q4,2023,34516.0,1649,7552,87,0.048,Swipe ,Grocery,906.24,0
CUST_08960,Blue,300,1,140,12-11-2023,Week-46,Q4,2023,10214.0,1433,4493,79,0.14,Swipe ,Bills,718.88,0
CUST_08969,Silver,125,1,87,12-11-2023,Week-46,Q4,2023,15713.0,1387,4775,61,0.088,Swipe ,Fuel,1241.5,0
CUST_08970,Platinum,425,0,94,19-11-2023,Week-47,Q4,2023,34516.0,2070,13781,102,0.06,Online ,Entertainment,2067.15,0
CUST_08974,Blue,290,0,109,19-11-2023,Week-47,Q4,2023,1900.0,0,2880,46,0.0,Swipe ,Bills,835.2,0
CUST_08977,Blue,125,1,83,19-11-2023,Week-47,Q4,2023,1484.0,0,4838,81,0.0,Swipe ,Bills,435.42,0
CUST_08981,Blue,420,1,113,19-11-2023,Week-47,Q4,2023,3485.0,1465,4776,87,0.42,Swipe ,Food,764.16,0
CUST_08983,Blue,175,1,109,19-11-2023,Week-47,Q4,2023,12208.0,1980,1409,34,0.162,Swipe ,Bills,140.9,0
CUST_08984,Blue,245,0,65,19-11-2023,Week-47,Q4,2023,4419.0,1218,4535,75,0.276,Swipe ,Bills,453.5,0
CUST_08987,Blue,465,1,114,19-11-2023,Week-47,Q4,2023,2560.0,1430,4783,86,0.559,Chip ,Grocery,430.47,0
CUST_08992,Silver,430,1,115,19-11-2023,Week-47,Q4,2023,17894.0,2517,15305,111,0.141,Chip ,Food,4438.45,0
CUST_08996,Blue,125,1,108,19-11-2023,Week-47,Q4,2023,7189.0,1550,1935,52,0.216,Swipe ,Bills,425.7,0
CUST_08999,Blue,330,1,113,19-11-2023,Week-47,Q4,2023,2210.0,1624,1287,37,0.735,Swipe ,Entertainment,347.49,0
CUST_09001,Blue,140,1,71,19-11-2023,Week-47,Q4,2023,3238.0,2146,1501,45,0.663,Swipe ,Entertainment,225.15,0
CUST_09011,Blue,250,1,76,19-11-2023,Week-47,Q4,2023,5494.0,2078,2661,58,0.378,Swipe ,Grocery,159.66,0
CUST_09012,Blue,175,0,87,19-11-2023,Week-47,Q4,2023,2156.0,1208,1345,28,0.56,Swipe ,Entertainment,134.5,0
CUST_09019,Blue,300,0,107,19-11-2023,Week-47,Q4,2023,9106.0,975,3863,74,0.107,Chip ,Grocery,849.86,0
CUST_09021,Blue,370,1,119,19-11-2023,Week-47,Q4,2023,1438.3,0,3630,71,0.0,Swipe ,Bills,726.0,0
CUST_09022,Gold,190,1,74,19-11-2023,Week-47,Q4,2023,12918.0,1345,1562,33,0.104,Swipe ,Entertainment,109.34,0
CUST_09023,Blue,300,1,109,19-11-2023,Week-47,Q4,2023,4207.0,1556,15312,122,0.37,Chip ,Fuel,3215.52,0
CUST_09024,Blue,375,0,89,19-11-2023,Week-47,Q4,2023,2154.0,930,1439,26,0.432,Swipe ,Bills,316.58,0
CUST_09025,Blue,270,1,102,19-11-2023,Week-47,Q4,2023,5930.0,0,2041,32,0.0,Swipe ,Fuel,204.1,0
CUST_09027,Blue,150,1,166,19-11-2023,Week-47,Q4,2023,1707.0,989,3935,76,0.579,Online ,Entertainment,1062.45,0
CUST_09031,Blue,325,1,106,19-11-2023,Week-47,Q4,2023,10514.0,1494,4949,76,0.142,Swipe ,Entertainment,593.88,0
CUST_09033,Blue,450,1,117,19-11-2023,Week-47,Q4,2023,4409.0,1753,4292,76,0.398,Swipe ,Food,515.04,1
CUST_09036,Blue,420,0,78,19-11-2023,Week-47,Q4,2023,10144.0,1295,1234,24,0.128,Swipe ,Bills,160.42,1
CUST_09049,Blue,460,0,72,19-11-2023,Week-47,Q4,2023,30622.0,0,3600,66,0.0,Swipe ,Grocery,612.0,0
CUST_09050,Blue,350,0,107,19-11-2023,Week-47,Q4,2023,25737.0,1168,7722,94,0.045,Swipe ,Fuel,463.32,0
CUST_09053,Blue,285,0,108,19-11-2023,Week-47,Q4,2023,1681.0,0,5416,82,0.0,Swipe ,Entertainment,1029.04,0
CUST_09058,Blue,125,1,100,19-11-2023,Week-47,Q4,2023,2456.0,1654,4468,84,0.673,Swipe ,Food,938.28,0
CUST_09059,Blue,330,1,58,19-11-2023,Week-47,Q4,2023,3104.0,1791,4006,76,0.577,Swipe ,Food,320.48,0
CUST_09064,Blue,450,0,132,19-11-2023,Week-47,Q4,2023,1643.0,0,1754,39,0.0,Swipe ,Grocery,420.96,0
CUST_09068,Blue,375,1,109,19-11-2023,Week-47,Q4,2023,3981.0,0,14340,114,0.0,Chip ,Entertainment,3298.2,0
CUST_09071,Blue,250,0,88,19-11-2023,Week-47,Q4,2023,3232.0,824,3915,74,0.255,Chip ,Entertainment,626.4,0
CUST_09073,Silver,220,1,81,19-11-2023,Week-47,Q4,2023,16290.0,0,4232,79,0.0,Online ,Entertainment,973.36,0
CUST_09076,Blue,395,1,83,19-11-2023,Week-47,Q4,2023,2576.0,1754,2880,69,0.681,Swipe ,Fuel,547.2,0
CUST_09082,Blue,425,1,107,19-11-2023,Week-47,Q4,2023,14840.0,2043,16256,111,0.138,Chip ,Travel,2438.4,0
CUST_09083,Blue,150,1,111,19-11-2023,Week-47,Q4,2023,27858.0,1314,1772,53,0.047,Swipe ,Entertainment,106.32,0
CUST_09086,Blue,225,1,90,19-11-2023,Week-47,Q4,2023,7222.0,0,920,18,0.0,Swipe ,Bills,230.0,0
CUST_09096,Blue,140,1,94,19-11-2023,Week-47,Q4,2023,15594.0,0,4745,75,0.0,Chip ,Grocery,1233.7,0
CUST_09100,Blue,175,1,120,19-11-2023,Week-47,Q4,2023,1438.3,0,4596,71,0.0,Swipe ,Entertainment,1011.12,0
CUST_09102,Blue,400,1,80,19-11-2023,Week-47,Q4,2023,7949.0,1514,3355,58,0.19,Swipe ,Bills,972.95,0
CUST_09111,Blue,125,1,109,19-11-2023,Week-47,Q4,2023,3595.0,1087,4534,71,0.302,Swipe ,Fuel,589.42,0
CUST_09113,Blue,250,0,84,19-11-2023,Week-47,Q4,2023,2694.0,0,2684,38,0.0,Chip ,Entertainment,563.64,0
CUST_09114,Blue,125,0,119,19-11-2023,Week-47,Q4,2023,3709.0,1197,5557,82,0.323,Swipe ,Food,444.56,0
CUST_09115,Blue,200,0,139,19-11-2023,Week-47,Q4,2023,8283.0,1444,7553,104,0.174,Swipe ,Fuel,1208.48,0
CUST_09121,Blue,425,0,115,19-11-2023,Week-47,Q4,2023,3318.0,927,3011,83,0.279,Swipe ,Fuel,361.32,0
CUST_09122,Blue,100,0,98,19-11-2023,Week-47,Q4,2023,26496.0,1406,3691,75,0.053,Chip ,Entertainment,406.01,0
CUST_09128,Blue,475,1,109,19-11-2023,Week-47,Q4,2023,1586.0,1038,1724,24,0.654,Swipe ,Entertainment,344.8,0
CUST_09129,Blue,300,1,84,19-11-2023,Week-47,Q4,2023,4150.0,2517,4620,76,0.607,Swipe ,Grocery,1293.6,0
CUST_09133,Blue,480,1,117,19-11-2023,Week-47,Q4,2023,7165.0,2037,3553,78,0.284,Swipe ,Bills,923.78,0
CUST_09134,Blue,280,1,74,19-11-2023,Week-47,Q4,2023,2194.0,1512,4069,80,0.689,Chip ,Bills,447.59,0
CUST_09142,Blue,245,0,95,19-11-2023,Week-47,Q4,2023,1438.3,1162,4598,86,0.808,Swipe ,Bills,367.84,0
CUST_09144,Silver,150,0,130,19-11-2023,Week-47,Q4,2023,34516.0,1294,13845,120,0.037,Chip ,Travel,1799.85,0
CUST_09145,Blue,175,0,111,19-11-2023,Week-47,Q4,2023,11467.0,1146,14373,97,0.1,Swipe ,Grocery,1006.11,0
CUST_09146,Blue,410,1,111,19-11-2023,Week-47,Q4,2023,3133.0,1510,1435,38,0.482,Swipe ,Fuel,86.1,0
CUST_09151,Blue,345,1,87,19-11-2023,Week-47,Q4,2023,7115.0,2000,3584,57,0.281,Swipe ,Grocery,716.8,0
CUST_09153,Blue,245,0,77,19-11-2023,Week-47,Q4,2023,2515.0,1453,4025,74,0.578,Swipe ,Entertainment,442.75,0
CUST_09154,Blue,285,1,77,19-11-2023,Week-47,Q4,2023,3370.0,1133,4726,86,0.336,Swipe ,Bills,1323.28,0
CUST_09156,Blue,110,0,86,19-11-2023,Week-47,Q4,2023,1438.3,0,3044,91,0.0,Swipe ,Fuel,608.8,0
CUST_09157,Blue,125,1,85,19-11-2023,Week-47,Q4,2023,3263.0,1674,1251,35,0.513,Swipe ,Bills,350.28,0
CUST_09159,Blue,225,1,158,19-11-2023,Week-47,Q4,2023,4109.0,0,8642,77,0.0,Swipe ,Bills,691.36,0
CUST_09160,Blue,175,0,110,19-11-2023,Week-47,Q4,2023,2191.0,1414,3967,76,0.645,Chip ,Entertainment,1150.43,0
CUST_09167,Blue,325,1,104,26-11-2023,Week-48,Q4,2023,3545.0,1446,3691,69,0.408,Chip ,Food,295.28,0
CUST_09169,Blue,370,1,71,26-11-2023,Week-48,Q4,2023,4860.0,1772,4329,80,0.365,Chip ,Food,346.32,0
CUST_09170,Blue,245,0,77,26-11-2023,Week-48,Q4,2023,4466.0,777,1757,59,0.174,Swipe ,Entertainment,509.53,0
CUST_09186,Blue,350,1,113,26-11-2023,Week-48,Q4,2023,1438.3,0,4833,69,0.0,Swipe ,Entertainment,966.6,0
CUST_09187,Blue,295,0,118,26-11-2023,Week-48,Q4,2023,10648.0,2517,4930,89,0.236,Swipe ,Grocery,295.8,0
CUST_09190,Blue,295,1,166,26-11-2023,Week-48,Q4,2023,3880.0,2517,3163,65,0.649,Swipe ,Bills,917.27,0
CUST_09191,Blue,175,1,100,26-11-2023,Week-48,Q4,2023,8990.0,0,747,19,0.0,Swipe ,Entertainment,134.46,0
CUST_09196,Blue,175,0,79,26-11-2023,Week-48,Q4,2023,2760.0,0,1759,34,0.0,Online ,Grocery,510.11,0
CUST_09199,Silver,125,1,161,26-11-2023,Week-48,Q4,2023,8147.0,1750,14912,114,0.215,Swipe ,Bills,2087.68,0
CUST_09206,Blue,245,1,69,26-11-2023,Week-48,Q4,2023,2055.0,0,3656,63,0.0,Swipe ,Grocery,987.12,0
CUST_09207,Blue,125,0,165,26-11-2023,Week-48,Q4,2023,2384.0,1919,3512,50,0.805,Swipe ,Grocery,842.88,0
CUST_09210,Blue,175,1,132,26-11-2023,Week-48,Q4,2023,1517.0,556,4981,82,0.367,Online ,Food,1344.87,0
CUST_09216,Blue,125,0,84,26-11-2023,Week-48,Q4,2023,2458.0,0,3377,54,0.0,Swipe ,Entertainment,236.39,0
CUST_09220,Blue,245,1,84,26-11-2023,Week-48,Q4,2023,2540.0,1859,4480,80,0.732,Swipe ,Food,806.4,0
CUST_09224,Blue,270,1,111,26-11-2023,Week-48,Q4,2023,10873.0,1514,5089,82,0.139,Swipe ,Bills,407.12,0
CUST_09227,Blue,300,1,72,26-11-2023,Week-48,Q4,2023,11538.0,0,1926,53,0.0,Swipe ,Fuel,211.86,0
CUST_09229,Blue,470,0,86,26-11-2023,Week-48,Q4,2023,12169.0,1935,1599,38,0.159,Swipe ,Fuel,191.88,0
CUST_09233,Silver,220,0,99,26-11-2023,Week-48,Q4,2023,14806.0,2517,4804,57,0.17,Swipe ,Bills,816.68,0
CUST_09234,Blue,450,0,90,26-11-2023,Week-48,Q4,2023,3351.0,1474,4294,66,0.44,Swipe ,Bills,901.74,0
CUST_09238,Blue,125,0,88,26-11-2023,Week-48,Q4,2023,5668.0,2517,3382,56,0.444,Chip ,Entertainment,744.04,1
CUST_09246,Silver,125,1,100,26-11-2023,Week-48,Q4,2023,34516.0,657,4614,76,0.019,Swipe ,Entertainment,876.66,1
CUST_09247,Blue,365,0,80,26-11-2023,Week-48,Q4,2023,9974.0,2185,4680,87,0.219,Swipe ,Grocery,936.0,1
CUST_09248,Blue,245,1,105,26-11-2023,Week-48,Q4,2023,20701.0,2517,14374,113,0.122,Chip ,Bills,3593.5,1
CUST_09250,Blue,475,1,115,26-11-2023,Week-48,Q4,2023,1438.3,0,594,14,0.0,Swipe ,Bills,59.4,0
CUST_09252,Blue,385,0,102,26-11-2023,Week-48,Q4,2023,13882.0,758,1646,42,0.055,Swipe ,Bills,263.36,0
CUST_09253,Blue,475,0,71,26-11-2023,Week-48,Q4,2023,2092.0,1575,5124,70,0.753,Online ,Fuel,614.88,0
CUST_09262,Blue,300,0,70,26-11-2023,Week-48,Q4,2023,1721.0,1355,4474,58,0.787,Swipe ,Food,850.06,0
CUST_09264,Blue,175,1,118,26-11-2023,Week-48,Q4,2023,2516.0,1486,3987,77,0.591,Swipe ,Entertainment,318.96,0
CUST_09265,Blue,125,1,93,26-11-2023,Week-48,Q4,2023,15904.0,1024,1433,33,0.064,Swipe ,Entertainment,415.57,0
CUST_09266,Blue,295,1,88,26-11-2023,Week-48,Q4,2023,19074.0,0,3762,74,0.0,Swipe ,Fuel,790.02,0
CUST_09271,Silver,365,1,110,26-11-2023,Week-48,Q4,2023,13399.0,1456,16493,122,0.109,Chip ,Grocery,2309.02,0
CUST_09272,Blue,300,1,105,26-11-2023,Week-48,Q4,2023,17934.0,1578,2005,48,0.088,Swipe ,Bills,320.8,0
CUST_09280,Blue,100,1,69,26-11-2023,Week-48,Q4,2023,10215.0,1010,1904,40,0.099,Swipe ,Travel,380.8,0
CUST_09281,Blue,275,0,100,26-11-2023,Week-48,Q4,2023,2593.0,1660,1974,33,0.64,Swipe ,Grocery,513.24,0
CUST_09283,Blue,150,1,70,26-11-2023,Week-48,Q4,2023,7882.0,1101,14651,120,0.14,Chip ,Travel,4248.79,0
CUST_09286,Blue,270,0,88,26-11-2023,Week-48,Q4,2023,7084.0,0,2287,44,0.0,Swipe ,Entertainment,457.4,1
CUST_09290,Blue,150,0,112,26-11-2023,Week-48,Q4,2023,7000.0,2517,1112,23,0.36,Swipe ,Bills,100.08,1
CUST_09291,Blue,250,1,97,26-11-2023,Week-48,Q4,2023,6510.0,2055,2238,49,0.316,Swipe ,Bills,134.28,1
CUST_09293,Blue,200,1,113,26-11-2023,Week-48,Q4,2023,8738.0,1172,3121,60,0.134,Chip ,Food,561.78,1
CUST_09294,Blue,355,0,116,26-11-2023,Week-48,Q4,2023,3397.0,1962,3295,66,0.578,Swipe ,Entertainment,461.3,0
CUST_09304,Blue,380,1,67,26-11-2023,Week-48,Q4,2023,24621.0,471,2864,51,0.019,Chip ,Fuel,372.32,0
CUST_09306,Blue,480,0,157,26-11-2023,Week-48,Q4,2023,16611.0,0,1960,48,0.0,Swipe ,Travel,490.0,0
CUST_09307,Blue,190,0,86,26-11-2023,Week-48,Q4,2023,1564.0,0,4018,69,0.0,Swipe ,Entertainment,1084.86,0
CUST_09309,Blue,290,1,96,26-11-2023,Week-48,Q4,2023,11250.0,0,4514,70,0.0,Swipe ,Fuel,1038.22,0
CUST_09312,Blue,125,0,109,26-11-2023,Week-48,Q4,2023,1626.0,979,2847,61,0.602,Swipe ,Fuel,654.81,0
CUST_09313,Blue,200,0,104,26-11-2023,Week-48,Q4,2023,7599.0,1100,4401,71,0.145,Swipe ,Entertainment,1012.23,0
CUST_09314,Blue,370,0,85,26-11-2023,Week-48,Q4,2023,8018.0,134,2409,38,0.017,Chip ,Bills,433.62,0
CUST_09315,Blue,460,1,85,26-11-2023,Week-48,Q4,2023,2507.0,1592,4355,79,0.635,Swipe ,Grocery,304.85,0
CUST_09316,Blue,290,1,109,26-11-2023,Week-48,Q4,2023,13984.0,632,4727,83,0.045,Swipe ,Entertainment,945.4,0
CUST_09318,Blue,300,1,117,26-11-2023,Week-48,Q4,2023,4010.0,2517,14354,101,0.628,Swipe ,Grocery,3732.04,0
CUST_09322,Blue,200,0,93,26-11-2023,Week-48,Q4,2023,8769.0,1314,3817,60,0.15,Swipe ,Bills,534.38,0
CUST_09323,Blue,280,1,90,26-11-2023,Week-48,Q4,2023,11086.0,2207,1523,40,0.199,Swipe ,Bills,395.98,0
CUST_09325,Blue,485,1,133,26-11-2023,Week-48,Q4,2023,2791.0,2396,2658,43,0.858,Swipe ,Grocery,558.18,0
CUST_09327,Blue,455,1,52,26-11-2023,Week-48,Q4,2023,20979.0,1800,1178,27,0.086,Swipe ,Travel,294.5,0
CUST_09330,Blue,350,1,111,26-11-2023,Week-48,Q4,2023,1780.0,893,4630,73,0.502,Swipe ,Food,1342.7,0
CUST_09337,Blue,125,1,64,26-11-2023,Week-48,Q4,2023,7030.0,994,3211,69,0.141,Swipe ,Grocery,513.76,0
CUST_09342,Blue,175,0,109,26-11-2023,Week-48,Q4,2023,2544.0,1713,8006,88,0.673,Swipe ,Food,1120.84,0
CUST_09343,Blue,410,0,70,26-11-2023,Week-48,Q4,2023,2909.0,2085,5154,80,0.717,Chip ,Bills,1443.12,0
CUST_09353,Blue,175,0,43,26-11-2023,Week-48,Q4,2023,16476.0,1374,4717,71,0.083,Chip ,Fuel,660.38,0
CUST_09357,Blue,245,0,74,26-11-2023,Week-48,Q4,2023,1438.3,0,3942,78,0.0,Swipe ,Fuel,512.46,0
CUST_09358,Blue,405,1,71,26-11-2023,Week-48,Q4,2023,4047.0,0,2134,34,0.0,Swipe ,Entertainment,128.04,0
CUST_09376,Blue,445,1,150,03-12-2023,Week-49,Q4,2023,2319.0,1630,3739,68,0.703,Swipe ,Entertainment,336.51,0
CUST_09378,Blue,430,0,80,03-12-2023,Week-49,Q4,2023,20437.0,1020,4166,66,0.05,Swipe ,Bills,1041.5,0
CUST_09383,Blue,200,1,106,03-12-2023,Week-49,Q4,2023,9104.0,145,2563,34,0.016,Swipe ,Fuel,538.23,0
CUST_09390,Blue,125,1,97,03-12-2023,Week-49,Q4,2023,5317.0,0,2003,29,0.0,Swipe ,Grocery,520.78,0
CUST_09395,Blue,250,0,85,03-12-2023,Week-49,Q4,2023,6602.0,0,4479,82,0.0,Swipe ,Bills,761.43,0
CUST_09396,Blue,125,0,49,03-12-2023,Week-49,Q4,2023,1791.0,0,2771,36,0.0,Swipe ,Travel,554.2,0
CUST_09402,Blue,375,1,84,03-12-2023,Week-49,Q4,2023,7659.0,1698,15860,105,0.222,Chip ,Grocery,1586.0,0
CUST_09408,Blue,175,1,78,03-12-2023,Week-49,Q4,2023,29227.0,1151,8420,100,0.039,Swipe ,Bills,1347.2,0
CUST_09412,Blue,325,1,103,03-12-2023,Week-49,Q4,2023,4235.0,1675,3862,76,0.396,Chip ,Food,1004.12,0
CUST_09416,Blue,360,1,69,03-12-2023,Week-49,Q4,2023,4540.0,2517,4804,66,0.554,Swipe ,Grocery,576.48,0
CUST_09431,Blue,445,1,116,03-12-2023,Week-49,Q4,2023,2346.0,2150,4592,90,0.916,Swipe ,Fuel,688.8,0
CUST_09433,Blue,150,0,99,03-12-2023,Week-49,Q4,2023,2275.0,1219,4807,72,0.536,Swipe ,Entertainment,1249.82,0
CUST_09434,Gold,150,0,89,03-12-2023,Week-49,Q4,2023,15987.0,1372,15058,109,0.086,Chip ,Grocery,2258.7,0
CUST_09438,Blue,435,1,95,03-12-2023,Week-49,Q4,2023,3540.0,1173,1912,45,0.331,Swipe ,Bills,420.64,0
CUST_09441,Blue,95,1,81,03-12-2023,Week-49,Q4,2023,2021.0,1182,4209,77,0.585,Swipe ,Food,968.07,0
CUST_09447,Blue,100,0,54,03-12-2023,Week-49,Q4,2023,3881.0,0,4177,66,0.0,Chip ,Food,626.55,0
CUST_09448,Blue,445,1,87,03-12-2023,Week-49,Q4,2023,1521.0,0,4880,79,0.0,Swipe ,Bills,390.4,0
CUST_09450,Blue,125,1,90,03-12-2023,Week-49,Q4,2023,2069.0,550,2716,43,0.266,Swipe ,Entertainment,706.16,0
CUST_09456,Blue,150,1,81,03-12-2023,Week-49,Q4,2023,11358.0,1425,14327,92,0.125,Swipe ,Food,859.62,0
CUST_09459,Blue,125,1,172,03-12-2023,Week-49,Q4,2023,1761.0,1249,4410,73,0.709,Chip ,Food,1058.4,0
CUST_09460,Silver,320,0,160,03-12-2023,Week-49,Q4,2023,16268.0,817,13969,120,0.05,Chip ,Travel,2374.73,0
CUST_09461,Silver,110,1,66,03-12-2023,Week-49,Q4,2023,34516.0,0,1626,28,0.0,Chip ,Food,390.24,0
CUST_09462,Blue,385,0,110,03-12-2023,Week-49,Q4,2023,18206.0,1586,1439,48,0.087,Swipe ,Travel,86.34,0
CUST_09470,Blue,405,1,113,03-12-2023,Week-49,Q4,2023,12893.0,1620,2300,60,0.126,Swipe ,Travel,437.0,0
CUST_09472,Blue,290,0,73,03-12-2023,Week-49,Q4,2023,8086.0,0,4775,78,0.0,Swipe ,Fuel,1002.75,0
CUST_09495,Blue,250,0,93,03-12-2023,Week-49,Q4,2023,2215.0,1915,1270,27,0.865,Swipe ,Bills,88.9,0
CUST_09498,Blue,370,1,81,03-12-2023,Week-49,Q4,2023,29638.0,857,3429,78,0.029,Chip ,Entertainment,342.9,0
CUST_09503,Blue,95,1,63,03-12-2023,Week-49,Q4,2023,2016.0,395,2473,44,0.196,Chip ,Bills,544.06,0
CUST_09504,Blue,290,1,63,03-12-2023,Week-49,Q4,2023,4123.0,1760,2447,40,0.427,Chip ,Bills,367.05,0
CUST_09505,Blue,175,1,111,03-12-2023,Week-49,Q4,2023,2557.0,1898,4808,83,0.742,Swipe ,Fuel,336.56,0
CUST_09510,Blue,300,0,82,03-12-2023,Week-49,Q4,2023,1532.0,1183,4359,78,0.772,Swipe ,Bills,871.8,0
CUST_09514,Blue,125,0,66,03-12-2023,Week-49,Q4,2023,5881.0,2005,1931,56,0.341,Swipe ,Entertainment,386.2,0
CUST_09516,Blue,490,0,96,03-12-2023,Week-49,Q4,2023,22399.0,1431,2390,62,0.064,Swipe ,Travel,167.3,0
CUST_09517,Blue,245,1,109,03-12-2023,Week-49,Q4,2023,3339.0,0,2432,48,0.0,Chip ,Bills,340.48,0
CUST_09521,Blue,200,0,95,03-12-2023,Week-49,Q4,2023,26516.0,1434,3609,76,0.054,Swipe ,Grocery,1046.61,0
CUST_09522,Blue,125,1,96,03-12-2023,Week-49,Q4,2023,2600.0,1876,2625,45,0.722,Swipe ,Fuel,735.0,0
CUST_09524,Blue,300,0,73,03-12-2023,Week-49,Q4,2023,1488.0,755,4451,65,0.507,Chip ,Entertainment,534.12,0
CUST_09540,Blue,110,0,88,03-12-2023,Week-49,Q4,2023,1466.0,723,5110,86,0.493,Swipe ,Bills,562.1,0
CUST_09548,Blue,300,0,85,03-12-2023,Week-49,Q4,2023,2430.0,1657,8444,100,0.682,Swipe ,Grocery,1773.24,0
CUST_09550,Blue,370,1,113,03-12-2023,Week-49,Q4,2023,3536.0,0,3281,39,0.0,Swipe ,Food,590.58,0
CUST_09551,Blue,200,0,94,03-12-2023,Week-49,Q4,2023,1438.3,0,2207,41,0.0,Swipe ,Grocery,419.33,0
CUST_09553,Blue,150,1,98,03-12-2023,Week-49,Q4,2023,2094.0,0,2690,46,0.0,Swipe ,Fuel,457.3,0
CUST_09555,Blue,405,1,102,10-12-2023,Week-50,Q4,2023,1438.3,0,2660,89,0.0,Swipe ,Entertainment,691.6,0
CUST_09565,Blue,150,1,42,10-12-2023,Week-50,Q4,2023,4489.0,2498,2153,58,0.556,Swipe ,Travel,387.54,0
CUST_09572,Blue,300,1,95,10-12-2023,Week-50,Q4,2023,4086.0,1974,7932,87,0.483,Swipe ,Fuel,1665.72,0
CUST_09576,Blue,250,1,120,10-12-2023,Week-50,Q4,2023,2793.0,1661,3247,69,0.595,Chip ,Fuel,746.81,1
CUST_09578,Blue,200,1,126,10-12-2023,Week-50,Q4,2023,34516.0,278,3029,49,0.008,Swipe ,Bills,424.06,1
CUST_09579,Blue,200,1,136,10-12-2023,Week-50,Q4,2023,31091.0,966,14565,108,0.031,Chip ,Grocery,1019.55,1
CUST_09581,Blue,200,0,120,10-12-2023,Week-50,Q4,2023,6500.0,1786,1497,27,0.275,Swipe ,Bills,164.67,1
CUST_09582,Blue,300,0,105,10-12-2023,Week-50,Q4,2023,2267.0,1469,3709,64,0.648,Swipe ,Bills,667.62,1
CUST_09583,Blue,280,1,88,10-12-2023,Week-50,Q4,2023,2900.0,1782,4686,64,0.614,Swipe ,Bills,1124.64,1
CUST_09594,Blue,290,1,56,10-12-2023,Week-50,Q4,2023,1438.3,673,2167,48,0.468,Swipe ,Fuel,498.41,0
CUST_09595,Blue,440,1,55,10-12-2023,Week-50,Q4,2023,1438.3,0,2132,31,0.0,Swipe ,Entertainment,405.08,0
CUST_09600,Blue,200,0,110,10-12-2023,Week-50,Q4,2023,2667.0,0,4399,54,0.0,Swipe ,Bills,1231.72,0
CUST_09601,Blue,355,1,86,10-12-2023,Week-50,Q4,2023,1438.3,0,4670,82,0.0,Chip ,Entertainment,980.7,0
CUST_09605,Blue,380,1,80,10-12-2023,Week-50,Q4,2023,2874.0,0,4617,89,0.0,Chip ,Grocery,923.4,0
CUST_09611,Blue,150,0,81,10-12-2023,Week-50,Q4,2023,8969.0,1226,2568,59,0.137,Online ,Entertainment,179.76,0
CUST_09612,Blue,480,1,130,10-12-2023,Week-50,Q4,2023,1701.0,775,4471,71,0.456,Swipe ,Food,625.94,0
CUST_09614,Blue,125,0,87,10-12-2023,Week-50,Q4,2023,1864.0,1384,1662,32,0.742,Swipe ,Travel,299.16,0
CUST_09616,Blue,400,1,116,10-12-2023,Week-50,Q4,2023,3119.0,2517,2492,50,0.807,Swipe ,Bills,373.8,0
CUST_09618,Blue,250,0,77,10-12-2023,Week-50,Q4,2023,3914.0,1683,4242,64,0.43,Swipe ,Food,1102.92,0
CUST_09622,Blue,495,1,120,10-12-2023,Week-50,Q4,2023,5335.0,1373,1435,29,0.257,Swipe ,Entertainment,243.95,0
CUST_09625,Blue,435,0,71,10-12-2023,Week-50,Q4,2023,27310.0,0,1537,41,0.0,Swipe ,Fuel,368.88,0
CUST_09630,Blue,390,0,91,10-12-2023,Week-50,Q4,2023,15370.0,686,4106,71,0.045,Swipe ,Fuel,698.02,0
CUST_09635,Blue,100,0,160,10-12-2023,Week-50,Q4,2023,2271.0,2154,4150,69,0.948,Swipe ,Bills,622.5,0
CUST_09640,Blue,320,0,103,10-12-2023,Week-50,Q4,2023,2493.0,1655,4473,76,0.664,Swipe ,Food,402.57,0
CUST_09641,Blue,390,1,58,10-12-2023,Week-50,Q4,2023,6453.0,0,4822,74,0.0,Swipe ,Grocery,675.08,0
CUST_09643,Blue,250,1,52,10-12-2023,Week-50,Q4,2023,7924.0,2517,2393,37,0.318,Chip ,Bills,598.25,0
CUST_09646,Blue,380,1,112,10-12-2023,Week-50,Q4,2023,3680.0,683,4835,77,0.186,Swipe ,Entertainment,870.3,0
CUST_09653,Blue,300,0,151,10-12-2023,Week-50,Q4,2023,6551.0,1718,13363,99,0.262,Swipe ,Fuel,2672.6,0
CUST_09654,Blue,100,1,119,10-12-2023,Week-50,Q4,2023,10882.0,2517,1861,46,0.231,Swipe ,Fuel,353.59,0
CUST_09662,Blue,470,0,106,10-12-2023,Week-50,Q4,2023,2228.0,1717,2334,61,0.771,Swipe ,Entertainment,653.52,0
CUST_09667,Silver,300,1,54,10-12-2023,Week-50,Q4,2023,34516.0,2361,1853,36,0.068,Chip ,Bills,444.72,0
CUST_09679,Blue,375,0,88,10-12-2023,Week-50,Q4,2023,1867.0,1478,4097,70,0.792,Chip ,Entertainment,983.28,0
CUST_09680,Blue,275,1,158,10-12-2023,Week-50,Q4,2023,2866.0,921,4615,72,0.321,Chip ,Grocery,692.25,0
CUST_09682,Silver,375,0,96,10-12-2023,Week-50,Q4,2023,12518.0,1722,14276,96,0.138,Swipe ,Bills,856.56,0
CUST_09685,Silver,190,1,106,10-12-2023,Week-50,Q4,2023,34516.0,0,3722,72,0.0,Chip ,Bills,893.28,0
CUST_09686,Blue,440,0,112,10-12-2023,Week-50,Q4,2023,1438.3,0,4869,66,0.0,Chip ,Grocery,292.14,0
CUST_09697,Blue,365,1,120,10-12-2023,Week-50,Q4,2023,6263.0,2517,2613,50,0.402,Chip ,Grocery,600.99,0
CUST_09698,Blue,200,0,107,10-12-2023,Week-50,Q4,2023,6184.0,0,1712,27,0.0,Swipe ,Fuel,136.96,0
CUST_09700,Blue,425,0,110,10-12-2023,Week-50,Q4,2023,8259.0,1182,7957,88,0.143,Swipe ,Entertainment,2148.39,0
CUST_09706,Blue,150,0,103,10-12-2023,Week-50,Q4,2023,1976.0,0,4424,73,0.0,Swipe ,Entertainment,486.64,0
CUST_09723,Blue,400,1,72,10-12-2023,Week-50,Q4,2023,1687.0,992,4342,82,0.588,Chip ,Food,1085.5,0
CUST_09724,Blue,495,1,40,10-12-2023,Week-50,Q4,2023,2019.0,1380,2005,62,0.684,Swipe ,Entertainment,240.6,0
CUST_09725,Blue,200,1,99,10-12-2023,Week-50,Q4,2023,11710.0,693,1749,50,0.059,Swipe ,Bills,227.37,0
CUST_09727,Blue,140,0,103,10-12-2023,Week-50,Q4,2023,32409.0,0,4218,66,0.0,Chip ,Food,632.7,0
CUST_09733,Silver,200,1,91,10-12-2023,Week-50,Q4,2023,34516.0,1793,4533,78,0.052,Swipe ,Bills,861.27,0
CUST_09736,Blue,195,1,100,10-12-2023,Week-50,Q4,2023,1438.3,0,1495,39,0.0,Swipe ,Fuel,194.35,0
CUST_09742,Blue,110,1,91,10-12-2023,Week-50,Q4,2023,10264.0,803,4003,74,0.078,Online ,Fuel,600.45,0
CUST_09744,Blue,405,0,95,10-12-2023,Week-50,Q4,2023,6885.0,1611,3804,67,0.234,Chip ,Fuel,1065.12,0
CUST_09745,Silver,440,1,67,10-12-2023,Week-50,Q4,2023,6933.0,1870,15585,115,0.27,Chip ,Fuel,3117.0,0
CUST_09751,Blue,125,0,76,17-12-2023,Week-51,Q4,2023,14266.0,1341,1625,34,0.094,Swipe ,Fuel,178.75,0
CUST_09752,Blue,250,0,47,17-12-2023,Week-51,Q4,2023,8082.0,2307,1725,29,0.285,Swipe ,Entertainment,293.25,0
CUST_09757,Blue,375,1,108,17-12-2023,Week-51,Q4,2023,4970.0,1591,5023,78,0.32,Swipe ,Food,1105.06,0
CUST_09764,Blue,285,0,108,17-12-2023,Week-51,Q4,2023,5814.0,1176,3796,74,0.202,Swipe ,Fuel,1062.88,0
CUST_09770,Blue,380,0,116,17-12-2023,Week-51,Q4,2023,1438.3,737,2856,39,0.512,Swipe ,Entertainment,514.08,0
CUST_09787,Silver,200,1,97,17-12-2023,Week-51,Q4,2023,19534.0,0,15634,118,0.0,Swipe ,Food,3908.5,0
CUST_09792,Blue,140,1,83,17-12-2023,Week-51,Q4,2023,27347.0,719,4040,77,0.026,Swipe ,Fuel,444.4,0
CUST_09796,Blue,100,1,116,17-12-2023,Week-51,Q4,2023,2550.0,1421,8063,72,0.557,Swipe ,Bills,806.3,0
CUST_09800,Blue,125,0,64,17-12-2023,Week-51,Q4,2023,4882.0,695,1544,44,0.142,Swipe ,Food,401.44,0
CUST_09803,Blue,365,0,107,17-12-2023,Week-51,Q4,2023,1906.0,1271,1343,37,0.667,Swipe ,Food,308.89,0
CUST_09806,Blue,245,1,95,17-12-2023,Week-51,Q4,2023,6451.0,0,2400,43,0.0,Swipe ,Food,360.0,1
CUST_09807,Blue,480,0,89,17-12-2023,Week-51,Q4,2023,2253.0,1667,1641,45,0.74,Swipe ,Entertainment,98.46,1
CUST_09808,Blue,110,1,76,17-12-2023,Week-51,Q4,2023,2329.0,1271,4382,70,0.546,Swipe ,Bills,1270.78,1
CUST_09810,Blue,100,1,52,17-12-2023,Week-51,Q4,2023,8185.0,941,4525,77,0.115,Swipe ,Fuel,678.75,1
CUST_09816,Blue,325,1,66,17-12-2023,Week-51,Q4,2023,10916.0,1536,1592,34,0.141,Swipe ,Bills,398.0,0
CUST_09820,Blue,455,1,106,17-12-2023,Week-51,Q4,2023,2564.0,0,2038,45,0.0,Swipe ,Bills,550.26,0
CUST_09827,Gold,150,1,111,17-12-2023,Week-51,Q4,2023,3771.0,0,14662,125,0.0,Chip ,Travel,4251.98,0
CUST_09832,Blue,455,0,84,17-12-2023,Week-51,Q4,2023,1569.0,909,2169,48,0.579,Swipe ,Bills,303.66,0
CUST_09836,Blue,175,1,96,17-12-2023,Week-51,Q4,2023,3436.0,1650,1972,37,0.48,Swipe ,Grocery,315.52,0
CUST_09838,Blue,245,1,107,17-12-2023,Week-51,Q4,2023,9797.0,998,15013,116,0.102,Chip ,Travel,1651.43,0
CUST_09840,Blue,175,1,57,17-12-2023,Week-51,Q4,2023,10378.0,1540,1306,32,0.148,Swipe ,Bills,169.78,0
CUST_09841,Blue,470,1,94,17-12-2023,Week-51,Q4,2023,1530.0,0,5138,84,0.0,Swipe ,Food,1233.12,0
CUST_09844,Blue,150,1,86,17-12-2023,Week-51,Q4,2023,21620.0,2008,1300,33,0.093,Swipe ,Travel,78.0,0
CUST_09852,Blue,200,1,120,17-12-2023,Week-51,Q4,2023,17887.0,1821,14544,116,0.102,Swipe ,Bills,2181.6,0
CUST_09853,Blue,200,0,74,17-12-2023,Week-51,Q4,2023,2802.0,2219,5924,88,0.792,Swipe ,Food,651.64,0
CUST_09860,Blue,465,1,96,17-12-2023,Week-51,Q4,2023,5666.0,2386,1981,42,0.421,Swipe ,Bills,376.39,0
CUST_09869,Blue,245,1,161,17-12-2023,Week-51,Q4,2023,5379.0,962,1778,40,0.179,Swipe ,Grocery,391.16,0
CUST_09870,Blue,125,0,112,17-12-2023,Week-51,Q4,2023,34516.0,1466,7223,87,0.042,Swipe ,Entertainment,1444.6,0
CUST_09872,Blue,325,1,134,17-12-2023,Week-51,Q4,2023,3017.0,1868,2096,50,0.619,Swipe ,Grocery,586.88,0
CUST_09878,Blue,290,1,103,17-12-2023,Week-51,Q4,2023,7064.0,1234,13791,103,0.175,Online ,Food,3999.39,0
CUST_09879,Blue,345,0,88,17-12-2023,Week-51,Q4,2023,4139.0,0,2232,41,0.0,Chip ,Grocery,200.88,0
CUST_09890,Silver,375,1,93,17-12-2023,Week-51,Q4,2023,10677.0,0,8637,94,0.0,Swipe ,Food,690.96,0
CUST_09891,Silver,405,0,89,17-12-2023,Week-51,Q4,2023,18524.0,1736,4496,64,0.094,Chip ,Entertainment,1303.84,0
CUST_09892,Blue,200,1,68,17-12-2023,Week-51,Q4,2023,24407.0,2395,2311,48,0.098,Swipe ,Bills,277.32,0
CUST_09893,Blue,125,0,106,17-12-2023,Week-51,Q4,2023,1438.3,604,4469,85,0.42,Chip ,Entertainment,312.83,0
CUST_09896,Blue,440,1,148,17-12-2023,Week-51,Q4,2023,1603.0,0,4041,66,0.0,Swipe ,Grocery,525.33,0
CUST_09898,Blue,125,1,172,17-12-2023,Week-51,Q4,2023,2552.0,1879,4153,79,0.736,Swipe ,Bills,622.95,0
CUST_09903,Blue,110,1,97,17-12-2023,Week-51,Q4,2023,1438.3,771,5053,74,0.536,Swipe ,Bills,707.42,0
CUST_09905,Blue,325,1,72,17-12-2023,Week-51,Q4,2023,8532.0,2165,3242,63,0.254,Swipe ,Fuel,907.76,0
CUST_09906,Blue,295,1,71,17-12-2023,Week-51,Q4,2023,3685.0,0,4012,59,0.0,Chip ,Food,682.04,0
CUST_09908,Blue,250,0,75,17-12-2023,Week-51,Q4,2023,1529.0,710,4751,81,0.464,Swipe ,Food,855.18,0
CUST_09910,Blue,390,1,61,17-12-2023,Week-51,Q4,2023,9235.0,1796,1739,42,0.194,Swipe ,Bills,295.63,0
CUST_09920,Blue,300,1,67,17-12-2023,Week-51,Q4,2023,2777.0,2118,4442,64,0.763,Chip ,Bills,621.88,0
CUST_09933,Blue,175,1,57,17-12-2023,Week-51,Q4,2023,3172.0,2055,1939,36,0.648,Swipe ,Travel,310.24,0
CUST_09934,Blue,250,0,121,17-12-2023,Week-51,Q4,2023,1438.3,0,815,21,0.0,Swipe ,Travel,179.3,0
CUST_09935,Blue,400,1,134,17-12-2023,Week-51,Q4,2023,11946.0,1172,4862,77,0.098,Swipe ,Grocery,875.16,0
CUST_09936,Blue,440,0,64,17-12-2023,Week-51,Q4,2023,19272.0,1519,3398,67,0.079,Online ,Grocery,781.54,0
CUST_09939,Silver,175,0,92,17-12-2023,Week-51,Q4,2023,12609.0,2517,2121,49,0.2,Swipe ,Entertainment,318.15,0
CUST_09941,Blue,175,1,86,17-12-2023,Week-51,Q4,2023,1486.0,0,4535,82,0.0,Swipe ,Entertainment,1088.4,0
CUST_09953,Blue,435,0,120,24-12-2023,Week-52,Q4,2023,7118.0,813,3964,66,0.114,Swipe ,Bills,832.44,0
CUST_09957,Blue,125,1,90,24-12-2023,Week-52,Q4,2023,4453.0,973,3239,66,0.219,Swipe ,Fuel,259.12,0
CUST_09958,Blue,435,1,110,24-12-2023,Week-52,Q4,2023,8376.0,1219,4015,77,0.146,Swipe ,Fuel,963.6,0
CUST_09963,Blue,385,1,115,24-12-2023,Week-52,Q4,2023,3174.0,2084,4508,83,0.657,Online ,Grocery,315.56,0
CUST_09966,Blue,125,1,68,24-12-2023,Week-52,Q4,2023,5585.0,1465,1787,31,0.262,Swipe ,Bills,160.83,0
CUST_09968,Blue,490,1,89,24-12-2023,Week-52,Q4,2023,1766.0,0,4643,76,0.0,Swipe ,Entertainment,975.03,0
CUST_09970,Blue,270,1,65,24-12-2023,Week-52,Q4,2023,6441.0,2151,7123,94,0.334,Swipe ,Grocery,569.84,0
CUST_09977,Blue,480,1,94,24-12-2023,Week-52,Q4,2023,1438.3,0,4625,93,0.0,Swipe ,Bills,693.75,0
CUST_09978,Blue,300,1,112,24-12-2023,Week-52,Q4,2023,1438.3,1169,4429,78,0.813,Swipe ,Food,575.77,0
CUST_09979,Blue,150,0,61,24-12-2023,Week-52,Q4,2023,2230.0,1716,4027,75,0.77,Chip ,Food,1087.29,0
CUST_09980,Blue,420,1,74,24-12-2023,Week-52,Q4,2023,7410.0,2517,2398,37,0.34,Swipe ,Bills,143.88,0
CUST_09981,Blue,460,1,104,24-12-2023,Week-52,Q4,2023,1438.3,0,4528,83,0.0,Swipe ,Bills,407.52,0
CUST_09983,Blue,175,1,77,24-12-2023,Week-52,Q4,2023,9227.0,938,3948,74,0.102,Swipe ,Grocery,1065.96,0
CUST_09985,Blue,175,0,89,24-12-2023,Week-52,Q4,2023,2444.0,0,4220,50,0.0,Swipe ,Entertainment,1012.8,0
CUST_09987,Blue,330,0,112,24-12-2023,Week-52,Q4,2023,5182.0,1459,7960,112,0.282,Swipe ,Bills,1194.0,0
CUST_09993,Silver,245,1,50,24-12-2023,Week-52,Q4,2023,34516.0,1473,4254,73,0.043,Chip ,Bills,382.86,0
CUST_09994,Blue,380,1,100,24-12-2023,Week-52,Q4,2023,2981.0,757,4824,76,0.254,Swipe ,Entertainment,337.68,0
CUST_09996,Blue,125,1,123,24-12-2023,Week-52,Q4,2023,3861.0,622,4816,81,0.161,Swipe ,Entertainment,577.92,0
CUST_09998,Blue,150,0,119,24-12-2023,Week-52,Q4,2023,2122.0,1101,7404,103,0.519,Swipe ,Bills,1554.84,0
CUST_10000,Blue,285,1,110,24-12-2023,Week-52,Q4,2023,6710.0,1942,1727,37,0.289,Swipe ,Entertainment,345.4,0
CUST_10001,Blue,460,1,117,24-12-2023,Week-52,Q4,2023,20974.0,0,1246,27,0.0,Chip ,Grocery,211.82,0
CUST_10002,Silver,100,0,78,24-12-2023,Week-52,Q4,2023,34516.0,1987,16177,122,0.058,Online ,Travel,4691.33,0
CUST_10004,Blue,435,0,85,24-12-2023,Week-52,Q4,2023,18713.0,1022,1524,42,0.055,Swipe ,Grocery,411.48,0
CUST_10006,Blue,410,1,112,24-12-2023,Week-52,Q4,2023,3161.0,2424,4307,66,0.767,Chip ,Travel,818.33,0
CUST_10008,Blue,175,1,77,24-12-2023,Week-52,Q4,2023,3647.0,1480,2271,60,0.406,Swipe ,Grocery,317.94,0
CUST_10011,Blue,110,1,94,24-12-2023,Week-52,Q4,2023,8886.0,0,4148,79,0.0,Swipe ,Entertainment,497.76,0
CUST_10016,Blue,370,1,65,24-12-2023,Week-52,Q4,2023,3049.0,1151,4027,76,0.378,Swipe ,Entertainment,966.48,0
CUST_10017,Blue,110,1,58,24-12-2023,Week-52,Q4,2023,10239.0,510,1228,26,0.05,Swipe ,Entertainment,98.24,0
CUST_10025,Blue,300,0,83,24-12-2023,Week-52,Q4,2023,7212.0,1008,5169,82,0.14,Swipe ,Entertainment,1292.25,0
CUST_10028,Blue,280,0,83,24-12-2023,Week-52,Q4,2023,6519.0,1525,4495,81,0.234,Swipe ,Food,809.1,0
CUST_10029,Blue,150,0,78,24-12-2023,Week-52,Q4,2023,2041.0,1885,2118,48,0.924,Swipe ,Bills,614.22,0
CUST_10030,Gold,275,1,68,24-12-2023,Week-52,Q4,2023,34516.0,913,7711,80,0.026,Swipe ,Bills,2081.97,0
CUST_10031,Blue,250,0,142,24-12-2023,Week-52,Q4,2023,14699.0,1049,4890,64,0.071,Swipe ,Fuel,1124.7,0
CUST_10032,Blue,225,0,88,24-12-2023,Week-52,Q4,2023,3069.0,2517,4512,83,0.82,Swipe ,Entertainment,902.4,0
CUST_10043,Blue,495,1,50,24-12-2023,Week-52,Q4,2023,31680.0,1812,1121,25,0.057,Swipe ,Fuel,134.52,0
CUST_10047,Blue,100,1,87,24-12-2023,Week-52,Q4,2023,1757.0,1307,4750,72,0.744,Chip ,Grocery,1187.5,0
CUST_10048,Silver,470,0,85,24-12-2023,Week-52,Q4,2023,34516.0,0,7661,79,0.0,Chip ,Food,612.88,0
CUST_10050,Blue,175,0,80,24-12-2023,Week-52,Q4,2023,10600.0,598,4586,81,0.056,Chip ,Fuel,1192.36,0
CUST_10053,Blue,450,1,84,24-12-2023,Week-52,Q4,2023,4798.0,1017,4225,79,0.212,Swipe ,Fuel,887.25,0
CUST_10055,Blue,430,1,71,24-12-2023,Week-52,Q4,2023,1438.3,0,1843,44,0.0,Swipe ,Food,313.31,0
CUST_10056,Silver,200,1,91,24-12-2023,Week-52,Q4,2023,34516.0,2273,8502,103,0.066,Swipe ,Fuel,765.18,0
CUST_10058,Blue,220,1,112,24-12-2023,Week-52,Q4,2023,6967.0,1767,1919,38,0.254,Swipe ,Fuel,402.99,0
CUST_10065,Blue,250,1,147,24-12-2023,Week-52,Q4,2023,5965.0,622,4637,91,0.104,Swipe ,Fuel,695.55,0
CUST_10068,Blue,200,1,65,24-12-2023,Week-52,Q4,2023,16105.0,724,4631,76,0.045,Swipe ,Grocery,879.89,0
CUST_10070,Blue,345,1,85,24-12-2023,Week-52,Q4,2023,11976.0,1273,2089,36,0.106,Swipe ,Entertainment,167.12,0
CUST_10072,Blue,300,0,162,24-12-2023,Week-52,Q4,2023,15008.0,0,3943,85,0.0,Swipe ,Grocery,906.89,0
CUST_10073,Blue,110,1,47,24-12-2023,Week-52,Q4,2023,3029.0,2214,4750,89,0.731,Swipe ,Travel,1330.0,0
CUST_10074,Blue,225,1,114,24-12-2023,Week-52,Q4,2023,2213.0,829,4210,84,0.375,Swipe ,Entertainment,631.5,0
CUST_10083,Blue,270,0,162,24-12-2023,Week-52,Q4,2023,11634.0,0,4447,74,0.0,Swipe ,Entertainment,755.99,0
CUST_10086,Blue,110,1,106,24-12-2023,Week-52,Q4,2023,9431.0,1785,14261,99,0.189,Swipe ,Travel,3422.64,0
CUST_10094,Blue,425,1,145,24-12-2023,Week-52,Q4,2023,8111.0,2051,3719,69,0.253,Swipe ,Food,595.04,0
CUST_10098,Blue,195,1,84,24-12-2023,Week-52,Q4,2023,2165.0,1465,3672,64,0.677,Chip ,Grocery,991.44,0
CUST_10102,Gold,95,0,106,24-12-2023,Week-52,Q4,2023,4107.0,2517,16027,112,0.613,Chip ,Grocery,4487.56,0
CUST_10105,Blue,395,1,104,24-12-2023,Week-52,Q4,2023,13426.0,0,4674,66,0.0,Swipe ,Grocery,607.62,0
CUST_10107,Blue,410,0,96,24-12-2023,Week-52,Q4,2023,6648.0,2242,2089,60,0.337,Swipe ,Bills,146.23,0
CUST_10108,Blue,100,0,43,24-12-2023,Week-52,Q4,2023,2062.0,1302,3785,63,0.631,Chip ,Bills,1059.8,0
